lm0_x,lm0_y,lm0_z,lm1_x,lm1_y,lm1_z,lm2_x,lm2_y,lm2_z,lm3_x,lm3_y,lm3_z,lm4_x,lm4_y,lm4_z,lm5_x,lm5_y,lm5_z,lm6_x,lm6_y,lm6_z,lm7_x,lm7_y,lm7_z,lm8_x,lm8_y,lm8_z,lm9_x,lm9_y,lm9_z,lm10_x,lm10_y,lm10_z,lm11_x,lm11_y,lm11_z,lm12_x,lm12_y,lm12_z,label
0.5061654448509216,0.5035471320152283,-1.252542495727539,0.5328032374382019,0.42505398392677307,-1.185856819152832,0.5498095750808716,0.4267435669898987,-1.1858700513839722,0.5667730569839478,0.42899802327156067,-1.1861354112625122,0.4747461676597595,0.4207088053226471,-1.1918212175369263,0.4540864825248718,0.418957382440567,-1.1908817291259766,0.4342115521430969,0.41851603984832764,-1.1912779808044434,0.5906795263290405,0.46058064699172974,-0.6969620585441589,0.4000473916530609,0.4556223154067993,-0.7044040560722351,0.539932906627655,0.5774346590042114,-1.064656138420105,0.4611758291721344,0.5797010064125061,-1.0664504766464233,0.7741327881813049,0.8636534810066223,-0.3403128385543823,0.2196088582277298,0.8438771367073059,-0.488403856754303,0.8893340826034546,1.339235544204712,-0.2445632964372635,0.050534896552562714,1.2999858856201172,-0.4988332688808441,0.9030128717422485,1.7226672172546387,-0.6857936978340149,0.061402641236782074,1.6764107942581177,-1.1133177280426025,0.9434369802474976,1.8516478538513184,-0.8139966130256653,0.02938171662390232,1.810778021812439,-1.28568696975708,0.8911246061325073,1.857576608657837,-0.9116946458816528,0.09653642773628235,1.8110873699188232,-1.3896795511245728,0.8636916875839233,1.8046289682388306,-0.7533185482025146,0.1175951361656189,1.7579071521759033,-1.1798795461654663,0.6633845567703247,1.7732183933258057,-0.051677774637937546,0.30586543679237366,1.7693158388137817,0.058689869940280914,0.6433719396591187,2.5199942588806152,0.03485957533121109,0.30368608236312866,2.523169755935669,0.0991865023970604,0.6443355083465576,3.193934917449951,0.8824194669723511,0.3156595826148987,3.195056676864624,0.7026525735855103,0.6500636339187622,3.3135359287261963,0.9224664568901062,0.3127811551094055,3.314898729324341,0.7367808222770691,0.5967806577682495,3.4102489948272705,0.12522587180137634,0.37005525827407837,3.4049460887908936,-0.08433861285448074,good
0.41496849060058594,0.47952744364738464,-0.7873095870018005,0.45404133200645447,0.4101828634738922,-0.7457084059715271,0.4747247099876404,0.4120504558086395,-0.745570719242096,0.4963963031768799,0.4145403504371643,-0.7457016706466675,0.406533420085907,0.406655490398407,-0.7257578372955322,0.3948976993560791,0.406095027923584,-0.7247151136398315,0.38460487127304077,0.4060545265674591,-0.7251831889152527,0.5431903600692749,0.44837048649787903,-0.4460011422634125,0.38922518491744995,0.4421152174472809,-0.33493831753730774,0.46003007888793945,0.554536759853363,-0.6759554147720337,0.396781861782074,0.5513557195663452,-0.6439303159713745,0.7258817553520203,0.8247508406639099,-0.3039916753768921,0.23276028037071228,0.7963789701461792,-0.25951364636421204,0.8499903678894043,1.2142220735549927,-0.37042707204818726,0.047690682113170624,1.0329604148864746,-0.316631942987442,0.8559859991073608,1.554190993309021,-0.6158627867698669,-0.08364163339138031,1.4634387493133545,-0.7894141674041748,0.8928227424621582,1.676268219947815,-0.6969386339187622,-0.14598357677459717,1.581518292427063,-0.9027477502822876,0.8342865705490112,1.6837785243988037,-0.748458981513977,-0.08932049572467804,1.6003931760787964,-0.9849669337272644,0.8129212260246277,1.6378575563430786,-0.656731367111206,-0.05900957062840462,1.5615869760513306,-0.8491897583007812,0.6186000108718872,1.6304175853729248,-0.06474705040454865,0.3081636130809784,1.6213370561599731,0.0712767019867897,0.6001847386360168,2.3132083415985107,-0.18891236186027527,0.29798048734664917,2.295581340789795,0.07728597521781921,0.6077079176902771,2.9271557331085205,0.3730120360851288,0.3067190945148468,2.90871000289917,0.3698171079158783,0.6225968599319458,3.0308709144592285,0.39487773180007935,0.3031568229198456,3.0099852085113525,0.380769282579422,0.538422167301178,3.105013608932495,-0.2250952273607254,0.3412334620952606,3.0947723388671875,-0.2500355839729309,good
0.5983396172523499,0.48945966362953186,-1.0820527076721191,0.5940750241279602,0.4230026602745056,-0.9888488054275513,0.5992149114608765,0.42348235845565796,-0.9890444874763489,0.6034156084060669,0.4237026274204254,-0.9893908500671387,0.5621349215507507,0.4186824560165405,-1.0649588108062744,0.5436541438102722,0.41709911823272705,-1.0647345781326294,0.5233655571937561,0.4161764085292816,-1.0653431415557861,0.5614601969718933,0.4477255940437317,-0.4769722521305084,0.4528319239616394,0.44671186804771423,-0.8103677034378052,0.5931193232536316,0.5590316653251648,-0.8865082859992981,0.5568566918373108,0.5607115030288696,-0.9813410639762878,0.7033593654632568,0.8218888640403748,-0.15261529386043549,0.22991999983787537,0.7936035990715027,-0.6755031943321228,0.816737174987793,1.2035425901412964,-0.002217784756794572,0.0196240171790123,1.0622800588607788,-0.7194283604621887,0.86213618516922,1.5683201551437378,-0.46373334527015686,-0.052027396857738495,1.5301849842071533,-1.1513558626174927,0.9024021029472351,1.6883070468902588,-0.5582505464553833,-0.08945543318986893,1.6425156593322754,-1.2958251237869263,0.8659400939941406,1.6991959810256958,-0.6808808445930481,-0.03680955618619919,1.6577974557876587,-1.397754430770874,0.83885657787323,1.6615431308746338,-0.5379512310028076,-0.019187744706869125,1.6180801391601562,-1.209517240524292,0.6041170358657837,1.6635884046554565,0.05965493246912956,0.2944369614124298,1.6728144884109497,-0.054795973002910614,0.6050887107849121,2.3701040744781494,0.11215386539697647,0.32390549778938293,2.3837966918945312,-0.05762766674160957,0.6112304329872131,3.0308620929718018,0.9025048017501831,0.33379048109054565,3.0313267707824707,0.4993046224117279,0.6072856783866882,3.1399009227752686,0.9377433657646179,0.31189876794815063,3.138606548309326,0.5254226922988892,0.6253455877304077,3.209774971008301,0.2733725905418396,0.42018923163414,3.2094457149505615,-0.2519611716270447,good
0.4920099377632141,0.4898826777935028,-1.0753300189971924,0.5173231363296509,0.4240564703941345,-1.0017640590667725,0.5334367752075195,0.42689192295074463,-1.0017627477645874,0.5493879318237305,0.42992398142814636,-1.0018166303634644,0.46334561705589294,0.41747161746025085,-1.0174949169158936,0.44286680221557617,0.41650155186653137,-1.0167206525802612,0.42282208800315857,0.41675129532814026,-1.0171332359313965,0.5688149929046631,0.45660513639450073,-0.5388281941413879,0.3881438076496124,0.4494215250015259,-0.5898382663726807,0.5215169787406921,0.5640221834182739,-0.9016138315200806,0.45194679498672485,0.5588706731796265,-0.9166780710220337,0.7082417607307434,0.82026606798172,-0.22543828189373016,0.22757017612457275,0.7934461236000061,-0.39016085863113403,0.8442583084106445,1.15937340259552,-0.25324124097824097,0.037406183779239655,1.0562646389007568,-0.5170126557350159,0.8556214570999146,1.4911751747131348,-0.670050859451294,-0.051695745438337326,1.4825615882873535,-1.1527618169784546,0.8858027458190918,1.6019439697265625,-0.7704066038131714,-0.09249363839626312,1.5904908180236816,-1.307861566543579,0.840479850769043,1.6049989461898804,-0.8542329668998718,-0.038313500583171844,1.5912818908691406,-1.3842145204544067,0.8171048164367676,1.5690433979034424,-0.7293491959571838,-0.01361750066280365,1.5522674322128296,-1.2111338376998901,0.6212907433509827,1.6377485990524292,-0.033801332116127014,0.2966918349266052,1.6397452354431152,0.040495775640010834,0.6205418705940247,2.335113763809204,-0.13412274420261383,0.31355413794517517,2.3345766067504883,-0.1303698569536209,0.6346952319145203,2.967655897140503,0.4751199781894684,0.33216390013694763,2.959552049636841,0.23557797074317932,0.6440342664718628,3.071707010269165,0.49350157380104065,0.32980042695999146,3.0639796257019043,0.2465665340423584,0.5826051831245422,3.1563937664031982,-0.19820711016654968,0.37615254521369934,3.1476528644561768,-0.48756343126296997,good
0.6687424182891846,0.5080534815788269,-0.6249996423721313,0.6558190584182739,0.44227537512779236,-0.5617107152938843,0.6540153622627258,0.441282719373703,-0.5613831281661987,0.6511322855949402,0.44042494893074036,-0.5615559816360474,0.6404063105583191,0.4387933611869812,-0.6707690954208374,0.6273910999298096,0.4353000521659851,-0.6704055070877075,0.6112438440322876,0.4322414994239807,-0.6709535717964172,0.5767518877983093,0.45455101132392883,-0.2430054396390915,0.5252880454063416,0.4497583210468292,-0.7221676707267761,0.6463121175765991,0.5742756724357605,-0.5053543448448181,0.6252740621566772,0.5748037695884705,-0.6446143388748169,0.6867634654045105,0.8367947340011597,-0.06108827143907547,0.23092341423034668,0.7789379954338074,-0.7336689233779907,0.8008009791374207,1.270623803138733,0.127512127161026,0.0006467757048085332,1.2155126333236694,-0.781722903251648,0.8442801237106323,1.6312148571014404,-0.08026711642742157,-0.019003290683031082,1.6046046018600464,-0.9068206548690796,0.9129422903060913,1.744692325592041,-0.13236068189144135,-0.056412018835544586,1.7235819101333618,-0.9855738878250122,0.8767633438110352,1.7517204284667969,-0.22686076164245605,-0.004515822511166334,1.7386888265609741,-1.0719225406646729,0.8468791246414185,1.7263785600662231,-0.14289161562919617,0.01347852312028408,1.7024461030960083,-0.9520045518875122,0.5895872116088867,1.6791268587112427,0.09801551699638367,0.28270047903060913,1.6929543018341064,-0.0929260328412056,0.5762666463851929,2.3930470943450928,0.1261943131685257,0.3003101646900177,2.413088321685791,-0.14659973978996277,0.5681694746017456,3.0640368461608887,0.7074506282806396,0.28599613904953003,3.0678765773773193,0.205763578414917,0.5531073212623596,3.170607328414917,0.7283833026885986,0.2542963922023773,3.1744894981384277,0.2175048291683197,0.6156026124954224,3.239741325378418,0.21995845437049866,0.3900831639766693,3.2333264350891113,-0.42586079239845276,good
0.30559131503105164,0.478831022977829,-0.5873441100120544,0.3429204225540161,0.41455432772636414,-0.6086249947547913,0.35775259137153625,0.412956565618515,-0.6084626913070679,0.37310969829559326,0.41185569763183594,-0.6084940433502197,0.3172757625579834,0.4192565679550171,-0.5223567485809326,0.3138177990913391,0.420445054769516,-0.5215024948120117,0.31033995747566223,0.4209800958633423,-0.5220550298690796,0.4603427052497864,0.4470633566379547,-0.541089653968811,0.37399014830589294,0.450692355632782,-0.12882724404335022,0.35337820649147034,0.5417991876602173,-0.5570229887962341,0.32161325216293335,0.5459936857223511,-0.43863874673843384,0.7356989979743958,0.8043744564056396,-0.45387381315231323,0.2519065737724304,0.8372213840484619,-0.07723633944988251,0.8794757127761841,1.2277426719665527,-0.5511646866798401,0.09164903312921524,1.2357221841812134,-0.0884426087141037,0.9016754031181335,1.5900312662124634,-0.6826982498168945,0.0719756931066513,1.5435596704483032,-0.6235936880111694,0.9463046193122864,1.7006839513778687,-0.7562320232391357,0.03765441104769707,1.649941325187683,-0.7405601739883423,0.8975334167480469,1.7148693799972534,-0.8172227740287781,0.08693785965442657,1.6395944356918335,-0.7975488901138306,0.870733916759491,1.676298975944519,-0.7211403250694275,0.10874330997467041,1.603804349899292,-0.6747864484786987,0.6614956259727478,1.6816387176513672,-0.1448606699705124,0.343373566865921,1.6808665990829468,0.15181365609169006,0.6449300646781921,2.4028327465057373,-0.3857435882091522,0.3366243243217468,2.3922784328460693,0.006740975193679333,0.6666785478591919,3.0765650272369385,0.05841042846441269,0.3517541289329529,3.0568037033081055,0.17451192438602448,0.6889935731887817,3.1889700889587402,0.06419837474822998,0.3545340299606323,3.1617002487182617,0.16992899775505066,0.5814411044120789,3.2572169303894043,-0.6128596067428589,0.36447232961654663,3.2586793899536133,-0.4779249131679535,good
0.45676708221435547,0.46273210644721985,-0.9198160171508789,0.48683062195777893,0.39926937222480774,-0.8594091534614563,0.5043067932128906,0.4024428129196167,-0.8592863082885742,0.5193907618522644,0.40615275502204895,-0.8592650294303894,0.43432945013046265,0.3968530595302582,-0.8550679087638855,0.4161222577095032,0.398154079914093,-0.8541762232780457,0.3992249369621277,0.4003978669643402,-0.854577362537384,0.5469735860824585,0.4469244182109833,-0.48350757360458374,0.3817714750766754,0.4392831027507782,-0.4485517144203186,0.4943076968193054,0.5355505347251892,-0.7832962870597839,0.4227263927459717,0.5335403680801392,-0.7731306552886963,0.7116508483886719,0.8163502216339111,-0.2563883662223816,0.23891153931617737,0.7966320514678955,-0.3007124960422516,0.8548634648323059,1.1896110773086548,-0.3840465545654297,0.09141992032527924,1.068413257598877,-0.47769540548324585,0.8429470062255859,1.4863001108169556,-0.7919219732284546,0.03117065131664276,1.4532426595687866,-1.1177518367767334,0.8721863627433777,1.592013955116272,-0.9136441349983215,-0.003772041527554393,1.5564141273498535,-1.2762564420700073,0.8188110589981079,1.5850865840911865,-0.9768081903457642,0.05220525711774826,1.5472882986068726,-1.3588950634002686,0.797249436378479,1.5501341819763184,-0.842083752155304,0.07345353066921234,1.5137481689453125,-1.1786682605743408,0.6175345182418823,1.6204718351364136,-0.04377179965376854,0.3076912760734558,1.6364684104919434,0.05007018893957138,0.6101522445678711,2.290107011795044,-0.1811814159154892,0.31258994340896606,2.2856101989746094,-0.09986112266778946,0.617249608039856,2.9050559997558594,0.29240426421165466,0.3160751163959503,2.898494005203247,0.13267306983470917,0.626100480556488,3.004931688308716,0.3002992272377014,0.31219443678855896,2.9987685680389404,0.1325199455022812,0.5606182217597961,3.0906143188476562,-0.33952251076698303,0.3542701005935669,3.081615924835205,-0.5284690260887146,good
0.5327498316764832,0.4818282127380371,-1.3245586156845093,0.5624123215675354,0.39711639285087585,-1.241257905960083,0.5820547938346863,0.40100136399269104,-1.2417371273040771,0.601394534111023,0.40505683422088623,-1.2418897151947021,0.4991361200809479,0.389203816652298,-1.2425636053085327,0.47425326704978943,0.38825729489326477,-1.2417861223220825,0.4517083764076233,0.38780027627944946,-1.241999626159668,0.6285561323165894,0.4370681941509247,-0.6704234480857849,0.4085422456264496,0.42430296540260315,-0.6641892194747925,0.5628309845924377,0.5681017637252808,-1.1112003326416016,0.4848955571651459,0.5610567331314087,-1.1099945306777954,0.7873470783233643,0.8484141230583191,-0.4097520709037781,0.24535438418388367,0.8331146836280823,-0.3841734826564789,0.8862212896347046,1.3052384853363037,-0.6242887377738953,0.1374877542257309,1.2939660549163818,-0.9353421330451965,0.8423418998718262,1.6494513750076294,-1.2918431758880615,0.22902889549732208,1.216260313987732,-2.2399661540985107,0.8567147254943848,1.785179853439331,-1.4804036617279053,0.24263043701648712,1.219109058380127,-2.5124616622924805,0.7972016334533691,1.744173288345337,-1.5488359928131104,0.2661774754524231,1.1360068321228027,-2.53747296333313,0.7799267768859863,1.6951143741607666,-1.3454134464263916,0.2765752971172333,1.1510783433914185,-2.2911441326141357,0.695254385471344,1.7625151872634888,-0.08619026839733124,0.3442001938819885,1.7639182806015015,0.09203647822141647,0.6804047226905823,2.5290310382843018,-0.08040834963321686,0.3542833924293518,2.5172834396362305,0.09862837195396423,0.676349937915802,3.225982666015625,0.6969980001449585,0.3633592426776886,3.2030584812164307,0.6579548120498657,0.6821790337562561,3.333016872406006,0.7230268716812134,0.3599908649921417,3.3084821701049805,0.6879576444625854,0.6210241913795471,3.4399590492248535,-0.0954020768404007,0.39757058024406433,3.414990186691284,-0.16455978155136108,good
0.5351245403289795,0.46421316266059875,-0.7946793437004089,0.5710425972938538,0.4048999547958374,-0.7378915548324585,0.5902560949325562,0.4150940179824829,-0.7376922369003296,0.6081153750419617,0.4259890019893646,-0.7377156019210815,0.5224632620811462,0.38137051463127136,-0.7439950108528137,0.5026968717575073,0.375150203704834,-0.7431190013885498,0.48429521918296814,0.3707658052444458,-0.743423342704773,0.6328817009925842,0.4634212851524353,-0.39626792073249817,0.4442729949951172,0.4023076593875885,-0.41172561049461365,0.5539020895957947,0.5472437739372253,-0.6692298650741577,0.4844788908958435,0.5239774584770203,-0.673994243144989,0.7410300970077515,0.8335434198379517,-0.2462572306394577,0.24531081318855286,0.7828010320663452,-0.31988048553466797,0.849621593952179,1.274609088897705,-0.2813207805156708,0.13494664430618286,1.2004411220550537,-0.392564058303833,0.8287496566772461,1.6013036966323853,-0.5880641341209412,0.09728827327489853,1.5490847826004028,-0.9468924403190613,0.8536701202392578,1.71685791015625,-0.6988049745559692,0.047133274376392365,1.6648080348968506,-1.0801130533218384,0.7992375493049622,1.702375888824463,-0.746871292591095,0.1027548685669899,1.6596753597259521,-1.1586625576019287,0.7791281938552856,1.6562711000442505,-0.6292042136192322,0.13488616049289703,1.6161472797393799,-1.0018975734710693,0.6342431306838989,1.6407848596572876,-0.04189570993185043,0.31587332487106323,1.6301403045654297,0.04802286997437477,0.6136394739151001,2.3201181888580322,-0.03284616023302078,0.3180021047592163,2.3087384700775146,0.06744159758090973,0.602979302406311,2.9345898628234863,0.5545570850372314,0.31848201155662537,2.907649040222168,0.42532920837402344,0.6066664457321167,3.0353856086730957,0.5784835815429688,0.30945757031440735,3.0066957473754883,0.44265612959861755,0.5586015582084656,3.123704433441162,0.016245383769273758,0.3644431233406067,3.0931594371795654,-0.1689763367176056,good
0.4547423720359802,0.4528979957103729,-0.8759130239486694,0.46667203307151794,0.3795815706253052,-0.8181111216545105,0.4841643273830414,0.37606558203697205,-0.8182277679443359,0.5005348920822144,0.37286505103111267,-0.8183692693710327,0.41544309258461,0.3935888111591339,-0.817454993724823,0.39684969186782837,0.4020744562149048,-0.8166607022285461,0.3802212178707123,0.4111911654472351,-0.8170427083969116,0.5236572623252869,0.4034075438976288,-0.45729750394821167,0.35937148332595825,0.45932963490486145,-0.4264170229434967,0.5018364191055298,0.518240749835968,-0.7409414052963257,0.4311777651309967,0.5312517285346985,-0.7327450513839722,0.7340291142463684,0.8121165633201599,-0.2620670795440674,0.24342882633209229,0.8224990963935852,-0.3635466694831848,0.8475467562675476,1.22846257686615,-0.2878129184246063,0.1375492811203003,1.2762583494186401,-0.4100190997123718,0.8505480885505676,1.5909780263900757,-0.6383222341537476,0.11359377205371857,1.5994666814804077,-0.9625372886657715,0.8932315707206726,1.7036514282226562,-0.7465216517448425,0.07287640124559402,1.71846604347229,-1.1054755449295044,0.8382329940795898,1.709017038345337,-0.8069130182266235,0.12669213116168976,1.7203668355941772,-1.1958469152450562,0.815666675567627,1.660420298576355,-0.6847125291824341,0.1500556468963623,1.6734027862548828,-1.0230543613433838,0.6690129041671753,1.6415355205535889,-0.044052958488464355,0.3441009521484375,1.651798963546753,0.04967671260237694,0.6655049920082092,2.315347194671631,-0.019290504977107048,0.36170798540115356,2.3307740688323975,0.09896166622638702,0.6736000776290894,2.916456937789917,0.6179431676864624,0.3783133625984192,2.925459146499634,0.5075238943099976,0.6853228807449341,3.0180673599243164,0.6454311609268188,0.37764960527420044,3.0267951488494873,0.5310454368591309,0.6242744326591492,3.107640027999878,0.043821580708026886,0.42419371008872986,3.1114046573638916,-0.10936532914638519,good
0.4322265088558197,0.5135059356689453,-1.2702082395553589,0.45973944664001465,0.4453029930591583,-1.1926195621490479,0.4757307171821594,0.4497157633304596,-1.1931471824645996,0.4914579391479492,0.4542432129383087,-1.1931653022766113,0.40926533937454224,0.43223753571510315,-1.194806694984436,0.3904253840446472,0.4282294809818268,-1.1945202350616455,0.372829794883728,0.4245806634426117,-1.1950258016586304,0.5121539831161499,0.48054736852645874,-0.6768808364868164,0.3332408666610718,0.45162448287010193,-0.6826466917991638,0.45733579993247986,0.5843456387519836,-1.0749621391296387,0.39160415530204773,0.5706170201301575,-1.0765658617019653,0.6510082483291626,0.8369478583335876,-0.3837012052536011,0.18289358913898468,0.8312627673149109,-0.35311010479927063,0.7804900407791138,1.2200465202331543,-0.4455146789550781,0.09575194865465164,1.2606955766677856,-0.44763582944869995,0.756492555141449,1.543139934539795,-1.0149208307266235,0.10401034355163574,1.4931724071502686,-1.3466800451278687,0.7741765975952148,1.6637895107269287,-1.1913912296295166,0.08645081520080566,1.5924663543701172,-1.5621649026870728,0.7239547967910767,1.640559434890747,-1.284456491470337,0.1241343766450882,1.555237054824829,-1.665591835975647,0.7042912244796753,1.5965430736541748,-1.0762758255004883,0.1418132334947586,1.517234444618225,-1.421603798866272,0.5701629519462585,1.6712807416915894,-0.07064158469438553,0.26805606484413147,1.6691018342971802,0.07646940648555756,0.5624405145645142,2.3375368118286133,-0.17972926795482635,0.2755342125892639,2.319333791732788,-0.13887403905391693,0.5705709457397461,2.96175217628479,0.3905682861804962,0.28653839230537415,2.935368299484253,0.2530854344367981,0.5766373872756958,3.0643115043640137,0.40484994649887085,0.2850486636161804,3.0375773906707764,0.2655218243598938,0.5235056281089783,3.1473701000213623,-0.3083379864692688,0.32040250301361084,3.113279104232788,-0.4752475321292877,good
0.5144253969192505,0.5155530571937561,-1.1963083744049072,0.5428710579872131,0.45153310894966125,-1.1197744607925415,0.5593240261077881,0.45651620626449585,-1.119982361793518,0.5747876167297363,0.4621163606643677,-1.120045781135559,0.48910221457481384,0.43565770983695984,-1.1316288709640503,0.467538446187973,0.43127530813217163,-1.1310254335403442,0.4485348165035248,0.4282829463481903,-1.1314338445663452,0.5916792154312134,0.48805469274520874,-0.6280965209007263,0.40724557638168335,0.4605140686035156,-0.6635404229164124,0.5386500954627991,0.5882707238197327,-1.0105454921722412,0.46791020035743713,0.575625479221344,-1.0216859579086304,0.726564884185791,0.8438099026679993,-0.3252491056919098,0.24123820662498474,0.8330691456794739,-0.43033337593078613,0.8707854151725769,1.1779643297195435,-0.37532442808151245,0.10476502031087875,1.2346508502960205,-0.6201478242874146,0.8796198964118958,1.5516993999481201,-0.8938495516777039,0.13949152827262878,1.4721314907073975,-1.4273625612258911,0.9067134857177734,1.6728218793869019,-1.0434343814849854,0.127745121717453,1.5606727600097656,-1.6265461444854736,0.8517853021621704,1.667293906211853,-1.1194757223129272,0.1823013573884964,1.5210306644439697,-1.700718879699707,0.8278061151504517,1.624484896659851,-0.95135098695755,0.19510497152805328,1.4897221326828003,-1.4830739498138428,0.6292009353637695,1.6759839057922363,-0.05096128582954407,0.3065788745880127,1.6724858283996582,0.05728800967335701,0.612007737159729,2.3622777462005615,-0.13731825351715088,0.3109837472438812,2.3620855808258057,-0.03520013764500618,0.6122721433639526,2.9915530681610107,0.44390028715133667,0.3139069676399231,2.9830496311187744,0.37982529401779175,0.6178414225578308,3.0976827144622803,0.4598626494407654,0.30841198563575745,3.0877091884613037,0.3988369107246399,0.5590023994445801,3.1807548999786377,-0.25008296966552734,0.3588501811027527,3.1680519580841064,-0.359894335269928,good
0.4824424684047699,0.5065681338310242,-1.1176153421401978,0.5080044865608215,0.43506675958633423,-1.0495715141296387,0.5248337984085083,0.43937990069389343,-1.0496848821640015,0.5412567257881165,0.44384506344795227,-1.0496890544891357,0.45668163895606995,0.42285725474357605,-1.0532373189926147,0.4349231719970703,0.4188452661037445,-1.0523431301116943,0.414745569229126,0.4163993000984192,-1.0525877475738525,0.5577098727226257,0.4738041162490845,-0.5986953973770142,0.36582306027412415,0.44688859581947327,-0.5972250699996948,0.5046147704124451,0.5824795961380005,-0.949678897857666,0.4379027485847473,0.5701132416725159,-0.949726939201355,0.698604941368103,0.8398606777191162,-0.35941582918167114,0.20919013023376465,0.8391412496566772,-0.41573047637939453,0.8374849557876587,1.22153902053833,-0.498359352350235,0.11642340570688248,1.3074055910110474,-0.6102038621902466,0.8492318391799927,1.5681945085525513,-1.080419898033142,0.08774861693382263,1.633387804031372,-1.451857089996338,0.8822911977767944,1.6895073652267456,-1.256809949874878,0.045287732034921646,1.7521815299987793,-1.6714509725570679,0.8267872929573059,1.6885651350021362,-1.3357106447219849,0.10229279845952988,1.7421220541000366,-1.7748361825942993,0.8006677627563477,1.647417664527893,-1.143458604812622,0.13074444234371185,1.69627845287323,-1.526890516281128,0.6224369406700134,1.6863242387771606,-0.05501193925738335,0.30216342210769653,1.6943440437316895,0.06129702180624008,0.6147799491882324,2.377093553543091,-0.11730072647333145,0.31084316968917847,2.385249137878418,0.0200397577136755,0.6236103773117065,3.0100033283233643,0.49246734380722046,0.32825249433517456,3.005284309387207,0.39388805627822876,0.6326971650123596,3.1168296337127686,0.512696385383606,0.32610759139060974,3.110872507095337,0.40607064962387085,0.571278989315033,3.2019431591033936,-0.1661648452281952,0.3720856010913849,3.191485643386841,-0.3168642818927765,good
0.5334965586662292,0.4934455454349518,-0.5089786052703857,0.5309982895851135,0.4294312596321106,-0.441079318523407,0.5358543395996094,0.4292280077934265,-0.4411538541316986,0.540134608745575,0.42899706959724426,-0.4415592551231384,0.5026703476905823,0.4283948540687561,-0.5483590364456177,0.48630619049072266,0.4270000159740448,-0.5483375787734985,0.46736210584640503,0.42555564641952515,-0.5487885475158691,0.4978713095188141,0.44609948992729187,-0.10051286220550537,0.3990865647792816,0.4406144917011261,-0.5718697309494019,0.527718186378479,0.5505732893943787,-0.37725645303726196,0.49806350469589233,0.5520251393318176,-0.5118909478187561,0.46842828392982483,0.7683095932006836,0.22206279635429382,0.219384104013443,0.7823646068572998,-0.7049281597137451,0.478032648563385,1.2232892513275146,0.3789721131324768,-0.007707963697612286,1.2177698612213135,-0.8309177160263062,0.5184548497200012,1.534785509109497,0.2396562546491623,0.06673426181077957,1.6378446817398071,-0.957689642906189,0.5541989207267761,1.6416957378387451,0.20368413627147675,0.04741436615586281,1.7701680660247803,-1.0505433082580566,0.526549220085144,1.6437697410583496,0.12186998128890991,0.1152762770652771,1.7732161283493042,-1.0650893449783325,0.5080999135971069,1.6117147207260132,0.1851394921541214,0.11931321769952774,1.7274755239486694,-0.9696066975593567,0.5075260400772095,1.6312016248703003,0.20857731997966766,0.26841244101524353,1.6726057529449463,-0.2048436850309372,0.552182137966156,2.2991442680358887,0.17874358594417572,0.3343616724014282,2.3657379150390625,-0.23269489407539368,0.5790516138076782,2.919912815093994,0.6274150013923645,0.3367984890937805,2.9795634746551514,0.014636507257819176,0.5593838691711426,3.026263475418091,0.6369541883468628,0.29556483030319214,3.1006109714508057,0.012111510150134563,0.6836684346199036,3.0946197509765625,0.23451390862464905,0.4813431203365326,3.1135804653167725,-0.5498453378677368,good
0.33854687213897705,0.5107280611991882,-0.570411205291748,0.3667844533920288,0.44528743624687195,-0.6014072895050049,0.3812296986579895,0.442269891500473,-0.6016785502433777,0.39840272068977356,0.43964383006095886,-0.6023327112197876,0.33752304315567017,0.45070376992225647,-0.5012946724891663,0.32994964718818665,0.4512785077095032,-0.5004449486732483,0.3224039077758789,0.45189622044563293,-0.5006870627403259,0.46385735273361206,0.4642748534679413,-0.5543312430381775,0.3521636724472046,0.4717757999897003,-0.07509346306324005,0.3733721375465393,0.5626255869865417,-0.5409854650497437,0.33841070532798767,0.5607775449752808,-0.4079674780368805,0.6367614269256592,0.8121384978294373,-0.6564388871192932,0.3299270272254944,0.7862566709518433,0.23526617884635925,0.7821134924888611,1.217095971107483,-0.7489103078842163,0.3355238437652588,1.2175278663635254,0.44502192735671997,0.7449430227279663,1.5947037935256958,-0.6142924427986145,0.2704917788505554,1.4841474294662476,0.0029591070488095284,0.7671975493431091,1.711432933807373,-0.6803969740867615,0.22966769337654114,1.569491982460022,-0.03518703207373619,0.7113561034202576,1.7218259572982788,-0.677426815032959,0.24190779030323029,1.5786643028259277,-0.1425727903842926,0.6972029209136963,1.680862307548523,-0.6145230531692505,0.2660409212112427,1.5444527864456177,-0.06558717042207718,0.5747689604759216,1.5936371088027954,-0.27347123622894287,0.33925947546958923,1.5662198066711426,0.27805256843566895,0.5508760213851929,2.2263331413269043,-0.3614329993724823,0.32796114683151245,2.1830379962921143,0.3900040090084076,0.5386249423027039,2.7938718795776367,0.09912018477916718,0.3125627934932709,2.7446045875549316,0.6870867609977722,0.5618583559989929,2.8897628784179688,0.11401331424713135,0.3162051737308502,2.833627462387085,0.7014375925064087,0.4420314431190491,2.932116985321045,-0.40461644530296326,0.2703494727611542,2.9061248302459717,0.2167704850435257,good
0.5001223683357239,0.2434188276529312,-0.7678000926971436,0.5259246826171875,0.18172134459018707,-0.7120832204818726,0.543117344379425,0.185027077794075,-0.7119478583335876,0.5610217452049255,0.18829308450222015,-0.7123541831970215,0.4718434810638428,0.17796199023723602,-0.7224797010421753,0.45028138160705566,0.1801140308380127,-0.7218919396400452,0.42981234192848206,0.182927668094635,-0.7222482562065125,0.5838788747787476,0.22397905588150024,-0.36589065194129944,0.39058685302734375,0.224946990609169,-0.39932045340538025,0.5268285870552063,0.31831586360931396,-0.6411982774734497,0.45989909768104553,0.3159843981266022,-0.6485129594802856,0.7173171639442444,0.6043768525123596,-0.18954019248485565,0.25714972615242004,0.5979576110839844,-0.37160369753837585,0.8160223960876465,1.0125521421432495,-0.13728295266628265,0.2216717004776001,1.0006617307662964,-0.4074335992336273,0.8958484530448914,1.4172106981277466,-0.37002021074295044,0.2012183964252472,1.4213860034942627,-0.8409167528152466,0.9399188756942749,1.5370986461639404,-0.45405253767967224,0.16517582535743713,1.5367233753204346,-0.9624411463737488,0.8908459544181824,1.5463792085647583,-0.5262406468391418,0.20880255103111267,1.5438745021820068,-1.0563794374465942,0.8641964197158813,1.4994324445724487,-0.4168244004249573,0.23117561638355255,1.497634768486023,-0.8982163667678833,0.6618310809135437,1.4683018922805786,-0.011772709898650646,0.3489138185977936,1.475435495376587,0.016460563987493515,0.6476588249206543,2.175666093826294,0.032448042184114456,0.3499046266078949,2.179591178894043,0.024367066100239754,0.6442898511886597,2.8173768520355225,0.634842038154602,0.3576297163963318,2.8069963455200195,0.3967507481575012,0.6507313251495361,2.9176316261291504,0.6634501218795776,0.35181280970573425,2.906132698059082,0.4148934781551361,0.6037958860397339,3.013947010040283,0.12821859121322632,0.4039580225944519,3.0011258125305176,-0.20074665546417236,good
0.512910008430481,0.25975868105888367,-0.41076555848121643,0.5433157086372375,0.18987298011779785,-0.4831606447696686,0.5540741682052612,0.1881386786699295,-0.48329663276672363,0.5653054118156433,0.1870410144329071,-0.4846819341182709,0.5309987664222717,0.1898941695690155,-0.330409973859787,0.5322545766830444,0.1878921538591385,-0.32994893193244934,0.5336891412734985,0.18624642491340637,-0.33051416277885437,0.6385753154754639,0.20775680243968964,-0.6657267808914185,0.5968818068504333,0.20864622294902802,0.06626220047473907,0.5557721257209778,0.31599533557891846,-0.4608951508998871,0.5402563810348511,0.3165785074234009,-0.2512582838535309,0.8283481597900391,0.5847140550613403,-0.9250130653381348,0.6130915880203247,0.5891724228858948,0.40861254930496216,1.0044015645980835,1.1549134254455566,-1.1379244327545166,0.6149666905403137,1.0715346336364746,0.6076894402503967,0.9479656219482422,1.637750506401062,-1.022087812423706,0.47916358709335327,1.3766709566116333,0.11562523990869522,0.9653300046920776,1.7743009328842163,-1.1460245847702026,0.4181595742702484,1.4438464641571045,0.1455233097076416,0.9064596891403198,1.7829172611236572,-1.0990338325500488,0.41973820328712463,1.4414743185043335,-0.07384581863880157,0.8967748880386353,1.7289270162582397,-1.0073155164718628,0.4500618577003479,1.4105297327041626,0.0019121160730719566,0.8145321607589722,1.569291353225708,-0.41748863458633423,0.5842595100402832,1.5304216146469116,0.4221648573875427,0.758733868598938,2.3951210975646973,-0.4109194874763489,0.5237659215927124,2.3216843605041504,0.43605393171310425,0.7046676874160767,3.0855066776275635,0.2665046453475952,0.4767230451107025,2.999030828475952,0.8711748123168945,0.7232836484909058,3.1941745281219482,0.2977176606655121,0.4829801917076111,3.0912396907806396,0.8963921666145325,0.6055659055709839,3.22597074508667,-0.28874820470809937,0.4321211874485016,3.1710402965545654,0.2824530005455017,good
0.5007766485214233,0.2775478959083557,-1.0583994388580322,0.5340523719787598,0.203904926776886,-0.9885562062263489,0.5517125129699707,0.2043229043483734,-0.9888918995857239,0.565993070602417,0.20569008588790894,-0.9890677332878113,0.4732096791267395,0.20679406821727753,-0.9920749664306641,0.4518051743507385,0.20823931694030762,-0.9918023347854614,0.43104082345962524,0.2106218934059143,-0.9923812747001648,0.589687168598175,0.23969313502311707,-0.5320050120353699,0.4011533856391907,0.2484419047832489,-0.5327579975128174,0.5334984660148621,0.34658676385879517,-0.8872367143630981,0.45843976736068726,0.3507329821586609,-0.8877241015434265,0.737881064414978,0.6188177466392517,-0.24573977291584015,0.2772114872932434,0.6060653924942017,-0.3492041826248169,0.8233284950256348,1.0368072986602783,-0.2187332659959793,0.1987985074520111,0.986026406288147,-0.34033745527267456,0.8448688387870789,1.4603137969970703,-0.6302828788757324,0.11092052608728409,1.4136511087417603,-0.8746274709701538,0.8687579035758972,1.5834089517593384,-0.7616869807243347,0.05935056880116463,1.523095726966858,-1.0541648864746094,0.8141166567802429,1.5750423669815063,-0.8661364316940308,0.10626254975795746,1.5301873683929443,-1.191245198249817,0.7934837937355042,1.5279878377914429,-0.6950908899307251,0.13793005049228668,1.4896866083145142,-0.9561147689819336,0.654484212398529,1.4961984157562256,-0.041314154863357544,0.3385285437107086,1.4895180463790894,0.0463252030313015,0.6198161244392395,2.2204856872558594,-0.13944509625434875,0.3231668174266815,2.205601930618286,-0.036203689873218536,0.6093255281448364,2.878472089767456,0.42943722009658813,0.32977062463760376,2.8478949069976807,0.28887420892715454,0.6156359910964966,2.983844518661499,0.4490341246128082,0.3270564079284668,2.947943925857544,0.29673242568969727,0.5563492774963379,3.0704305171966553,-0.20107734203338623,0.36681514978408813,3.045219898223877,-0.40921902656555176,good
0.5374641418457031,0.3114929497241974,-0.2354155331850052,0.5365287065505981,0.2553573250770569,-0.18210312724113464,0.5399393439292908,0.25487929582595825,-0.1823483556509018,0.5421590209007263,0.25449755787849426,-0.18254637718200684,0.5120500326156616,0.25057727098464966,-0.28527402877807617,0.4958471357822418,0.24687664210796356,-0.2852245569229126,0.47927922010421753,0.24303103983402252,-0.2857634127140045,0.49347448348999023,0.2675211727619171,0.09663885086774826,0.4145166277885437,0.25746968388557434,-0.35959556698799133,0.5248337984085083,0.3755204975605011,-0.12468433380126953,0.49851498007774353,0.37314844131469727,-0.25662732124328613,0.47611790895462036,0.5965735912322998,0.36883407831192017,0.2725146412849426,0.5501773357391357,-0.5325573682785034,0.5333603024482727,0.9770025610923767,0.40419521927833557,0.2822508215904236,1.000258207321167,-0.62990802526474,0.6322019100189209,1.3442604541778564,0.13190463185310364,0.4136032462120056,1.4315184354782104,-0.7463331818580627,0.6814103722572327,1.444258451461792,0.065582275390625,0.4058303236961365,1.564288854598999,-0.8251219987869263,0.6574620604515076,1.455074429512024,-0.010726201348006725,0.4539310336112976,1.5483036041259766,-0.8768593668937683,0.6287609934806824,1.4255163669586182,0.07605936378240585,0.45226916670799255,1.501852035522461,-0.7688879370689392,0.5647144317626953,1.4260656833648682,0.20267538726329803,0.3410516083240509,1.4655596017837524,-0.19837959110736847,0.5931975841522217,2.07480525970459,0.08283338695764542,0.40334853529930115,2.1352906227111816,-0.20847997069358826,0.617660403251648,2.684051275253296,0.35444456338882446,0.4074104428291321,2.7550623416900635,-0.10318396985530853,0.6006580591201782,2.7860915660858154,0.354020893573761,0.3647136390209198,2.8736205101013184,-0.11478735506534576,0.7185044288635254,2.8505234718322754,0.02743866667151451,0.5560523271560669,2.890855312347412,-0.576079249382019,good
0.5810129046440125,0.2828226387500763,-0.36719194054603577,0.5678516626358032,0.2239864021539688,-0.30200543999671936,0.5682734847068787,0.223949134349823,-0.3020482063293457,0.5678475499153137,0.2234078049659729,-0.30249902606010437,0.5483189821243286,0.22272685170173645,-0.41968265175819397,0.5333381295204163,0.22248300909996033,-0.4196086823940277,0.5176254510879517,0.22202657163143158,-0.42026543617248535,0.5014339089393616,0.24405239522457123,0.014144286513328552,0.4430510103702545,0.24923495948314667,-0.4815656244754791,0.5682233572006226,0.34662577509880066,-0.24578459560871124,0.5448387861251831,0.3476170599460602,-0.39287951588630676,0.5657203197479248,0.6115334630012512,0.24330541491508484,0.2548222243785858,0.5837261080741882,-0.6287124156951904,0.5909298658370972,1.008482813835144,0.43087950348854065,0.1185431107878685,1.0221730470657349,-0.7182114124298096,0.6758953332901001,1.4437260627746582,0.27068305015563965,0.1219664067029953,1.5017527341842651,-0.8945276141166687,0.7187434434890747,1.548592209815979,0.23482969403266907,0.08230198919773102,1.6281062364578247,-0.976941704750061,0.6920318007469177,1.561404824256897,0.14669397473335266,0.130197212100029,1.6381536722183228,-1.054314374923706,0.6654764413833618,1.5330711603164673,0.21530649065971375,0.14883384108543396,1.595264196395874,-0.9388901591300964,0.5556734800338745,1.4895702600479126,0.19627653062343597,0.2991223931312561,1.5161598920822144,-0.1929447501897812,0.5550036430358887,2.1935975551605225,0.15001070499420166,0.3180522322654724,2.2374165058135986,-0.2263861447572708,0.559308648109436,2.826880931854248,0.5932968258857727,0.3113395571708679,2.869845390319824,0.012813900597393513,0.5399875044822693,2.938369035720825,0.6013615727424622,0.2699740529060364,2.987372636795044,0.010926888324320316,0.6625292897224426,2.973159074783325,0.1778949499130249,0.45858049392700195,2.997520923614502,-0.5786049962043762,good
0.49735864996910095,0.2843853235244751,-0.8608433604240417,0.5313066840171814,0.21700485050678253,-0.851793646812439,0.5522169470787048,0.2149675339460373,-0.8520041704177856,0.5743347406387329,0.21513961255550385,-0.8523362278938293,0.4906054139137268,0.2288433015346527,-0.7908893823623657,0.47989049553871155,0.23310145735740662,-0.7903441190719604,0.4693296551704407,0.23809665441513062,-0.7908938527107239,0.6261375546455383,0.24970655143260956,-0.6161140203475952,0.48399797081947327,0.2637653946876526,-0.3254942297935486,0.5418047904968262,0.3441888689994812,-0.7697481513023376,0.483956903219223,0.35298478603363037,-0.6840716600418091,0.8048952221870422,0.6056777834892273,-0.44668325781822205,0.4062604010105133,0.6142951846122742,-0.11361058801412582,0.8998435139656067,1.0100183486938477,-0.5090539455413818,0.3712352216243744,0.9944630265235901,-0.05559169128537178,0.8837541341781616,1.4191765785217285,-0.8200766444206238,0.29620105028152466,1.338556170463562,-0.6337261199951172,0.8953380584716797,1.5395904779434204,-0.9339632987976074,0.256464421749115,1.438361406326294,-0.7606955766677856,0.8419736623764038,1.5352599620819092,-0.9876605272293091,0.2852305769920349,1.4362785816192627,-0.8753094673156738,0.827553391456604,1.4835126399993896,-0.8535822033882141,0.3107143044471741,1.3965083360671997,-0.7070407867431641,0.7579728364944458,1.4437161684036255,-0.15508344769477844,0.47837844491004944,1.4318078756332397,0.16012561321258545,0.7289960980415344,2.107771396636963,-0.29641491174697876,0.46071940660476685,2.0872061252593994,0.13686403632164001,0.7267566919326782,2.7111904621124268,0.23785653710365295,0.4614313542842865,2.685678243637085,0.4355130195617676,0.7425432801246643,2.810708522796631,0.2568318843841553,0.4634123742580414,2.782555103302002,0.4447998106479645,0.6537960767745972,2.879696846008301,-0.36332112550735474,0.4667496681213379,2.861882209777832,-0.17288033664226532,good
0.5636282563209534,0.2537785768508911,-0.7324074506759644,0.5843110084533691,0.1962948441505432,-0.6732714176177979,0.5996429920196533,0.19915057718753815,-0.6729719638824463,0.614886999130249,0.20157626271247864,-0.673409104347229,0.5350428223609924,0.18993455171585083,-0.6923785209655762,0.5145962834358215,0.18994584679603577,-0.6918163299560547,0.49199938774108887,0.19144307076931,-0.692095160484314,0.6252153515815735,0.23481228947639465,-0.3260938227176666,0.44118380546569824,0.23156754672527313,-0.3963927626609802,0.5852844715118408,0.3267013430595398,-0.606509804725647,0.527706503868103,0.3203224837779999,-0.6246875524520874,0.7467266321182251,0.6053983569145203,-0.18874052166938782,0.2890705168247223,0.6111176013946533,-0.3734770119190216,0.8384666442871094,1.033218264579773,-0.1439061015844345,0.27700573205947876,1.0518230199813843,-0.31420987844467163,0.8876916170120239,1.4574419260025024,-0.39508476853370667,0.28153687715530396,1.524126410484314,-0.6042267680168152,0.9359719157218933,1.5805004835128784,-0.4894767701625824,0.2529955506324768,1.6424769163131714,-0.7009239196777344,0.8815582394599915,1.5851556062698364,-0.5518114566802979,0.2946546673774719,1.6428667306900024,-0.8072719573974609,0.8566783666610718,1.5384771823883057,-0.43907132744789124,0.31519681215286255,1.5951164960861206,-0.6608969569206238,0.6970940828323364,1.4968512058258057,-0.02467915043234825,0.38544002175331116,1.5039327144622803,0.029447967186570168,0.6706913709640503,2.226757526397705,0.029739638790488243,0.38351768255233765,2.2314772605895996,0.05359867215156555,0.6530418395996094,2.8872385025024414,0.672498881816864,0.37946030497550964,2.8791651725769043,0.4679092466831207,0.6557055711746216,2.986403703689575,0.7047500610351562,0.371101051568985,2.9771180152893066,0.4927145838737488,0.6217094659805298,3.084702253341675,0.16120648384094238,0.42411008477211,3.078824043273926,-0.15253108739852905,good
0.5271345376968384,0.24952973425388336,-0.7580288052558899,0.5578135251998901,0.186284601688385,-0.7046393752098083,0.573330283164978,0.18776391446590424,-0.7044878005981445,0.5883634686470032,0.19008950889110565,-0.7048549652099609,0.5024767518043518,0.18970994651317596,-0.7052375078201294,0.4822691082954407,0.19321519136428833,-0.7046463489532471,0.4638206362724304,0.19766786694526672,-0.7049066424369812,0.6154050230979919,0.226421058177948,-0.3617376685142517,0.43395623564720154,0.2394098937511444,-0.34876424074172974,0.5618073344230652,0.3197791874408722,-0.6335639357566833,0.4908183515071869,0.32316964864730835,-0.629216194152832,0.7639009952545166,0.6157785058021545,-0.21194732189178467,0.30782264471054077,0.6032615303993225,-0.30785447359085083,0.8504551649093628,1.0265458822250366,-0.20583932101726532,0.27579885721206665,0.9765644669532776,-0.4034763276576996,0.9037268757820129,1.4432991743087769,-0.4290165305137634,0.23898673057556152,1.3811777830123901,-0.9231416583061218,0.9367018938064575,1.5685495138168335,-0.5121685266494751,0.19903422892093658,1.4960592985153198,-1.0646320581436157,0.8899568319320679,1.5709726810455322,-0.5785310864448547,0.24705202877521515,1.4997657537460327,-1.164961576461792,0.8676124811172485,1.522421956062317,-0.47105130553245544,0.272081583738327,1.4555089473724365,-0.9821199178695679,0.7067096829414368,1.4713140726089478,-0.0438961461186409,0.397571861743927,1.4715723991394043,0.048445526510477066,0.6845887303352356,2.16294527053833,-0.020267657935619354,0.390179842710495,2.1544547080993652,0.051959794014692307,0.6689091920852661,2.7954695224761963,0.5363977551460266,0.38535621762275696,2.773752450942993,0.4046145975589752,0.6754949688911438,2.892624616622925,0.5593823790550232,0.3808024525642395,2.8715171813964844,0.4219266474246979,0.6190659403800964,2.9901936054229736,0.02569379284977913,0.42251449823379517,2.9634158611297607,-0.19138912856578827,good
0.5009758472442627,0.1803528219461441,-1.221620798110962,0.5298694968223572,0.14909115433692932,-1.14460289478302,0.5467873811721802,0.15449215471744537,-1.1448577642440796,0.5618287324905396,0.16061343252658844,-1.1450555324554443,0.48308438062667847,0.149234801530838,-1.1415945291519165,0.46778225898742676,0.15423963963985443,-1.1416327953338623,0.452575147151947,0.16087624430656433,-1.1424421072006226,0.5896530151367188,0.2178497165441513,-0.7038100361824036,0.43582883477211,0.228206068277359,-0.6803501844406128,0.5404716730117798,0.25128811597824097,-1.0658451318740845,0.4703831076622009,0.25276556611061096,-1.0583577156066895,0.7431822419166565,0.5981826782226562,-0.4512413442134857,0.29836350679397583,0.5807318091392517,-0.4612535834312439,0.852047324180603,1.0131018161773682,-0.375981867313385,0.10709375143051147,0.952820360660553,-0.3498442471027374,0.8812732696533203,1.4020875692367554,-0.7499919533729553,-0.02088145911693573,1.296385645866394,-0.7676807641983032,0.9096847772598267,1.5116631984710693,-0.8514989614486694,-0.06404704600572586,1.3854390382766724,-0.8875051736831665,0.8701940774917603,1.51546311378479,-0.9523041844367981,-0.03509899973869324,1.392938256263733,-1.0154244899749756,0.8480992317199707,1.4747674465179443,-0.8090783357620239,-0.006037961691617966,1.3662422895431519,-0.8399030566215515,0.6550866365432739,1.4380217790603638,-0.04966976121068001,0.34616440534591675,1.4302972555160522,0.05319514870643616,0.6236045360565186,2.1447596549987793,-0.10491851717233658,0.3282146155834198,2.130361318588257,-0.09017489850521088,0.6223029494285583,2.775712251663208,0.5375263094902039,0.3284488916397095,2.7650306224823,0.34026509523391724,0.6307628154754639,2.873504638671875,0.5608152151107788,0.3234320282936096,2.859212636947632,0.35808223485946655,0.5774637460708618,2.9485127925872803,-0.1088748425245285,0.3662514090538025,2.944244146347046,-0.3757675588130951,good
0.6432790160179138,0.6311812996864319,-0.9362832903862,0.633082389831543,0.57192063331604,-0.8618780374526978,0.6367535591125488,0.5748537182807922,-0.8620759844779968,0.6400054693222046,0.5778114199638367,-0.8620911836624146,0.6072245836257935,0.5662242770195007,-0.949135959148407,0.5920017957687378,0.5656877160072327,-0.9488712549209595,0.5747555494308472,0.5658152103424072,-0.9495043754577637,0.5936751365661621,0.6049118041992188,-0.41129550337791443,0.50038081407547,0.5982598066329956,-0.7745761871337891,0.6363784670829773,0.6978566646575928,-0.763795018196106,0.6041299104690552,0.6958358883857727,-0.875694751739502,0.7227469682693481,0.9722572565078735,-0.09163941442966461,0.27447354793548584,0.9438260197639465,-0.6582320332527161,0.8143388628959656,1.3436037302017212,-0.0389738604426384,0.17273905873298645,1.3802810907363892,-0.8180066347122192,0.816205620765686,1.6613938808441162,-0.5187557339668274,0.21926379203796387,1.6541162729263306,-1.4127323627471924,0.8457815051078796,1.7677420377731323,-0.630764901638031,0.21028228104114532,1.762686014175415,-1.5855656862258911,0.8070971369743347,1.7731693983078003,-0.7269676923751831,0.2545561194419861,1.748570203781128,-1.6528332233428955,0.7852861285209656,1.7284191846847534,-0.5828888416290283,0.2624207139015198,1.70465087890625,-1.4597976207733154,0.6390293836593628,1.7707077264785767,0.08644327521324158,0.3471624553203583,1.781208872795105,-0.08147512376308441,0.6335172057151794,2.392725706100464,-0.009815413504838943,0.3736848533153534,2.3954710960388184,-0.3418354392051697,0.6500376462936401,3.0131428241729736,0.5407726764678955,0.3853031396865845,3.010331630706787,0.004017735831439495,0.6444287896156311,3.116057872772217,0.5519336462020874,0.3664202094078064,3.116187810897827,0.011272475123405457,0.6619533896446228,3.19217586517334,-0.061537791043519974,0.46844202280044556,3.176408290863037,-0.6793541312217712,good
0.37871015071868896,0.6383501291275024,-0.6326218843460083,0.413372278213501,0.5728138089179993,-0.6549388766288757,0.4297838807106018,0.5742833018302917,-0.6552191972732544,0.448490709066391,0.5763839483261108,-0.6556340456008911,0.3864276707172394,0.5701351165771484,-0.5773342847824097,0.382032185792923,0.5688600540161133,-0.5765189528465271,0.3771374225616455,0.5678207874298096,-0.5770089626312256,0.5172563791275024,0.612569272518158,-0.5409695506095886,0.4114561975002289,0.5965099334716797,-0.16418778896331787,0.4105335772037506,0.7051092982292175,-0.5755717754364014,0.37639090418815613,0.7027985453605652,-0.4704369008541107,0.7196427583694458,0.962614893913269,-0.48938804864883423,0.2791668772697449,0.9465770125389099,0.03554509952664375,0.8076300621032715,1.3856163024902344,-0.6914544105529785,0.22569260001182556,1.3463466167449951,-0.18503722548484802,0.6494437456130981,1.4288846254348755,-0.776928186416626,0.31146812438964844,1.3800179958343506,-0.9500015377998352,0.6212665438652039,1.4762160778045654,-0.8431689143180847,0.31729620695114136,1.4204622507095337,-1.081554651260376,0.5995844006538391,1.4316654205322266,-0.8171461820602417,0.34281590580940247,1.385733723640442,-1.0665671825408936,0.6040667295455933,1.4156136512756348,-0.7704936265945435,0.34902048110961914,1.3718444108963013,-0.9782187342643738,0.6281976699829102,1.763861060142517,-0.17657062411308289,0.33057886362075806,1.7367395162582397,0.18233969807624817,0.6085734963417053,2.407947063446045,-0.37504976987838745,0.3403415083885193,2.3805394172668457,0.1429114192724228,0.6158047318458557,3.002687931060791,0.009712489321827888,0.3445008397102356,2.9636800289154053,0.24377556145191193,0.6391760110855103,3.1018667221069336,0.015390763059258461,0.34228962659835815,3.0564181804656982,0.23773124814033508,0.5324564576148987,3.1636099815368652,-0.5869535207748413,0.35385867953300476,3.143573045730591,-0.31852835416793823,good
0.5106819868087769,0.6009525060653687,-1.6187909841537476,0.553345799446106,0.513592004776001,-1.606279969215393,0.5781748294830322,0.5060867071151733,-1.6064659357070923,0.6012244820594788,0.49619707465171814,-1.6071736812591553,0.4700128436088562,0.5038229823112488,-1.6011781692504883,0.43663692474365234,0.4899185597896576,-1.6012694835662842,0.4088968336582184,0.4764300584793091,-1.6012159585952759,0.6171626448631287,0.44838011264801025,-1.1738678216934204,0.36263683438301086,0.437282919883728,-1.1479218006134033,0.5322490930557251,0.6545712351799011,-1.4177104234695435,0.4516814649105072,0.6500474214553833,-1.410683035850525,0.7398513555526733,0.6494686603546143,-0.7523079514503479,0.20071342587471008,0.6751435399055481,-0.7156097888946533,0.9530407190322876,0.9450659155845642,-0.6315205097198486,-0.05998070910573006,1.0590230226516724,-0.646683394908905,1.0403311252593994,1.3920230865478516,-0.885293185710907,-0.0694778561592102,1.402530312538147,-1.0757906436920166,1.0727874040603638,1.499653935432434,-0.9698513150215149,-0.07726891338825226,1.5014454126358032,-1.166580080986023,1.032599925994873,1.4825295209884644,-1.0588738918304443,-0.04213666170835495,1.454397201538086,-1.253350019454956,1.002557396888733,1.454926609992981,-0.9283154606819153,-0.022595074027776718,1.4304709434509277,-1.1237046718597412,0.6244063973426819,1.455003023147583,-0.02067689597606659,0.32784467935562134,1.4832159280776978,0.024298591539263725,0.6898819208145142,1.3485400676727295,-0.16041670739650726,0.3172118067741394,1.65878164768219,-0.0040115900337696075,0.6548792123794556,1.9158307313919067,0.44201961159706116,0.4931642413139343,1.9694187641143799,0.42882028222084045,0.6409568190574646,2.023715019226074,0.48864999413490295,0.5063802599906921,2.0059845447540283,0.4709536135196686,0.6640356779098511,2.0488357543945312,0.11475531756877899,0.5934151411056519,2.086179256439209,0.1114041656255722,bad
0.2435835897922516,0.5786346793174744,-1.4866782426834106,0.2757889926433563,0.48439887166023254,-1.5757968425750732,0.29873791337013245,0.47588518261909485,-1.575341820716858,0.32241517305374146,0.4660685956478119,-1.5762444734573364,0.22464248538017273,0.49079886078834534,-1.4763596057891846,0.21144548058509827,0.48822829127311707,-1.475972056388855,0.19974008202552795,0.485193133354187,-1.4759316444396973,0.42223531007766724,0.4329284131526947,-1.546722173690796,0.24972295761108398,0.4569278657436371,-1.0639678239822388,0.3030514717102051,0.630336344242096,-1.4368462562561035,0.24238374829292297,0.6332616806030273,-1.2973272800445557,0.7384544610977173,0.6683774590492249,-1.259956955909729,0.2184898555278778,0.7242580652236938,-0.5980367660522461,0.9761422872543335,0.9531804323196411,-1.1013758182525635,-0.010403135791420937,0.9742816090583801,0.07567039132118225,1.051047682762146,1.4391850233078003,-0.9700108766555786,-0.06411997228860855,1.3467249870300293,0.27127957344055176,1.0942111015319824,1.5523568391799927,-0.9995786547660828,-0.08349817246198654,1.4252666234970093,0.31431594491004944,1.0443403720855713,1.5514163970947266,-1.048781156539917,-0.06470073759555817,1.4030250310897827,0.22403495013713837,1.0162782669067383,1.520429253578186,-0.9871898889541626,-0.04657072573900223,1.3870036602020264,0.23052434623241425,0.708990216255188,1.5212442874908447,-0.20436236262321472,0.35755354166030884,1.5491784811019897,0.2088267058134079,0.7237368822097778,2.2903873920440674,0.09085895866155624,0.38217177987098694,2.2988483905792236,0.46932658553123474,0.7534969449043274,2.9505460262298584,1.075871229171753,0.41879573464393616,2.9723620414733887,1.2135239839553833,0.7780953645706177,3.042374610900879,1.144371747970581,0.4280237555503845,3.062018871307373,1.2763395309448242,0.6961377859115601,3.184767246246338,0.47649455070495605,0.470194011926651,3.223767042160034,0.5500580072402954,bad
0.6701319217681885,0.5421445965766907,-1.0125187635421753,0.6860623955726624,0.46824485063552856,-0.9500187039375305,0.6917724609375,0.46928805112838745,-0.9501686096191406,0.6970657110214233,0.46982207894325256,-0.9507579803466797,0.6523234844207764,0.4524367153644562,-1.0340949296951294,0.6305981874465942,0.4395703971385956,-1.034082293510437,0.6030510663986206,0.42300423979759216,-1.0345585346221924,0.650863766670227,0.45076972246170044,-0.5431220531463623,0.5102847814559937,0.38912826776504517,-0.9222953915596008,0.6523349285125732,0.5979131460189819,-0.8524920344352722,0.6099725961685181,0.5867924094200134,-0.9613324403762817,0.6805145740509033,0.6794019341468811,-0.33132225275039673,0.18495520949363708,0.6728914380073547,-0.7452127933502197,0.8907219767570496,0.969706654548645,-0.22317393124103546,-0.07824377715587616,0.9584789276123047,-0.765182614326477,0.975719153881073,1.3308202028274536,-0.532613217830658,-0.1569337546825409,1.3285467624664307,-0.9813981056213379,1.0187675952911377,1.4368711709976196,-0.6138492226600647,-0.2001955211162567,1.414245843887329,-1.0520434379577637,0.9809862375259399,1.4152138233184814,-0.6935444474220276,-0.15637701749801636,1.4047993421554565,-1.1561999320983887,0.9547716379165649,1.398848056793213,-0.587343692779541,-0.13587427139282227,1.3860596418380737,-1.032584547996521,0.5583735704421997,1.50318443775177,0.08120569586753845,0.2571339011192322,1.5052909851074219,-0.07780487090349197,0.562656044960022,2.2280373573303223,0.2141905128955841,0.3044048845767975,2.248356342315674,-0.08308534324169159,0.5386806130409241,2.88274884223938,0.7204087972640991,0.27961939573287964,2.8849222660064697,0.24272064864635468,0.5207558274269104,2.9778711795806885,0.7424073219299316,0.2428649663925171,2.9831318855285645,0.2495446503162384,0.5661943554878235,3.06547212600708,0.2776222229003906,0.36442244052886963,3.054741859436035,-0.3776569068431854,bad
0.47731757164001465,0.8082780241966248,-1.6628754138946533,0.5203109383583069,0.723741352558136,-1.6788263320922852,0.5447881817817688,0.7149414420127869,-1.6788833141326904,0.5694376230239868,0.7026091814041138,-1.6796150207519531,0.44377437233924866,0.7160745859146118,-1.6793171167373657,0.4130028188228607,0.7024257183074951,-1.679390549659729,0.3855735957622528,0.6865248084068298,-1.679507851600647,0.592080295085907,0.6395969390869141,-1.3227473497390747,0.33592191338539124,0.6253445148468018,-1.3231498003005981,0.4987245202064514,0.8616540431976318,-1.4684998989105225,0.42808470129966736,0.8583896160125732,-1.4687622785568237,0.7134464979171753,0.8093615174293518,-0.854637622833252,0.1820625364780426,0.8416754007339478,-0.7858295440673828,0.8909385800361633,1.0249581336975098,-0.8043174743652344,-0.03461731597781181,1.0804470777511597,-0.5650439858436584,0.8351068496704102,1.2741018533706665,-1.0504858493804932,-0.004092056769877672,1.4845082759857178,-0.7661800384521484,0.81859290599823,1.330275058746338,-1.1157748699188232,-0.0025129420682787895,1.574399709701538,-0.8046878576278687,0.7849553227424622,1.2836593389511108,-1.1082146167755127,0.024568086490035057,1.5383856296539307,-0.8584867715835571,0.772339940071106,1.2716927528381348,-1.0218040943145752,0.04024497792124748,1.5107263326644897,-0.7939714789390564,0.588509738445282,1.5944157838821411,-0.058365631848573685,0.29101473093032837,1.6068592071533203,0.06215740367770195,0.6325159072875977,1.5910437107086182,-0.09992583841085434,0.2533387541770935,1.8248594999313354,0.09185632318258286,0.5799895524978638,2.119879961013794,0.5280422568321228,0.4113031327724457,2.1378226280212402,0.5000379681587219,0.5700403451919556,2.214116334915161,0.5821616053581238,0.44377654790878296,2.172595262527466,0.5412424206733704,0.5577700734138489,2.266432523727417,0.19575607776641846,0.4386352002620697,2.280602216720581,0.2028002291917801,bad
0.522570013999939,0.38163089752197266,-1.1296406984329224,0.5487698912620544,0.2934713363647461,-1.0572184324264526,0.5695739388465881,0.2941921353340149,-1.0573726892471313,0.5895661115646362,0.29473862051963806,-1.0578587055206299,0.4814791679382324,0.2841779887676239,-1.0755621194839478,0.4535456597805023,0.28060510754585266,-1.0749609470367432,0.42687320709228516,0.2784905731678009,-1.0752651691436768,0.6018069982528687,0.3080380856990814,-0.5716621279716492,0.365315318107605,0.30082812905311584,-0.6415449380874634,0.5453863143920898,0.4588490426540375,-0.9454299807548523,0.4739252030849457,0.45816972851753235,-0.9646269083023071,0.7312938570976257,0.6461225152015686,-0.27811235189437866,0.20365726947784424,0.68993079662323,-0.4657265543937683,0.8941999673843384,1.0044643878936768,-0.256064772605896,0.12140269577503204,1.0828192234039307,-0.5345855951309204,1.0189111232757568,1.5053107738494873,-0.709795355796814,0.10148340463638306,1.6172176599502563,-1.2285211086273193,1.0788190364837646,1.6376533508300781,-0.8462904691696167,0.06490115076303482,1.7560386657714844,-1.4064230918884277,1.0260918140411377,1.6541926860809326,-0.950596809387207,0.1246534138917923,1.7570379972457886,-1.5242197513580322,0.9874368906021118,1.6120717525482178,-0.778106153011322,0.15315870940685272,1.70626699924469,-1.3017261028289795,0.6672546863555908,1.619009017944336,-0.04504457861185074,0.32904741168022156,1.6457196474075317,0.05031007528305054,0.6685448884963989,2.404102087020874,-0.10012787580490112,0.3488987386226654,2.4268956184387207,0.0027794139459729195,0.6818854808807373,3.1222221851348877,0.5294601321220398,0.3772706389427185,3.125732183456421,0.3773210346698761,0.6902341842651367,3.2340471744537354,0.5516932606697083,0.37522318959236145,3.234891414642334,0.38799190521240234,0.6403369903564453,3.3403024673461914,-0.13984563946723938,0.42435526847839355,3.3406760692596436,-0.3748413324356079,bad
0.8037739992141724,0.4818945825099945,-0.3532717823982239,0.8095377683639526,0.42293623089790344,-0.31840282678604126,0.8057414889335632,0.41890043020248413,-0.3184496760368347,0.8005208969116211,0.4135553538799286,-0.31873729825019836,0.8006293177604675,0.41580137610435486,-0.4450996518135071,0.7918796539306641,0.4070284068584442,-0.44492825865745544,0.7823500037193298,0.3973343074321747,-0.4453229010105133,0.7153487205505371,0.3760114014148712,-0.14029815793037415,0.7066658139228821,0.36773285269737244,-0.7168907523155212,0.7594589591026306,0.5280886888504028,-0.2768140435218811,0.7519434690475464,0.5177510976791382,-0.4385616183280945,0.5889123678207397,0.6464754939079285,0.12553104758262634,0.45047727227211,0.6442512273788452,-0.8356269001960754,0.6102265119552612,1.070050597190857,0.2575090229511261,0.3974935710430145,1.1839687824249268,-0.7854586839675903,0.661699652671814,1.418982982635498,0.30797913670539856,0.4283204674720764,1.476253628730774,-0.6136734485626221,0.6982673406600952,1.509190320968628,0.30069953203201294,0.41384291648864746,1.5624648332595825,-0.6738002896308899,0.6914578676223755,1.5038676261901855,0.24101336300373077,0.442741721868515,1.5418341159820557,-0.7244573831558228,0.6736394166946411,1.477148175239563,0.26811832189559937,0.43884748220443726,1.5108531713485718,-0.6387380361557007,0.5597600936889648,1.4677780866622925,0.2213383913040161,0.373765766620636,1.4927278757095337,-0.2180517017841339,0.5966405272483826,2.1332995891571045,0.35401690006256104,0.42115727066993713,2.186619997024536,-0.11379680782556534,0.565510630607605,2.7394983768463135,1.0137560367584229,0.3704806864261627,2.802997589111328,0.3439526855945587,0.5242618918418884,2.839099168777466,1.0494749546051025,0.3079330325126648,2.9146180152893066,0.36547142267227173,0.6851881742477417,2.9054932594299316,0.7036945819854736,0.5081664323806763,2.927940607070923,-0.14148461818695068,bad
0.43544521927833557,0.36466556787490845,-0.8460485339164734,0.44808849692344666,0.2771483361721039,-0.8801457285881042,0.4646797180175781,0.2651898264884949,-0.880547821521759,0.4822738766670227,0.2528381645679474,-0.8813549280166626,0.4106256067752838,0.29845330119132996,-0.7603932619094849,0.4015183448791504,0.3014855980873108,-0.759563684463501,0.3916265666484833,0.3044338524341583,-0.7598891258239746,0.554813027381897,0.24007068574428558,-0.7636791467666626,0.4405035078525543,0.2933495342731476,-0.20998486876487732,0.4959830343723297,0.4088016152381897,-0.7968114018440247,0.45805367827415466,0.4275219738483429,-0.6330862045288086,0.805860698223114,0.5730177760124207,-0.8998417854309082,0.5414274334907532,0.5710901021957397,0.3125823438167572,1.0721901655197144,0.9686216711997986,-1.0513492822647095,0.6436117887496948,0.9508735537528992,0.884939968585968,1.1456485986709595,1.4418559074401855,-1.0527536869049072,0.5295244455337524,1.2386757135391235,0.8085888028144836,1.1867091655731201,1.5605626106262207,-1.163912296295166,0.4833189845085144,1.2990115880966187,0.8393262624740601,1.126253366470337,1.58432936668396,-1.1502103805541992,0.4770324230194092,1.3050732612609863,0.6810957789421082,1.1051944494247437,1.5471380949020386,-1.0517643690109253,0.5075704455375671,1.2850289344787598,0.7283689975738525,0.8951403498649597,1.50448477268219,-0.3723474144935608,0.6435677409172058,1.5056650638580322,0.37718167901039124,0.9146076440811157,2.277529716491699,-0.5248985290527344,0.6549562215805054,2.253948450088501,0.3842480480670929,0.9303142428398132,2.993826389312744,-0.006938675884157419,0.6701103448867798,2.9648234844207764,0.6408118009567261,0.9668235778808594,3.097677707672119,0.007005719933658838,0.683944582939148,3.0669898986816406,0.6416663527488708,0.8280998468399048,3.1789512634277344,-0.6010581254959106,0.6214213371276855,3.17445707321167,0.04384339600801468,bad
0.3160155117511749,0.5767037272453308,-0.2188868522644043,0.2944246530532837,0.5092476606369019,-0.3061061501502991,0.299177348613739,0.5006940960884094,-0.30635279417037964,0.30470895767211914,0.49149274826049805,-0.30606210231781006,0.29373103380203247,0.511929988861084,-0.1511142998933792,0.2966534495353699,0.5065168142318726,-0.15071840584278107,0.30075860023498535,0.5000022053718567,-0.15113148093223572,0.37062233686447144,0.43548646569252014,-0.6032842397689819,0.3651816248893738,0.4403582215309143,0.10690154135227203,0.37411096692085266,0.5899494290351868,-0.3214363753795624,0.3742739260196686,0.5954886078834534,-0.11736012995243073,0.6956623196601868,0.6284815669059753,-0.816309928894043,0.5843764543533325,0.638388991355896,0.3227927088737488,1.0444533824920654,1.0352658033370972,-0.9160133600234985,0.8416701555252075,1.063801646232605,0.4595981240272522,1.1426740884780884,1.395188808441162,-0.7129884958267212,0.8777545094490051,1.4531255960464478,0.26176053285598755,1.1943901777267456,1.457045316696167,-0.8215508460998535,0.8838790059089661,1.5566117763519287,0.2679963707923889,1.1532845497131348,1.4744362831115723,-0.7622755765914917,0.8710209727287292,1.5644891262054443,0.1551453322172165,1.1341898441314697,1.4458316564559937,-0.6991462707519531,0.8656898736953735,1.5151814222335815,0.19174155592918396,0.835686206817627,1.5423592329025269,-0.4047085642814636,0.6581383943557739,1.542272686958313,0.40968236327171326,0.8078072667121887,2.130951404571533,-0.4084876477718353,0.6172085404396057,2.137554883956909,0.4089750349521637,0.8502649068832397,2.7694404125213623,0.22511526942253113,0.6291010975837708,2.7889678478240967,0.7982556223869324,0.9068464040756226,2.8421967029571533,0.26055318117141724,0.6676474809646606,2.8814594745635986,0.8121721148490906,0.7339562177658081,3.018051862716675,-0.14582349359989166,0.5392357110977173,3.0235860347747803,0.3480805456638336,bad
0.6070430874824524,0.42174050211906433,-0.91780024766922,0.6301227807998657,0.3292299509048462,-0.8837239146232605,0.6495429277420044,0.32694193720817566,-0.8835134506225586,0.6679664850234985,0.3244485557079315,-0.8838575482368469,0.571892261505127,0.3236900866031647,-0.8985769152641296,0.5478707551956177,0.31901711225509644,-0.8979717493057251,0.521431028842926,0.31591835618019104,-0.8980226516723633,0.6799234747886658,0.3216596841812134,-0.5283426642417908,0.45727619528770447,0.32159093022346497,-0.5837550759315491,0.6247559785842896,0.4877619743347168,-0.7769794464111328,0.5647158026695251,0.4937446713447571,-0.7918797731399536,0.7994858026504517,0.5900353193283081,-0.26919910311698914,0.31057900190353394,0.696621835231781,-0.3967519998550415,0.9875959157943726,0.8941730260848999,-0.13863632082939148,0.30594402551651,1.146088719367981,-0.5104609727859497,1.157231092453003,1.2712422609329224,-0.4090355932712555,0.3404626250267029,1.441659927368164,-0.9420363306999207,1.2266162633895874,1.3665577173233032,-0.505879819393158,0.32176142930984497,1.5525869131088257,-1.008577585220337,1.187873125076294,1.3698804378509521,-0.5854289531707764,0.3562418818473816,1.5275135040283203,-1.022109866142273,1.1466343402862549,1.345041275024414,-0.4610482156276703,0.3759109377861023,1.4863133430480957,-0.9730256795883179,0.7863956689834595,1.4609529972076416,-0.0045389095321297646,0.46466144919395447,1.4912832975387573,0.00894414447247982,0.8048166036605835,2.163302421569824,0.033020563423633575,0.5030965805053711,2.2075963020324707,0.020134512335062027,0.8323146104812622,2.8228113651275635,0.6386597752571106,0.5458098649978638,2.853773593902588,0.3896794021129608,0.8380470275878906,2.9215705394744873,0.6657279133796692,0.5404815673828125,2.948969602584839,0.40557122230529785,0.8282709121704102,3.0217254161834717,0.133377343416214,0.6217131614685059,3.056230068206787,-0.2707497775554657,bad
0.5560730695724487,0.5647817254066467,-1.1688518524169922,0.5941270589828491,0.48888930678367615,-1.1156960725784302,0.6167765259742737,0.48838478326797485,-1.115851879119873,0.6354811787605286,0.4894137978553772,-1.1159836053848267,0.5366055965423584,0.4897304177284241,-1.0947387218475342,0.5199278593063354,0.4898567497730255,-1.0941153764724731,0.5076751708984375,0.4903636574745178,-1.0942386388778687,0.6717913150787354,0.5078059434890747,-0.671083390712738,0.498936265707016,0.5137375593185425,-0.5382031202316284,0.5998251438140869,0.6311805248260498,-0.9959765672683716,0.5290722250938416,0.632416307926178,-0.9632379412651062,0.8423861265182495,0.8223142027854919,-0.3771727383136749,0.37278497219085693,0.8365057706832886,-0.2784283757209778,0.9850035905838013,1.0171501636505127,-0.5245656371116638,0.2076261341571808,1.2100523710250854,-0.7880894541740417,1.0166687965393066,1.401592493057251,-0.9479588270187378,0.3660411536693573,1.0853517055511475,-1.88369882106781,1.0358182191848755,1.502648949623108,-1.073197364807129,0.41395825147628784,1.063138723373413,-2.100161552429199,0.9844420552253723,1.478611707687378,-1.109872579574585,0.433749258518219,0.8952551484107971,-2.0696303844451904,0.9653328657150269,1.4497501850128174,-0.9809215664863586,0.428149938583374,0.9183587431907654,-1.904282808303833,0.7628047466278076,1.6095625162124634,-0.13607777655124664,0.4558706283569336,1.60441255569458,0.14092490077018738,0.7405611872673035,2.261496067047119,-0.15452954173088074,0.4510888159275055,2.2616920471191406,0.3312870264053345,0.7279282808303833,2.8415722846984863,0.502827525138855,0.4497899115085602,2.8325867652893066,0.9718431234359741,0.7388140559196472,2.929669141769409,0.5229044556617737,0.44800084829330444,2.9126291275024414,1.018011212348938,0.6704426407814026,3.0131447315216064,-0.2052529752254486,0.472116619348526,3.02667236328125,0.285155713558197,bad
0.3225114941596985,0.6482934355735779,-0.48766642808914185,0.346211314201355,0.5743768215179443,-0.5623849630355835,0.3598777651786804,0.5677377581596375,-0.5625177621841431,0.373689204454422,0.5610016584396362,-0.5630984902381897,0.3286520838737488,0.5821457505226135,-0.431342750787735,0.3293328881263733,0.5812007188796997,-0.43057680130004883,0.330698698759079,0.5796605944633484,-0.43091219663619995,0.46367987990379333,0.5586857199668884,-0.6130131483078003,0.4065583646297455,0.5748062133789062,0.017017560079693794,0.38437169790267944,0.7029280066490173,-0.4945826530456543,0.36419135332107544,0.7176732420921326,-0.3114854693412781,0.8103275299072266,0.794868528842926,-0.5939760804176331,0.3985421657562256,0.8945926427841187,0.2410849630832672,1.0517818927764893,0.9913761019706726,-0.7280727028846741,0.33638715744018555,1.325858235359192,0.13103194534778595,1.1014647483825684,1.4664431810379028,-0.6971320509910583,0.33366280794143677,1.0533103942871094,-0.5848903656005859,1.1329162120819092,1.5714480876922607,-0.742351233959198,0.31102803349494934,1.1231575012207031,-0.6536145806312561,1.0873395204544067,1.5595825910568237,-0.7525820732116699,0.3317752480506897,0.9640122652053833,-0.6214550733566284,1.0675631761550903,1.536502718925476,-0.6965124011039734,0.3627299666404724,0.9600461721420288,-0.5902314782142639,0.8626435399055481,1.7173101902008057,-0.29510635137557983,0.5481945872306824,1.75104558467865,0.29984429478645325,0.8660451173782349,2.4588165283203125,-0.243528813123703,0.5705789923667908,2.4656331539154053,0.5137467980384827,0.9117943048477173,3.1074395179748535,0.40276336669921875,0.617513120174408,3.125033378601074,1.0501288175582886,0.9431937336921692,3.1955604553222656,0.4293743968009949,0.6301164031028748,3.2086637020111084,1.0914336442947388,0.8405901789665222,3.2917861938476562,-0.19685044884681702,0.6293048858642578,3.3396527767181396,0.4581848084926605,bad
0.5890125036239624,0.6862233877182007,-1.2199671268463135,0.6117516756057739,0.6102706789970398,-1.1920483112335205,0.6256975531578064,0.6074196100234985,-1.1920043230056763,0.6377428770065308,0.6045792102813721,-1.1924853324890137,0.5604026317596436,0.6026724576950073,-1.2334474325180054,0.5383995771408081,0.5939016938209534,-1.232836365699768,0.5133224725723267,0.5839254260063171,-1.2331346273422241,0.6209858059883118,0.5842200517654419,-0.7824003100395203,0.44499748945236206,0.5537683367729187,-0.9510027170181274,0.5896240472793579,0.7361279726028442,-1.0395320653915405,0.537549614906311,0.7316082119941711,-1.0895878076553345,0.7339882850646973,0.8434975743293762,-0.4151450991630554,0.2289266139268875,0.8425435423851013,-0.6240010261535645,0.8238808512687683,1.2088444232940674,-0.1883918195962906,0.11834727227687836,1.304068922996521,-0.5710524320602417,0.7882694005966187,1.556429386138916,-0.37969180941581726,0.20980262756347656,1.585692286491394,-0.7924972772598267,0.8056360483169556,1.6752034425735474,-0.4452233910560608,0.20317015051841736,1.6895958185195923,-0.8827136754989624,0.774055004119873,1.6667097806930542,-0.5107476711273193,0.23683199286460876,1.6675621271133423,-0.9597578048706055,0.7532469034194946,1.6285765171051025,-0.42231401801109314,0.25119030475616455,1.6251426935195923,-0.8323543667793274,0.6230692267417908,1.6860969066619873,-0.008495296351611614,0.30394408106803894,1.688095211982727,0.012855904176831245,0.5965230464935303,2.376254081726074,-0.00428700540214777,0.30661410093307495,2.370744228363037,-0.08057670295238495,0.572239100933075,3.0282633304595947,0.6410633325576782,0.29945266246795654,3.0087013244628906,0.23008215427398682,0.5683941841125488,3.1201720237731934,0.6667803525924683,0.2895318567752838,3.0957751274108887,0.24209436774253845,0.5295920372009277,3.243943214416504,-0.007902784273028374,0.33448779582977295,3.217006206512451,-0.39264199137687683,bad
0.6719745993614197,0.6459662318229675,-0.6780429482460022,0.6793590784072876,0.5722857117652893,-0.621609628200531,0.6840162873268127,0.5717071890830994,-0.6216530203819275,0.6889927983283997,0.570945680141449,-0.6220043301582336,0.6532111167907715,0.5638056993484497,-0.6944268941879272,0.636698842048645,0.5577852129936218,-0.6941439509391785,0.619635283946991,0.5519500970840454,-0.6945569515228271,0.6465598344802856,0.5663445591926575,-0.2050183266401291,0.5471417307853699,0.546364426612854,-0.55511873960495,0.6549099683761597,0.7047788500785828,-0.5105600953102112,0.6226776838302612,0.6960352659225464,-0.60247403383255,0.6878332495689392,0.8393703699111938,0.031534694135189056,0.31336015462875366,0.7912007570266724,-0.5596960783004761,0.7239288091659546,1.2375848293304443,0.23237344622612,0.08029507100582123,1.0290580987930298,-1.32850980758667,0.7582992911338806,1.5601774454116821,0.2162313014268875,0.3718886971473694,0.822709321975708,-1.9757015705108643,0.7862671613693237,1.6621471643447876,0.21592549979686737,0.4877842366695404,0.7715449929237366,-2.1051580905914307,0.7719823718070984,1.660775065422058,0.1616382896900177,0.4747057557106018,0.691925585269928,-2.010974645614624,0.7462733387947083,1.630774974822998,0.1788225769996643,0.45442336797714233,0.7413008213043213,-1.9464575052261353,0.5853227376937866,1.6699446439743042,0.06003648787736893,0.3083570599555969,1.6689743995666504,-0.05747451260685921,0.5560242533683777,2.3198773860931396,0.06501070410013199,0.2932247519493103,2.3349192142486572,-0.1371242254972458,0.5054494738578796,2.9458556175231934,0.6041585206985474,0.26608118414878845,2.943559169769287,0.19584375619888306,0.4897330403327942,3.02959942817688,0.6203436851501465,0.2365206778049469,3.0269274711608887,0.21384985744953156,0.5214180946350098,3.1370630264282227,0.08919230848550797,0.3352978825569153,3.119068145751953,-0.4444917142391205,bad
0.7034357786178589,0.6384868621826172,-0.7176434397697449,0.7053048610687256,0.566310465335846,-0.6580435633659363,0.7068101167678833,0.5643500089645386,-0.6578408479690552,0.7077222466468811,0.5622282028198242,-0.6580666303634644,0.6842793226242065,0.560853123664856,-0.7614749670028687,0.669364869594574,0.555351972579956,-0.761171281337738,0.6526724100112915,0.5497564077377319,-0.7615891695022583,0.6526404023170471,0.5570793747901917,-0.3235170543193817,0.5741919279098511,0.5467650890350342,-0.7750034928321838,0.6833838224411011,0.6981659531593323,-0.582122802734375,0.6573466062545776,0.694453775882721,-0.7161338329315186,0.6544094085693359,0.8193753361701965,-0.07134586572647095,0.3309486210346222,0.7688530683517456,-0.7336539030075073,0.693827748298645,1.2127282619476318,0.39273199439048767,0.09360553324222565,1.058712363243103,-0.7670220732688904,0.7256790399551392,1.495840311050415,0.5060064792633057,0.2137562334537506,1.4329757690429688,-0.8548935651779175,0.7603579759597778,1.5825283527374268,0.5205802917480469,0.23394349217414856,1.5376381874084473,-0.903451144695282,0.7495337724685669,1.5859625339508057,0.46020078659057617,0.27813705801963806,1.5047051906585693,-0.927776038646698,0.7264930605888367,1.5606406927108765,0.47295475006103516,0.2711678743362427,1.4704086780548096,-0.8606338500976562,0.5865022540092468,1.6040481328964233,0.12993545830249786,0.32757100462913513,1.6103154420852661,-0.12718772888183594,0.5687168836593628,2.2311885356903076,0.21103616058826447,0.327886164188385,2.255797863006592,-0.09694565832614899,0.5413822531700134,2.817898988723755,0.8020889163017273,0.30005010962486267,2.8316798210144043,0.32084986567497253,0.5159467458724976,2.910109519958496,0.8261111974716187,0.259560227394104,2.924633026123047,0.33758416771888733,0.6016798615455627,2.984880208969116,0.3627709448337555,0.4143770635128021,2.980844020843506,-0.28082698583602905,bad
0.521475613117218,0.5703001022338867,-1.5119438171386719,0.5500134229660034,0.4826465845108032,-1.4649264812469482,0.5685856342315674,0.4815603494644165,-1.4650089740753174,0.5857549905776978,0.480306476354599,-1.4654185771942139,0.4858996272087097,0.47578561305999756,-1.4570341110229492,0.46061620116233826,0.47130221128463745,-1.4565656185150146,0.43777671456336975,0.4681553840637207,-1.4565508365631104,0.6041303873062134,0.4875698983669281,-0.9110166430473328,0.3969218134880066,0.47577792406082153,-0.8562806844711304,0.5488744974136353,0.6386485695838928,-1.2887297868728638,0.4740428924560547,0.6447696685791016,-1.2753499746322632,0.754625678062439,0.7870675325393677,-0.5134456157684326,0.25741156935691833,0.7898526787757874,-0.493978351354599,0.9158719778060913,1.0382405519485474,-0.4935785233974457,0.04112013801932335,1.052335262298584,-1.1163111925125122,0.9630445241928101,1.5335299968719482,-0.9073192477226257,0.2465958297252655,0.8788223266601562,-2.228029489517212,0.9751273989677429,1.6566218137741089,-1.0063512325286865,0.2955644428730011,0.8199220299720764,-2.4399120807647705,0.9311065673828125,1.6309946775436401,-1.0597169399261475,0.3245254158973694,0.7651099562644958,-2.3691184520721436,0.9111819267272949,1.5988314151763916,-0.9427838325500488,0.3238310217857361,0.8127829432487488,-2.2274892330169678,0.6639664173126221,1.6870511770248413,-0.11110617965459824,0.3349922299385071,1.6821002960205078,0.11547549813985825,0.6468215584754944,2.4194605350494385,-0.25878944993019104,0.3176427185535431,2.4154794216156006,-0.03516114503145218,0.6409571170806885,3.11326265335083,0.3347521722316742,0.3403802812099457,3.1003262996673584,0.25595492124557495,0.6505808234214783,3.211336612701416,0.3442956209182739,0.3431343734264374,3.1957480907440186,0.26030534505844116,0.5881717205047607,3.32002329826355,-0.4588879942893982,0.36440521478652954,3.317178249359131,-0.5817837119102478,bad
0.32705622911453247,0.5284179449081421,-1.1076213121414185,0.3705945611000061,0.4405440092086792,-1.1692522764205933,0.38882431387901306,0.4395313858985901,-1.1691124439239502,0.4084916114807129,0.4389549791812897,-1.1690692901611328,0.3344699442386627,0.4379598796367645,-1.0766948461532593,0.32623639702796936,0.43463996052742004,-1.076987624168396,0.3184131383895874,0.43105220794677734,-1.0778110027313232,0.5048466324806213,0.45467260479927063,-1.11493718624115,0.369019478559494,0.4340408146381378,-0.6915547847747803,0.3769645392894745,0.6005998849868774,-1.0561439990997314,0.33355557918548584,0.5984365344047546,-0.9355802536010742,0.7574048638343811,0.8212859034538269,-0.8839583396911621,0.27884817123413086,0.7372892498970032,-0.3511507213115692,0.7714613676071167,1.2869285345077515,-0.9352889060974121,0.08248090744018555,1.0024038553237915,-0.3299155831336975,0.6684557795524597,1.4856327772140503,-1.0956059694290161,0.023960469290614128,1.2933021783828735,-0.7670174241065979,0.6591036915779114,1.559518814086914,-1.1696157455444336,0.002816476859152317,1.3848350048065186,-0.8371570706367493,0.6210635900497437,1.5225234031677246,-1.1899383068084717,0.030394786968827248,1.3583836555480957,-0.8716100454330444,0.6208738088607788,1.484876275062561,-1.1093494892120361,0.044791482388973236,1.3279260396957397,-0.8040145635604858,0.6539369821548462,1.6245553493499756,-0.17660866677761078,0.35186338424682617,1.5784300565719604,0.18049846589565277,0.584503173828125,2.102033853530884,-0.29981690645217896,0.24932877719402313,2.044825315475464,-0.021309170871973038,0.5815809965133667,2.733909845352173,0.27604177594184875,0.2901802361011505,2.6978538036346436,0.492480993270874,0.6052734851837158,2.8456294536590576,0.32256466150283813,0.30714312195777893,2.7890572547912598,0.5225051641464233,0.492868036031723,2.8936517238616943,-0.16217640042304993,0.2636762261390686,2.9119577407836914,0.06037641316652298,bad
0.7403639554977417,0.4820099472999573,-0.6001590490341187,0.7296457886695862,0.4109509289264679,-0.532267153263092,0.7286194562911987,0.4089600443840027,-0.5318955183029175,0.7268818616867065,0.40699082612991333,-0.5321166515350342,0.7120895385742188,0.40901246666908264,-0.6494821310043335,0.6967188715934753,0.405790239572525,-0.649097740650177,0.680254340171814,0.4030081033706665,-0.6495058536529541,0.6558077335357666,0.4155912399291992,-0.1978263109922409,0.5890360474586487,0.41462039947509766,-0.7267186641693115,0.7120581865310669,0.551405131816864,-0.4779065251350403,0.6876393556594849,0.5537416338920593,-0.6273611783981323,0.6803534626960754,0.7438190579414368,-0.005470604635775089,0.3131788372993469,0.6719354391098022,-0.745360255241394,0.759743332862854,1.0687334537506104,0.2742280662059784,0.05167750269174576,1.0220048427581787,-0.8167716860771179,0.8772746920585632,1.5525569915771484,0.16956570744514465,0.004883981309831142,1.4891009330749512,-0.9580105543136597,0.9282678365707397,1.652759075164795,0.1281718611717224,-0.03741701692342758,1.6003212928771973,-1.0313223600387573,0.8929718136787415,1.6657708883285522,0.041264962404966354,0.016435904428362846,1.613147258758545,-1.1054818630218506,0.8626470565795898,1.6445178985595703,0.10998896509408951,0.0351458415389061,1.58161461353302,-0.9938003420829773,0.5940125584602356,1.6016581058502197,0.12096019834280014,0.30566707253456116,1.5933359861373901,-0.1165650337934494,0.5730689764022827,2.3042399883270264,0.1389804482460022,0.3107236921787262,2.302734613418579,-0.16710056364536285,0.5384849309921265,2.9551780223846436,0.7055694460868835,0.26694944500923157,2.9452595710754395,0.18484823405742645,0.5146893858909607,3.0548629760742188,0.7239067554473877,0.2206871509552002,3.0485754013061523,0.19633305072784424,0.590333878993988,3.130754232406616,0.24131986498832703,0.375857412815094,3.110988140106201,-0.45666345953941345,bad
0.21578821539878845,0.5598568320274353,-0.3929689824581146,0.23206767439842224,0.4867548644542694,-0.5125364065170288,0.24276968836784363,0.4798944294452667,-0.5128912925720215,0.2536190152168274,0.472488671541214,-0.5130931735038757,0.2201518714427948,0.49135100841522217,-0.32751184701919556,0.22206100821495056,0.4880593419075012,-0.3270619213581085,0.22455911338329315,0.48380500078201294,-0.32777780294418335,0.3335798978805542,0.4567238390445709,-0.7740959525108337,0.29880693554878235,0.46615344285964966,0.053407929837703705,0.27161508798599243,0.5954869985580444,-0.4781496524810791,0.2563444972038269,0.603015661239624,-0.23621538281440735,0.6355767846107483,0.7366794347763062,-0.9835556745529175,0.3939359188079834,0.7655999660491943,0.425428569316864,0.9486038088798523,1.0578747987747192,-1.17289400100708,0.5045716166496277,1.252978801727295,0.7499687671661377,0.9394866824150085,1.6353856325149536,-1.0397815704345703,0.4373367726802826,1.5316134691238403,0.5014897584915161,0.9776304364204407,1.7618693113327026,-1.1696697473526,0.4133291244506836,1.6152522563934326,0.519909143447876,0.9157269597053528,1.7698553800582886,-1.116145372390747,0.401055246591568,1.609423041343689,0.3506065905094147,0.9008554220199585,1.720975637435913,-1.0236890316009521,0.41025081276893616,1.576263427734375,0.40866512060165405,0.7234152555465698,1.7204225063323975,-0.43367570638656616,0.48631882667541504,1.7191860675811768,0.43947285413742065,0.729576051235199,2.462804079055786,-0.46854791045188904,0.46736955642700195,2.4246227741241455,0.43814215064048767,0.7402177453041077,3.147758722305298,0.16861990094184875,0.47529688477516174,3.104515790939331,0.7911969423294067,0.7745108604431152,3.2443418502807617,0.1933775395154953,0.4928499162197113,3.2051329612731934,0.8045171499252319,0.6362091302871704,3.3345420360565186,-0.3527129888534546,0.42350268363952637,3.3051669597625732,0.25261980295181274,bad
0.44665369391441345,0.49326714873313904,-0.8586536645889282,0.4790527820587158,0.4166349470615387,-0.8151761889457703,0.49952489137649536,0.41680240631103516,-0.8149776458740234,0.5175542235374451,0.41717851161956787,-0.8152748942375183,0.4151935577392578,0.4135960638523102,-0.8095005750656128,0.39283066987991333,0.41176196932792664,-0.8085862398147583,0.37396958470344543,0.4106054902076721,-0.8086405992507935,0.5468918681144714,0.4272750914096832,-0.4619143009185791,0.3503955006599426,0.43027639389038086,-0.41096925735473633,0.4846118092536926,0.5590657591819763,-0.7211760878562927,0.4081687927246094,0.5643123388290405,-0.7071334719657898,0.7019822001457214,0.7097062468528748,-0.25444573163986206,0.2362331598997116,0.7687860727310181,-0.27448737621307373,0.8850189447402954,1.0168474912643433,-0.24487300217151642,0.1827472746372223,1.1768192052841187,-0.293412983417511,0.9590123891830444,1.46804678440094,-0.5012525320053101,0.16604730486869812,1.5584008693695068,-0.8411585092544556,1.0080209970474243,1.5829182863235474,-0.6013477444648743,0.12509940564632416,1.6779205799102783,-0.9727279543876648,0.9458233118057251,1.5985995531082153,-0.6655807495117188,0.1740836203098297,1.6778607368469238,-1.0851426124572754,0.9154990911483765,1.5594005584716797,-0.545728325843811,0.1999780833721161,1.6322906017303467,-0.9101386070251465,0.665963351726532,1.537662148475647,-0.07926337420940399,0.3665403723716736,1.5454784631729126,0.08516068011522293,0.6660987138748169,2.2002112865448,-0.14389285445213318,0.3702428936958313,2.22061824798584,0.0975043848156929,0.6702428460121155,2.801332712173462,0.3907536268234253,0.3830947279930115,2.812833070755005,0.4051445424556732,0.6831090450286865,2.896263360977173,0.41036421060562134,0.38131654262542725,2.908843517303467,0.4165862202644348,0.6181963086128235,2.9946579933166504,-0.17806696891784668,0.42970794439315796,3.0027453899383545,-0.22306641936302185,bad
0.4525211453437805,0.5002979040145874,-0.8739000558853149,0.48610419034957886,0.4211510717868805,-0.8381322622299194,0.5058565735816956,0.42016997933387756,-0.8378788232803345,0.5225604772567749,0.4200887680053711,-0.8381786346435547,0.4206004738807678,0.42187774181365967,-0.8267850875854492,0.39830148220062256,0.4209122657775879,-0.8259714841842651,0.37981173396110535,0.42051923274993896,-0.8260296583175659,0.5467043519020081,0.42626482248306274,-0.4919053018093109,0.35976681113243103,0.4347839057445526,-0.41935014724731445,0.4890214800834656,0.5612265467643738,-0.7388283014297485,0.4115160405635834,0.5678667426109314,-0.7171472907066345,0.7085996866226196,0.6970154047012329,-0.2768056094646454,0.25482651591300964,0.7561588883399963,-0.27392685413360596,0.8908163905143738,1.0048342943191528,-0.25348490476608276,0.1909445822238922,1.1792470216751099,-0.31738215684890747,0.9782975912094116,1.4328901767730713,-0.5215440988540649,0.16668161749839783,1.5147935152053833,-0.9353008270263672,1.02903151512146,1.5418736934661865,-0.6220195889472961,0.13011398911476135,1.6296520233154297,-1.071293830871582,0.9751049876213074,1.5520422458648682,-0.6914372444152832,0.17472434043884277,1.6223983764648438,-1.1761748790740967,0.9427571296691895,1.5183511972427368,-0.566592812538147,0.20034584403038025,1.5803124904632568,-1.0032687187194824,0.6687504053115845,1.5165024995803833,-0.07995442301034927,0.3723517954349518,1.538846492767334,0.08576196432113647,0.6757662296295166,2.175931215286255,-0.08481413125991821,0.3821580111980438,2.196864366531372,0.13588032126426697,0.6853839755058289,2.776892900466919,0.4938313961029053,0.40176311135292053,2.7888271808624268,0.5592308640480042,0.6987351179122925,2.8682920932769775,0.5164756178855896,0.40160220861434937,2.8812525272369385,0.5826814770698547,0.6388999223709106,2.9691176414489746,-0.07910983264446259,0.45067572593688965,2.977675437927246,-0.07095847278833389,bad
0.5091508030891418,0.5157243013381958,-1.033547043800354,0.5228707194328308,0.45661601424217224,-0.9658409953117371,0.5345791578292847,0.45807167887687683,-0.9661369323730469,0.5457401275634766,0.4589601457118988,-0.9663365483283997,0.4825819134712219,0.4484556317329407,-0.9933965802192688,0.46682316064834595,0.444737046957016,-0.9931161999702454,0.4482652544975281,0.44208061695098877,-0.9935389757156372,0.5467681288719177,0.46972498297691345,-0.5215980410575867,0.4037608206272125,0.4566977322101593,-0.6354494690895081,0.5223221182823181,0.5719482898712158,-0.8638094067573547,0.4772290289402008,0.567414402961731,-0.8963102102279663,0.6540744304656982,0.7606624364852905,-0.20699624717235565,0.2616214156150818,0.7639070153236389,-0.45693475008010864,0.7348638772964478,1.1505606174468994,-0.09432180225849152,0.19167539477348328,1.2017217874526978,-0.4520795941352844,0.7720619440078735,1.4729386568069458,-0.48894113302230835,0.2010575830936432,1.502929925918579,-0.9630797505378723,0.7980914115905762,1.5680654048919678,-0.5972962379455566,0.17916181683540344,1.5968356132507324,-1.1105514764785767,0.7737904787063599,1.5724986791610718,-0.6977936029434204,0.2189776599407196,1.585767388343811,-1.2047969102859497,0.7485451698303223,1.5387622117996216,-0.5504297614097595,0.23780734837055206,1.549128770828247,-1.0181691646575928,0.5998184680938721,1.520104169845581,-0.011071428656578064,0.3342307209968567,1.5311812162399292,0.015175295062363148,0.5841644406318665,2.134523868560791,-0.07692943513393402,0.33702248334884644,2.1437182426452637,-0.05109979957342148,0.5747665762901306,2.6985208988189697,0.47386449575424194,0.34068143367767334,2.698368549346924,0.2810479700565338,0.5758322477340698,2.7827539443969727,0.49504199624061584,0.3352319002151489,2.7856829166412354,0.2947234809398651,0.5411375164985657,2.8685367107391357,-0.043772224336862564,0.37447744607925415,2.8587987422943115,-0.32682621479034424,bad
0.5122922658920288,0.4880658686161041,-1.2461678981781006,0.5291305780410767,0.4197145700454712,-1.1857481002807617,0.5435298681259155,0.42068198323249817,-1.1860480308532715,0.5572835206985474,0.4217973053455353,-1.1861350536346436,0.4842904210090637,0.41337496042251587,-1.2015079259872437,0.46684154868125916,0.41064247488975525,-1.2013468742370605,0.4476850926876068,0.40898504853248596,-1.2019317150115967,0.570480465888977,0.43821439146995544,-0.7387118935585022,0.4049071669578552,0.4298328459262848,-0.8012045621871948,0.5314768552780151,0.5526763200759888,-1.071125864982605,0.4788820743560791,0.5502172708511353,-1.0892921686172485,0.7025495171546936,0.7506725788116455,-0.4070417881011963,0.2741466760635376,0.7508357167243958,-0.5301132798194885,0.7814456224441528,1.1861697435379028,-0.33576029539108276,0.19074620306491852,1.2124422788619995,-0.4486507475376129,0.7867415547370911,1.5168565511703491,-0.7895914912223816,0.1998988389968872,1.5353907346725464,-0.9179788827896118,0.8137957453727722,1.627562403678894,-0.9181082844734192,0.1815965473651886,1.644178032875061,-1.0662099123001099,0.7754389047622681,1.620995283126831,-1.0139546394348145,0.21895554661750793,1.6305946111679077,-1.1688852310180664,0.7540103793144226,1.576290249824524,-0.8508706092834473,0.23744313418865204,1.5879285335540771,-0.9775186777114868,0.6326106786727905,1.5344935655593872,-0.03173027187585831,0.3531504273414612,1.5376375913619995,0.036367110908031464,0.6090174317359924,2.174290895462036,-0.11170677840709686,0.3464854061603546,2.172724962234497,-0.13581979274749756,0.602001965045929,2.7556676864624023,0.45079851150512695,0.3506156802177429,2.7493441104888916,0.2298678457736969,0.6050791144371033,2.8453195095062256,0.4710710942745209,0.3470239043235779,2.8435516357421875,0.24382230639457703,0.5597085952758789,2.941502332687378,-0.14502449333667755,0.38207343220710754,2.925459146499634,-0.43240565061569214,bad
0.4784865975379944,0.526339590549469,-1.3589417934417725,0.506878137588501,0.43469172716140747,-1.388972282409668,0.5295610427856445,0.42733636498451233,-1.3888165950775146,0.5532311201095581,0.41894564032554626,-1.3887948989868164,0.46046051383018494,0.4447520077228546,-1.3091073036193848,0.4492560923099518,0.4457837641239166,-1.3094745874404907,0.439364492893219,0.44665616750717163,-1.3101497888565063,0.6309575438499451,0.4169646203517914,-1.2130879163742065,0.47004619240760803,0.44198963046073914,-0.8477551341056824,0.529716432094574,0.5878560543060303,-1.2680389881134033,0.48441165685653687,0.5929082036018372,-1.1641318798065186,0.8415471911430359,0.8236342668533325,-0.9537290334701538,0.4414781928062439,0.6835142970085144,-0.45224857330322266,0.9250175356864929,1.2670799493789673,-0.9202640652656555,0.29671239852905273,0.9677302837371826,-0.3906659781932831,0.8611167073249817,1.5531705617904663,-1.0157134532928467,0.22214201092720032,1.3184025287628174,-0.8651917576789856,0.8621001243591309,1.645301342010498,-1.0921589136123657,0.19237300753593445,1.415693998336792,-0.9544018507003784,0.8294036984443665,1.6198407411575317,-1.135542631149292,0.21541908383369446,1.3986097574234009,-1.0218183994293213,0.8163547515869141,1.5734617710113525,-1.0384992361068726,0.2362125664949417,1.368257761001587,-0.9144346117973328,0.7617471814155579,1.5536960363388062,-0.21258699893951416,0.49131423234939575,1.489086627960205,0.21562950313091278,0.6762959957122803,2.012812614440918,-0.4477672576904297,0.3641147017478943,1.8801778554916382,-0.11444169282913208,0.6720000505447388,2.6454977989196777,0.13728152215480804,0.40638136863708496,2.5775535106658936,0.31725138425827026,0.700492262840271,2.7616002559661865,0.16312645375728607,0.43077167868614197,2.6718251705169678,0.34402942657470703,0.5731329321861267,2.787388324737549,-0.3894398808479309,0.35614898800849915,2.8036720752716064,-0.134433776140213,bad
0.6299834251403809,0.4795915484428406,-0.7026470899581909,0.6414183378219604,0.41421645879745483,-0.6482959985733032,0.6502351760864258,0.41555869579315186,-0.6479860544204712,0.6582419276237488,0.41685035824775696,-0.648322343826294,0.6028009057044983,0.4017948508262634,-0.7053835988044739,0.5848576426506042,0.39515358209609985,-0.7049733400344849,0.5643850564956665,0.3892969489097595,-0.705196738243103,0.6391352415084839,0.4313404858112335,-0.3090062737464905,0.5025946497917175,0.4054889678955078,-0.5558671355247498,0.6297498941421509,0.5379082560539246,-0.5722534656524658,0.5867258310317993,0.53290855884552,-0.64304518699646,0.7056889533996582,0.7629407644271851,-0.08821766078472137,0.30285486578941345,0.6949661374092102,-0.5362866520881653,0.7111266851425171,1.116997480392456,0.09656765311956406,0.19562044739723206,1.0664992332458496,-0.5473915934562683,0.7521368861198425,1.5153920650482178,-0.028201526030898094,0.2039453685283661,1.5185372829437256,-0.7605606913566589,0.7809145450592041,1.621482491493225,-0.07709021866321564,0.1666569709777832,1.627671480178833,-0.8480867147445679,0.7502676248550415,1.6282063722610474,-0.1482631415128708,0.21556885540485382,1.6437008380889893,-0.920167088508606,0.7288510203361511,1.590838074684143,-0.07402299344539642,0.2350022792816162,1.5997772216796875,-0.7975570559501648,0.6069232821464539,1.53768789768219,0.04080131649971008,0.3409377932548523,1.5319346189498901,-0.03693388029932976,0.5636271238327026,2.1811814308166504,0.022953970357775688,0.320560485124588,2.1790568828582764,-0.07949818670749664,0.5297930240631104,2.774604558944702,0.5595474243164062,0.29366713762283325,2.7572197914123535,0.22724220156669617,0.5181785821914673,2.864305019378662,0.5783206224441528,0.2725553512573242,2.8491616249084473,0.23817983269691467,0.5206288695335388,2.9472403526306152,0.1135474219918251,0.3329687714576721,2.920626640319824,-0.34620538353919983,bad
0.5659795999526978,0.5062717795372009,-0.8416149020195007,0.5868908762931824,0.43693462014198303,-0.7896165251731873,0.6009055972099304,0.4381978213787079,-0.7895402312278748,0.614315927028656,0.43945324420928955,-0.7899203300476074,0.5392099618911743,0.42747962474823,-0.8201961517333984,0.5190033912658691,0.4230957627296448,-0.8194395303726196,0.4976852834224701,0.4202679395675659,-0.8196904063224792,0.6152146458625793,0.44989192485809326,-0.4164525866508484,0.4466296136379242,0.4316672384738922,-0.49155735969543457,0.5774867534637451,0.5669705271720886,-0.6927138566970825,0.5237728357315063,0.5622912645339966,-0.7173152565956116,0.7271959781646729,0.772206723690033,-0.18042734265327454,0.2860114574432373,0.7217954993247986,-0.3930257558822632,0.7858428955078125,1.1956833600997925,-0.12031525373458862,0.18962505459785461,1.1681087017059326,-0.36473891139030457,0.7692351937294006,1.5391108989715576,-0.4169362187385559,0.1906619369983673,1.5442793369293213,-0.7170479893684387,0.7930471897125244,1.6580435037612915,-0.5134516358375549,0.15706714987754822,1.6542840003967285,-0.8336658477783203,0.7504773736000061,1.660720705986023,-0.5882053375244141,0.20186953246593475,1.6558648347854614,-0.9138269424438477,0.7324726581573486,1.6144986152648926,-0.46773356199264526,0.22477364540100098,1.6101056337356567,-0.7635249495506287,0.6234273314476013,1.5572035312652588,-0.015349681489169598,0.3545127511024475,1.5457974672317505,0.020211495459079742,0.5850980877876282,2.197051525115967,-0.06951004266738892,0.3152696192264557,2.1908786296844482,-0.022197416052222252,0.5518900156021118,2.789564847946167,0.4339185655117035,0.2940921485424042,2.7752721309661865,0.24532485008239746,0.5522345900535583,2.880295991897583,0.45460885763168335,0.2823471128940582,2.870366334915161,0.2536610960960388,0.5058313608169556,2.982673168182373,-0.07005001604557037,0.3238719403743744,2.9607009887695312,-0.3497850000858307,bad
0.5072820782661438,0.565220057964325,-1.0370360612869263,0.5428383946418762,0.4776354432106018,-1.0197148323059082,0.5658239126205444,0.4745103716850281,-1.0195982456207275,0.584331750869751,0.47176095843315125,-1.019865870475769,0.4788225293159485,0.47868725657463074,-1.0004761219024658,0.46079882979393005,0.47694048285484314,-0.9998148679733276,0.4457567632198334,0.47553494572639465,-1.0000783205032349,0.6128381490707397,0.46960026025772095,-0.7086254358291626,0.43370574712753296,0.4745107889175415,-0.5961121320724487,0.5487508177757263,0.6219743490219116,-0.9042966961860657,0.47658586502075195,0.6284148097038269,-0.8713726997375488,0.7692829966545105,0.783979058265686,-0.43726760149002075,0.316619873046875,0.7455006837844849,-0.37783578038215637,0.8300247192382812,1.2285782098770142,-0.33835506439208984,0.23578330874443054,1.0855979919433594,-0.22490160167217255,0.7883232831954956,1.5303165912628174,-0.5375651121139526,0.17672225832939148,1.4930704832077026,-0.6047888398170471,0.8033363223075867,1.6387983560562134,-0.6164067387580872,0.13816401362419128,1.5924172401428223,-0.7058507800102234,0.757432758808136,1.6310807466506958,-0.6716912984848022,0.17136886715888977,1.592397689819336,-0.8048487901687622,0.7412101030349731,1.5839647054672241,-0.5747392177581787,0.19885247945785522,1.5542274713516235,-0.6616542935371399,0.662837028503418,1.5213967561721802,-0.07748132199048996,0.3775067627429962,1.4990788698196411,0.08264560997486115,0.630163848400116,2.152751922607422,-0.12846992909908295,0.3616950809955597,2.1300747394561768,0.07512230426073074,0.6108604669570923,2.716529607772827,0.4328128695487976,0.3549521267414093,2.6945748329162598,0.39865297079086304,0.6199982762336731,2.8031952381134033,0.45727938413619995,0.3524705767631531,2.7840592861175537,0.4145691990852356,0.5424087047576904,2.9063339233398438,-0.07814281433820724,0.37165582180023193,2.889296293258667,-0.22733445465564728,bad
0.6143072843551636,0.47887665033340454,-1.0681430101394653,0.6346866488456726,0.4046136736869812,-0.9947875142097473,0.649142861366272,0.40608420968055725,-0.9952616691589355,0.6614724397659302,0.4076548218727112,-0.99578458070755,0.5826467871665955,0.39321663975715637,-1.0303008556365967,0.5605824589729309,0.38863882422447205,-1.030035376548767,0.5375708937644958,0.3859553933143616,-1.0305733680725098,0.6514698266983032,0.4204198122024536,-0.5187045931816101,0.47818318009376526,0.40338608622550964,-0.6557596921920776,0.623576283454895,0.5431516170501709,-0.8810149431228638,0.5686838030815125,0.5344322919845581,-0.923362135887146,0.7484573125839233,0.7174270153045654,-0.1534062772989273,0.3081454336643219,0.7261011600494385,-0.4576232433319092,0.930094838142395,0.9879719018936157,-0.035267725586891174,0.22920063138008118,1.1841065883636475,-0.44831761717796326,1.0497864484786987,1.3801376819610596,-0.4333422780036926,0.18596550822257996,1.5692108869552612,-0.8919407725334167,1.1056492328643799,1.4898488521575928,-0.5394509434700012,0.14836548268795013,1.6952722072601318,-1.0363938808441162,1.0669649839401245,1.5002776384353638,-0.6541699171066284,0.19252151250839233,1.692152500152588,-1.1498627662658691,1.0298587083816528,1.4722241163253784,-0.5047427415847778,0.21943466365337372,1.6481616497039795,-0.9546673893928528,0.675475001335144,1.5826817750930786,0.011979201808571815,0.38233786821365356,1.5949342250823975,-0.0071042911149561405,0.676818311214447,2.2249245643615723,-0.21042382717132568,0.38797473907470703,2.2433533668518066,-0.22590439021587372,0.6782196760177612,2.869154453277588,0.275603711605072,0.3964981436729431,2.8859810829162598,0.006684299558401108,0.6793840527534485,2.9661896228790283,0.29009363055229187,0.3849669098854065,2.9923653602600098,0.004251609556376934,0.65777587890625,3.0686144828796387,-0.2951003909111023,0.4439173638820648,3.067256450653076,-0.6565312147140503,bad
0.45941686630249023,0.47186288237571716,-0.8374212384223938,0.4946458339691162,0.39873188734054565,-0.809939980506897,0.5166399478912354,0.39806345105171204,-0.809655487537384,0.5333259701728821,0.3982868790626526,-0.8098238110542297,0.42714375257492065,0.3974493145942688,-0.794378936290741,0.40775132179260254,0.39723262190818787,-0.7936316728591919,0.3947739005088806,0.3976036310195923,-0.7936757206916809,0.5661315321922302,0.4121260941028595,-0.49335402250289917,0.38217395544052124,0.41609248518943787,-0.41344577074050903,0.5029598474502563,0.538921594619751,-0.7191821932792664,0.4233357012271881,0.5420948266983032,-0.690414547920227,0.7278873920440674,0.7074814438819885,-0.3111458420753479,0.27456241846084595,0.7508805990219116,-0.24911901354789734,0.9204174876213074,0.9841889142990112,-0.28801366686820984,0.23260676860809326,1.1637547016143799,-0.22033624351024628,0.9984468221664429,1.401938557624817,-0.5034841895103455,0.21839308738708496,1.4795535802841187,-0.7274283170700073,1.0446118116378784,1.5113108158111572,-0.591413140296936,0.18771669268608093,1.5970686674118042,-0.837854266166687,0.9899030923843384,1.5206705331802368,-0.6421598196029663,0.22759418189525604,1.5875682830810547,-0.9444373846054077,0.9596531987190247,1.4847794771194458,-0.5380656123161316,0.2518691420555115,1.5443247556686401,-0.7922958135604858,0.6797808408737183,1.503158688545227,-0.0808570608496666,0.3833388686180115,1.5213468074798584,0.08594974875450134,0.6759578585624695,2.13999342918396,-0.08368602395057678,0.3895424008369446,2.1568527221679688,0.1743117719888687,0.6680766940116882,2.7239737510681152,0.4928165078163147,0.39135488867759705,2.7290828227996826,0.6241078972816467,0.6789828538894653,2.8123295307159424,0.518906831741333,0.3902735710144043,2.8203952312469482,0.6522185206413269,0.6164277195930481,2.9142065048217773,-0.030413564294576645,0.43222537636756897,2.9150960445404053,0.04880916327238083,bad
0.31948670744895935,0.5111048817634583,-0.5869981050491333,0.3463788330554962,0.44380679726600647,-0.6610714197158813,0.3610593378543854,0.4381985664367676,-0.6612858176231384,0.3766438961029053,0.43185538053512573,-0.6620454788208008,0.3188198506832123,0.4512512981891632,-0.5271410942077637,0.3148304224014282,0.4505782723426819,-0.5262902975082397,0.3104346692562103,0.4493507444858551,-0.5265658497810364,0.45394498109817505,0.4317081570625305,-0.7597714066505432,0.37117359042167664,0.4454673230648041,-0.1204044446349144,0.3733946979045868,0.5655900835990906,-0.6110390424728394,0.34319978952407837,0.5742599368095398,-0.42735809087753296,0.7261476516723633,0.7132962942123413,-0.824494481086731,0.3865954279899597,0.7316107153892517,0.17654985189437866,0.9524332880973816,1.000257968902588,-0.9010329246520996,0.40178340673446655,1.1224228143692017,0.5145708322525024,0.9768245816230774,1.4247095584869385,-0.7445012927055359,0.3527701199054718,1.3728864192962646,0.19087965786457062,1.019291639328003,1.5412839651107788,-0.8207811117172241,0.31425973773002625,1.4560296535491943,0.16029338538646698,0.9596583247184753,1.5686744451522827,-0.8164175152778625,0.33416321873664856,1.4552441835403442,0.030431460589170456,0.936741828918457,1.5274713039398193,-0.7397043108940125,0.35522645711898804,1.423093318939209,0.10958202183246613,0.7382177710533142,1.5161287784576416,-0.3237718343734741,0.4787129759788513,1.5059527158737183,0.32843995094299316,0.7355589270591736,2.1686997413635254,-0.22656139731407166,0.48979535698890686,2.1344239711761475,0.5595521926879883,0.7680727243423462,2.74006724357605,0.47439131140708923,0.5050161480903625,2.703181266784668,1.015747308731079,0.8054150342941284,2.8299784660339355,0.5109672546386719,0.5135611295700073,2.78651762008667,1.0493624210357666,0.6646053194999695,2.8977363109588623,-0.02180272527039051,0.48799461126327515,2.900729179382324,0.5255776643753052,bad
0.26480811834335327,0.5473361611366272,-0.4996991753578186,0.27873358130455017,0.47784265875816345,-0.6019858121871948,0.28788700699806213,0.47227242588996887,-0.6022473573684692,0.29680153727531433,0.4663269817829132,-0.6022018194198608,0.27012699842453003,0.47915127873420715,-0.447577565908432,0.27257969975471497,0.4744652807712555,-0.4474280774593353,0.2755453586578369,0.46878498792648315,-0.4480021893978119,0.3653913140296936,0.4527277648448944,-0.8395928144454956,0.3422270119190216,0.4527864456176758,-0.14154744148254395,0.313540518283844,0.5837595462799072,-0.5746373534202576,0.3025999665260315,0.5871914029121399,-0.3731961250305176,0.6515563726425171,0.7406691312789917,-0.9631169438362122,0.4655779302120209,0.7124544978141785,0.1998213678598404,0.9718268513679504,1.0203783512115479,-0.995398998260498,0.5642184019088745,1.1155390739440918,0.5226123929023743,1.0452396869659424,1.4948838949203491,-0.7764953374862671,0.5139502882957458,1.4025393724441528,0.3338455259799957,1.0925796031951904,1.5923515558242798,-0.8768011331558228,0.4911230504512787,1.4825737476348877,0.3525591790676117,1.037043571472168,1.601643681526184,-0.838905930519104,0.49363240599632263,1.4840975999832153,0.2078583687543869,1.018336534500122,1.5628741979599,-0.7662791609764099,0.5019798874855042,1.4526909589767456,0.2547711730003357,0.7442189455032349,1.6155917644500732,-0.39260226488113403,0.5417815446853638,1.6033368110656738,0.3973425030708313,0.721809983253479,2.2553300857543945,-0.359057754278183,0.5046812295913696,2.223822832107544,0.46696966886520386,0.7383392453193665,2.8615810871124268,0.329276442527771,0.5033888220787048,2.8349192142486572,0.9257177114486694,0.7752262353897095,2.9391088485717773,0.3651534914970398,0.5266741514205933,2.9222571849823,0.9519841074943542,0.6339064836502075,3.06437611579895,-0.09712686389684677,0.4449589252471924,3.0372397899627686,0.4850338399410248,bad
0.2768351435661316,0.5241026878356934,-0.5028187036514282,0.2980644404888153,0.44727960228919983,-0.6134145259857178,0.3085671663284302,0.44168537855148315,-0.6137223243713379,0.31833547353744507,0.435906320810318,-0.6139165759086609,0.2862965762615204,0.4479549527168274,-0.4496384561061859,0.2885094881057739,0.44275426864624023,-0.4493536949157715,0.2913458049297333,0.43670493364334106,-0.4499550759792328,0.3953707814216614,0.4294571876525879,-0.8485859036445618,0.36491659283638,0.4295271039009094,-0.1100241094827652,0.32876163721084595,0.5691702961921692,-0.5756915211677551,0.3149215877056122,0.5733568668365479,-0.3608500361442566,0.672636866569519,0.7400323152542114,-0.9978358149528503,0.4672975540161133,0.7167745232582092,0.24774758517742157,0.9823748469352722,1.034730315208435,-1.0895040035247803,0.5700365304946899,1.1702173948287964,0.636360228061676,1.0312814712524414,1.5801578760147095,-0.9121052622795105,0.5127338767051697,1.4804481267929077,0.47266507148742676,1.0737779140472412,1.6955903768539429,-1.021120548248291,0.4884445071220398,1.5752655267715454,0.5064789652824402,1.0149338245391846,1.7008285522460938,-0.9769501686096191,0.486558735370636,1.5770665407180786,0.347523033618927,0.9949032068252563,1.6554687023162842,-0.8973105549812317,0.49693742394447327,1.5401761531829834,0.3898499310016632,0.7499492764472961,1.6499229669570923,-0.4074985980987549,0.5310614705085754,1.6367491483688354,0.412397563457489,0.7249705195426941,2.3343513011932373,-0.3728584945201874,0.48159995675086975,2.2945291996002197,0.4752384126186371,0.7137740850448608,2.974644899368286,0.3287425637245178,0.4766480028629303,2.9259181022644043,0.929146945476532,0.7451860904693604,3.0621793270111084,0.36285191774368286,0.49171990156173706,3.016984462738037,0.9538450241088867,0.6131080389022827,3.1612088680267334,-0.1490693986415863,0.42294883728027344,3.12447452545166,0.43866991996765137,bad
0.4610159397125244,0.5329781174659729,-0.8731438517570496,0.4938848912715912,0.4472239315509796,-0.8593530654907227,0.5178999900817871,0.4423229992389679,-0.8590766787528992,0.5362897515296936,0.437968373298645,-0.8592653274536133,0.4262658655643463,0.45453089475631714,-0.8311411738395691,0.4085639417171478,0.4547364115715027,-0.8303268551826477,0.3932727575302124,0.4555838406085968,-0.8303977251052856,0.5660342574119568,0.44186750054359436,-0.5675477385520935,0.37692245841026306,0.4641598165035248,-0.43069976568222046,0.5055264234542847,0.5911808013916016,-0.7612202167510986,0.4303362965583801,0.5994942784309387,-0.7140033841133118,0.7428988814353943,0.7116574645042419,-0.33295994997024536,0.2983922064304352,0.7577224373817444,-0.2427649050951004,0.9420954585075378,0.9881067276000977,-0.28501957654953003,0.224829763174057,1.0737024545669556,-0.223849818110466,1.0069491863250732,1.4139404296875,-0.49360108375549316,0.16196593642234802,1.4918596744537354,-0.7518334984779358,1.054709553718567,1.5153391361236572,-0.5765656232833862,0.1190292090177536,1.6079838275909424,-0.8672524690628052,0.9994221925735474,1.529455542564392,-0.6426259279251099,0.1611110419034958,1.5968445539474487,-0.9698530435562134,0.9697109460830688,1.4967972040176392,-0.5356109142303467,0.1894693374633789,1.5555747747421265,-0.816055178642273,0.6983933448791504,1.4974244832992554,-0.09784965962171555,0.40144333243370056,1.5098013877868652,0.10351715981960297,0.6968784332275391,2.1250431537628174,-0.15103459358215332,0.4122222363948822,2.133650541305542,0.16931411623954773,0.6975991129875183,2.686476469039917,0.35503730177879333,0.4185931086540222,2.69525146484375,0.5411704182624817,0.7121249437332153,2.772552490234375,0.37457749247550964,0.41738206148147583,2.783902645111084,0.5612860918045044,0.6371619701385498,2.8774783611297607,-0.1902392953634262,0.4578726887702942,2.8840572834014893,-0.037198685109615326,bad
0.6028841733932495,0.49618372321128845,-1.0770056247711182,0.6259374022483826,0.4183845818042755,-1.010811448097229,0.6407962441444397,0.41900330781936646,-1.010354995727539,0.6541773080825806,0.42001768946647644,-1.010859727859497,0.5732534527778625,0.40876778960227966,-1.0792285203933716,0.5498496890068054,0.40447908639907837,-1.078758955001831,0.5255740880966187,0.4020492732524872,-1.0789331197738647,0.6443277597427368,0.42924243211746216,-0.5683696866035461,0.4623822569847107,0.40992286801338196,-0.785104513168335,0.6065799593925476,0.5623559951782227,-0.8817801475524902,0.5540686845779419,0.5576212406158447,-0.960943341255188,0.7322787046432495,0.7399840950965881,-0.25879180431365967,0.264573872089386,0.694503903388977,-0.5659010410308838,0.8059046864509583,1.1702357530593872,0.022778049111366272,0.06242610886693001,1.0014164447784424,-0.6943122744560242,0.790977954864502,1.5450838804244995,-0.14869293570518494,0.010059049353003502,1.4070639610290527,-1.0793368816375732,0.8118304014205933,1.6607197523117065,-0.2038174569606781,-0.015247346833348274,1.5077542066574097,-1.1907627582550049,0.7770777940750122,1.6568644046783447,-0.2985561490058899,0.04270574077963829,1.4995070695877075,-1.25825035572052,0.7538653612136841,1.618505835533142,-0.201497882604599,0.0623597726225853,1.468241572380066,-1.113252878189087,0.6187853217124939,1.5784528255462646,0.008113011717796326,0.31427961587905884,1.5620943307876587,-0.0038814961444586515,0.585568904876709,2.2839348316192627,0.007573407143354416,0.2988741397857666,2.2794787883758545,-0.016335757449269295,0.563671350479126,2.925246000289917,0.6650787591934204,0.29125040769577026,2.9096009731292725,0.39669284224510193,0.5573989152908325,3.0190019607543945,0.6959615349769592,0.27722346782684326,3.0021824836730957,0.4172359108924866,0.537244439125061,3.1238837242126465,0.11161838471889496,0.33338603377342224,3.109872341156006,-0.27632936835289,bad
0.6825809478759766,0.5019544959068298,-0.6144998669624329,0.6822486519813538,0.42851078510284424,-0.5507372617721558,0.6851833462715149,0.42727071046829224,-0.5504482984542847,0.6878212690353394,0.42595231533050537,-0.5507060885429382,0.656456708908081,0.4224676489830017,-0.6675848960876465,0.6390572786331177,0.4175857901573181,-0.667372465133667,0.6191251873970032,0.4131736159324646,-0.6678987145423889,0.6350315809249878,0.429247111082077,-0.20111525058746338,0.535504937171936,0.4213590621948242,-0.7236939668655396,0.6649260520935059,0.5680774450302124,-0.47899895906448364,0.6342011094093323,0.5671659708023071,-0.6279816031455994,0.656631588935852,0.7316820025444031,0.075911745429039,0.27539554238319397,0.7120571732521057,-0.7713863849639893,0.6963417530059814,1.1737338304519653,0.48721447587013245,0.0427275076508522,1.0467551946640015,-0.9243152737617493,0.7514559030532837,1.5253880023956299,0.5565803050994873,0.11574564129114151,1.5711464881896973,-1.0346487760543823,0.7992798089981079,1.6209509372711182,0.5646244883537292,0.10910004377365112,1.6996970176696777,-1.1050934791564941,0.7784100770950317,1.630610704421997,0.48361438512802124,0.1674807071685791,1.6925173997879028,-1.1471199989318848,0.752212643623352,1.6063491106033325,0.5099766254425049,0.1733536273241043,1.6498913764953613,-1.0516011714935303,0.5894273519515991,1.6163957118988037,0.15278738737106323,0.3030816316604614,1.6270215511322021,-0.14909248054027557,0.5662040114402771,2.3265860080718994,0.20367899537086487,0.30184441804885864,2.3451225757598877,-0.20291933417320251,0.5382651686668396,2.99306058883667,0.7484559416770935,0.27139735221862793,3.005035877227783,0.18891599774360657,0.5151709318161011,3.0950331687927246,0.7668404579162598,0.23284244537353516,3.1103477478027344,0.2016923427581787,0.6061910390853882,3.1822197437286377,0.29034292697906494,0.4056828022003174,3.182687997817993,-0.4670712947845459,bad
0.780719518661499,0.5254127979278564,-0.30355483293533325,0.7671138644218445,0.4610448479652405,-0.2375672608613968,0.7629038691520691,0.45704376697540283,-0.23780934512615204,0.7572749853134155,0.4519493877887726,-0.2377072125673294,0.7589445114135742,0.4581407904624939,-0.375457227230072,0.7502409219741821,0.45280182361602783,-0.3755856156349182,0.7399145364761353,0.4467460811138153,-0.37603098154067993,0.6760135889053345,0.44245579838752747,0.056692175567150116,0.6560919284820557,0.44117867946624756,-0.5594058632850647,0.74657142162323,0.5815640687942505,-0.18546681106090546,0.7364877462387085,0.577044665813446,-0.3673394024372101,0.5633364915847778,0.7206627726554871,0.33901679515838623,0.39152440428733826,0.7188690900802612,-0.7323140501976013,0.4328967034816742,1.1778541803359985,0.4176343083381653,0.08934943377971649,1.0356546640396118,-0.8056917190551758,0.3933524489402771,1.4187127351760864,0.18246231973171234,0.049342505633831024,1.4613864421844482,-0.7959591150283813,0.39287829399108887,1.4883289337158203,0.13949021697044373,0.016498597338795662,1.5321156978607178,-0.8903891444206238,0.38143375515937805,1.4514163732528687,0.07177571207284927,0.06818525493144989,1.5132125616073608,-0.9214217066764832,0.37630122900009155,1.4341150522232056,0.13004198670387268,0.07490674406290054,1.4940615892410278,-0.8148587346076965,0.5744490623474121,1.5803455114364624,0.34395357966423035,0.3736460208892822,1.6420413255691528,-0.33969876170158386,0.7374617457389832,2.1494948863983154,0.3396602272987366,0.6106356382369995,2.257124900817871,-0.45034950971603394,0.6783443093299866,2.706024408340454,0.7365483045578003,0.48138341307640076,2.769482135772705,-0.08617375791072845,0.6256986260414124,2.810408592224121,0.7521347999572754,0.39998361468315125,2.8947861194610596,-0.05783218890428543,0.8030139207839966,2.896176338195801,0.5488654375076294,0.645441472530365,2.922055959701538,-0.3410555422306061,bad
0.7822384834289551,0.5455278754234314,-0.15091577172279358,0.7664297819137573,0.46995794773101807,-0.08631100505590439,0.7606146931648254,0.46489471197128296,-0.08695764094591141,0.7535600662231445,0.45912936329841614,-0.08696379512548447,0.7619525194168091,0.4677315354347229,-0.21374408900737762,0.7537557482719421,0.4615771472454071,-0.21387577056884766,0.7440271973609924,0.4549752473831177,-0.21463386714458466,0.6743599772453308,0.4553268551826477,0.19654449820518494,0.6648891568183899,0.4520527124404907,-0.377993643283844,0.7472294569015503,0.6032330393791199,-0.03751391917467117,0.7402607798576355,0.5974180698394775,-0.2050747573375702,0.5215645432472229,0.7420414686203003,0.47992777824401855,0.4524269104003906,0.6983160376548767,-0.6033631563186646,0.36752134561538696,1.2348893880844116,0.41145390272140503,0.15389463305473328,1.0108706951141357,-0.8167956471443176,0.32625070214271545,1.544616460800171,0.09851942211389542,0.09002229571342468,1.3353512287139893,-0.94182288646698,0.3185235559940338,1.645180583000183,0.04287678748369217,0.036544300615787506,1.4032504558563232,-1.0556080341339111,0.3188454210758209,1.6392590999603271,-0.03872917592525482,0.077161505818367,1.417538046836853,-1.0431544780731201,0.31895220279693604,1.606865406036377,0.04048248380422592,0.08581918478012085,1.4037939310073853,-0.9467678070068359,0.556772768497467,1.6558502912521362,0.32256391644477844,0.3798472285270691,1.669973611831665,-0.3190169632434845,0.646530270576477,2.2001168727874756,0.3234928548336029,0.5945593118667603,2.0797359943389893,-0.47149237990379333,0.6620860695838928,2.805025815963745,0.7031813859939575,0.4653281271457672,2.860995292663574,-0.14683762192726135,0.6324225664138794,2.9088637828826904,0.7100545763969421,0.3817100524902344,3.0077757835388184,-0.1297605186700821,0.762073814868927,3.011803388595581,0.458709716796875,0.620599091053009,3.0430359840393066,-0.4279945492744446,bad
0.7703289985656738,0.5269903540611267,-0.1516139656305313,0.755988359451294,0.45665889978408813,-0.08071529865264893,0.7521626949310303,0.45305150747299194,-0.08062346279621124,0.7473961710929871,0.4491749107837677,-0.08031269907951355,0.7458041310310364,0.4538034498691559,-0.2547544240951538,0.7349585294723511,0.44880813360214233,-0.25494930148124695,0.7220928072929382,0.44364553689956665,-0.2547282576560974,0.6628043055534363,0.4452689290046692,0.23943078517913818,0.6304656267166138,0.44311803579330444,-0.4748021960258484,0.7358816862106323,0.5873156189918518,-0.016609687358140945,0.724662721157074,0.5843062996864319,-0.24184414744377136,0.547481894493103,0.7334959506988525,0.5694330930709839,0.39530643820762634,0.6999087929725647,-0.7033544182777405,0.3251093029975891,1.1108912229537964,0.8458946347236633,0.11768142879009247,1.0335586071014404,-0.8903411626815796,0.25174012780189514,1.2347286939620972,0.7523146271705627,0.13091541826725006,1.3439738750457764,-0.7598038911819458,0.23322129249572754,1.2699873447418213,0.7300714254379272,0.09907518327236176,1.3951164484024048,-0.8564284443855286,0.24252982437610626,1.2280765771865845,0.6657692193984985,0.15276335179805756,1.37407386302948,-0.8413751721382141,0.24733960628509521,1.220742106437683,0.7089168429374695,0.1616647094488144,1.3611586093902588,-0.7537225484848022,0.533657431602478,1.617492437362671,0.37052613496780396,0.3773687779903412,1.6714212894439697,-0.3675742745399475,0.7318382859230042,1.3181194067001343,0.317772775888443,0.689815878868103,1.4236400127410889,-0.5163090825080872,0.6246321797370911,1.7529791593551636,0.6843618750572205,0.5571547150611877,1.7828737497329712,-0.006263714283704758,0.5617407560348511,1.8468610048294067,0.6930140852928162,0.43593868613243103,1.8409031629562378,0.04778295010328293,0.7536893486976624,1.8180310726165771,0.5087076425552368,0.777269721031189,1.8604562282562256,0.007450857665389776,bad
0.5751424431800842,0.4872531294822693,-1.1233131885528564,0.5967847108840942,0.41184914112091064,-1.0564806461334229,0.6112921237945557,0.41211920976638794,-1.0565130710601807,0.6246929168701172,0.41245004534721375,-1.0567601919174194,0.5457199811935425,0.40313372015953064,-1.0998146533966064,0.5224429965019226,0.3983364701271057,-1.0994133949279785,0.4986935257911682,0.3941897749900818,-1.0997354984283447,0.614101767539978,0.42404258251190186,-0.5832685232162476,0.4385634958744049,0.4065808951854706,-0.8101140856742859,0.5808845162391663,0.5519559979438782,-0.9375015497207642,0.529604434967041,0.5487468242645264,-0.9915372729301453,0.6957827806472778,0.7479575872421265,-0.24096962809562683,0.24664847552776337,0.7230263352394104,-0.5878424048423767,0.7700623273849487,1.1830754280090332,-0.13700614869594574,0.04332145303487778,1.0264508724212646,-0.6072973012924194,0.7599809765815735,1.5490081310272217,-0.5393227338790894,-0.019293494522571564,1.4394177198410034,-1.1027179956436157,0.7842599749565125,1.66208815574646,-0.6424495577812195,-0.05983574315905571,1.5376014709472656,-1.2572646141052246,0.7528470754623413,1.6547850370407104,-0.7414742112159729,-0.0066109923645854,1.5195485353469849,-1.358895182609558,0.7284168004989624,1.6167851686477661,-0.6022000908851624,0.01818663254380226,1.488620638847351,-1.162829875946045,0.5923475623130798,1.5842868089675903,0.030064832419157028,0.2921266257762909,1.5748571157455444,-0.02564605511724949,0.5590635538101196,2.284473180770874,0.03651486709713936,0.2801729738712311,2.2797398567199707,-0.04265405982732773,0.5419422388076782,2.915721893310547,0.6370468139648438,0.27415379881858826,2.9033305644989014,0.31930869817733765,0.5397281050682068,3.012251138687134,0.6628878116607666,0.26386722922325134,3.0012481212615967,0.33157938718795776,0.5132865905761719,3.1038451194763184,0.07042592763900757,0.32086214423179626,3.089829444885254,-0.36825042963027954,bad
0.5272945165634155,0.511664867401123,-1.3782398700714111,0.5543443560600281,0.42441123723983765,-1.316226840019226,0.572372317314148,0.423764169216156,-1.3162586688995361,0.5888773202896118,0.4235188364982605,-1.3162308931350708,0.49470844864845276,0.41970932483673096,-1.325615644454956,0.468987375497818,0.41724124550819397,-1.3252094984054565,0.444622665643692,0.4166579246520996,-1.325432538986206,0.605536699295044,0.43213894963264465,-0.7463380098342896,0.39740338921546936,0.42764812707901,-0.7934964299201965,0.5503702759742737,0.5772666335105896,-1.151741862297058,0.4805150628089905,0.58088618516922,-1.1651487350463867,0.7149666547775269,0.7460901141166687,-0.34350326657295227,0.23394456505775452,0.7432706356048584,-0.4502740800380707,0.80194491147995,1.1890950202941895,-0.3337951600551605,0.04647383838891983,1.0200711488723755,-1.027982473373413,0.7797095775604248,1.5179085731506348,-0.820277214050293,0.2246170938014984,0.9283313155174255,-2.140228748321533,0.7896045446395874,1.6405671834945679,-0.9289379119873047,0.27584612369537354,0.8993683457374573,-2.355807065963745,0.7571163773536682,1.605622410774231,-1.0014077425003052,0.30970436334609985,0.8373647928237915,-2.3103880882263184,0.7399765253067017,1.5649821758270264,-0.867773175239563,0.300194650888443,0.8663550615310669,-2.14988112449646,0.6217628717422485,1.6001094579696655,-0.05340614169836044,0.30709293484687805,1.592170238494873,0.05790005996823311,0.5892750024795532,2.3225748538970947,-0.19123494625091553,0.2820214033126831,2.3141820430755615,-0.08361615985631943,0.5670115351676941,2.9915568828582764,0.40161386132240295,0.2792201638221741,2.9733235836029053,0.25669559836387634,0.5710263252258301,3.0867273807525635,0.4159713685512543,0.28104859590530396,3.0630621910095215,0.2666735053062439,0.5132351517677307,3.189499616622925,-0.3380376696586609,0.30213579535484314,3.1751792430877686,-0.5505724549293518,bad
0.5155869722366333,0.5204275250434875,-1.4098548889160156,0.544052243232727,0.43256229162216187,-1.3747296333312988,0.5621835589408875,0.4319509267807007,-1.3744962215423584,0.5791529417037964,0.43161824345588684,-1.374699354171753,0.480313241481781,0.42818450927734375,-1.3649146556854248,0.45477136969566345,0.4258227050304413,-1.3641884326934814,0.4322129786014557,0.42498767375946045,-1.3641771078109741,0.6010602712631226,0.4397425949573517,-0.8812152147293091,0.39499396085739136,0.4359886944293976,-0.8169785737991333,0.5439337491989136,0.58797687292099,-1.2082988023757935,0.4711109697818756,0.59549480676651,-1.1905099153518677,0.7405632138252258,0.7566021084785461,-0.4824437201023102,0.2537522614002228,0.7475598454475403,-0.5074008703231812,0.8307590484619141,1.2248809337615967,-0.4585549831390381,0.04083952307701111,1.0466208457946777,-1.103461742401123,0.8083265423774719,1.6065714359283447,-0.8742399215698242,0.21214398741722107,0.8532642126083374,-2.167306900024414,0.8253351449966431,1.7331827878952026,-0.9886237382888794,0.26349905133247375,0.7916803359985352,-2.3752150535583496,0.7847697734832764,1.7105424404144287,-1.0144603252410889,0.3152174651622772,0.7463788390159607,-2.309635877609253,0.7629505395889282,1.6685291528701782,-0.9046355485916138,0.311353862285614,0.7764135003089905,-2.1659140586853027,0.6417368650436401,1.6186978816986084,-0.0899227187037468,0.31934940814971924,1.6045407056808472,0.09467015415430069,0.6075729131698608,2.3611199855804443,-0.051686592400074005,0.29012972116470337,2.342196226119995,0.2423766553401947,0.584038496017456,3.026840925216675,0.7201987504959106,0.29893481731414795,3.0030481815338135,0.8779693841934204,0.5917755365371704,3.1155405044555664,0.7543495893478394,0.2977163791656494,3.0868937969207764,0.927862286567688,0.5270377993583679,3.236656427383423,0.004304324276745319,0.32119226455688477,3.2234575748443604,0.11679688841104507,bad
0.520654559135437,0.562376081943512,-1.5438441038131714,0.5520400404930115,0.4645386338233948,-1.5268852710723877,0.5706128478050232,0.46207085251808167,-1.5269684791564941,0.5875588655471802,0.45982974767684937,-1.5272175073623657,0.48223310708999634,0.46380364894866943,-1.5183279514312744,0.45569711923599243,0.46174296736717224,-1.5183250904083252,0.43397536873817444,0.4605763852596283,-1.5185050964355469,0.6112983226776123,0.45770132541656494,-1.0606235265731812,0.4021739363670349,0.4584299325942993,-1.0152604579925537,0.5520511865615845,0.6265478134155273,-1.3410552740097046,0.4762329161167145,0.636775016784668,-1.3293293714523315,0.7681092023849487,0.7675586342811584,-0.6452380418777466,0.2692607343196869,0.7527363896369934,-0.5879076719284058,0.8410042524337769,1.2268227338790894,-0.5693455934524536,0.06824557483196259,1.0325303077697754,-1.0184069871902466,0.8059488534927368,1.6065027713775635,-0.8682481646537781,0.19142195582389832,0.892488420009613,-1.9393316507339478,0.8169682621955872,1.7306939363479614,-0.9405564069747925,0.23032934963703156,0.8635305166244507,-2.105436325073242,0.778549313545227,1.7064704895019531,-1.0092015266418457,0.27788782119750977,0.777405321598053,-2.0459401607513428,0.7614305019378662,1.6614710092544556,-0.9044102430343628,0.2816641926765442,0.8194029927253723,-1.9363174438476562,0.6543159484863281,1.59794282913208,-0.07100988924503326,0.3408903181552887,1.5830243825912476,0.07447484880685806,0.6226077079772949,2.3231759071350098,-0.08232031762599945,0.31120389699935913,2.3064231872558594,0.04896213486790657,0.6039241552352905,2.975735664367676,0.588081955909729,0.3260112404823303,2.9545562267303467,0.4442998766899109,0.609988272190094,3.0684525966644287,0.6164101362228394,0.3285445272922516,3.040661334991455,0.46389254927635193,0.5519073009490967,3.1827874183654785,-0.07701259851455688,0.3467285633087158,3.172490119934082,-0.29242682456970215,bad
0.5031128525733948,0.6600291132926941,-1.4581242799758911,0.540149986743927,0.5817044377326965,-1.4589836597442627,0.5583058595657349,0.5784695744514465,-1.459113359451294,0.5747593641281128,0.5752912163734436,-1.4593262672424316,0.4710701107978821,0.5759352445602417,-1.448602557182312,0.44593706727027893,0.5683478713035583,-1.448817253112793,0.42468300461769104,0.5613943338394165,-1.4491374492645264,0.5925886034965515,0.5435472130775452,-1.072713851928711,0.395407110452652,0.5248350501060486,-1.0221184492111206,0.5299866795539856,0.7060929536819458,-1.2739245891571045,0.4596935212612152,0.704254686832428,-1.2619922161102295,0.7251286506652832,0.7669784426689148,-0.657249391078949,0.2546631693840027,0.7559106349945068,-0.5242840051651001,0.8133772015571594,1.183396577835083,-0.5272661447525024,0.07953520119190216,1.0131670236587524,-0.787998616695404,0.778876006603241,1.5106828212738037,-0.8055188059806824,0.19155745208263397,0.9977279901504517,-1.6237919330596924,0.786123514175415,1.6161481142044067,-0.8648704290390015,0.233689546585083,1.0593440532684326,-1.7644202709197998,0.7593362927436829,1.592366337776184,-0.94017493724823,0.24471047520637512,1.0060372352600098,-1.7314112186431885,0.7438767552375793,1.5535579919815063,-0.8423565030097961,0.25219863653182983,1.0161547660827637,-1.6310516595840454,0.6173357963562012,1.5371613502502441,-0.07046360522508621,0.33540090918540955,1.5173485279083252,0.07348769158124924,0.5941201448440552,2.182553291320801,-0.13256393373012543,0.3095536231994629,2.1531615257263184,0.006770431064069271,0.5813304781913757,2.792217969894409,0.3359861969947815,0.32983046770095825,2.7801249027252197,0.23051080107688904,0.5852609872817993,2.8774023056030273,0.35357779264450073,0.3326491713523865,2.864588975906372,0.23014362156391144,0.5371885299682617,2.9914278984069824,-0.2171776294708252,0.3510207533836365,2.9808449745178223,-0.39680781960487366,bad
0.47900739312171936,0.6228590607643127,-1.4844691753387451,0.5148743987083435,0.5222018957138062,-1.4648162126541138,0.5409453511238098,0.5179393887519836,-1.4648443460464478,0.5641998648643494,0.5142591595649719,-1.4652268886566162,0.44621554017066956,0.5239089727401733,-1.4490423202514648,0.4285646378993988,0.5213980674743652,-1.448818325996399,0.4119136333465576,0.5192821621894836,-1.4491583108901978,0.5980660319328308,0.5034952759742737,-1.1462901830673218,0.40959447622299194,0.5073127150535583,-0.9149448275566101,0.5266560316085815,0.6824531555175781,-1.3147108554840088,0.4519738554954529,0.6857130527496338,-1.2575178146362305,0.8083776235580444,0.7977582216262817,-0.7470495700836182,0.30537357926368713,0.7635213732719421,-0.5570361614227295,0.8804915547370911,1.2657363414764404,-0.6432995796203613,0.08433089405298233,1.054898977279663,-0.9801033735275269,0.8305138349533081,1.6078970432281494,-0.7830443382263184,0.25117871165275574,0.9032065868377686,-1.854540228843689,0.8385655283927917,1.721517562866211,-0.8262935876846313,0.31967419385910034,0.8416815400123596,-2.0001778602600098,0.8010546565055847,1.6973174810409546,-0.8658120036125183,0.3463539481163025,0.7959816455841064,-1.8888534307479858,0.7869091033935547,1.6504955291748047,-0.8027206659317017,0.34351515769958496,0.8289039731025696,-1.8403165340423584,0.6931228637695312,1.5997412204742432,-0.11579157412052155,0.3862534165382385,1.572076678276062,0.11943639814853668,0.6554604768753052,2.2790451049804688,-0.13722971081733704,0.35204416513442993,2.2415966987609863,0.13785161077976227,0.6549627780914307,2.8957860469818115,0.5154193043708801,0.3645583391189575,2.867631435394287,0.4890638291835785,0.6685836911201477,2.988881826400757,0.547805905342102,0.36776405572891235,2.9538307189941406,0.5076553225517273,0.5999377965927124,3.099019765853882,-0.08844219148159027,0.3818822205066681,3.0857958793640137,-0.12772934138774872,bad
0.5046647191047668,0.6980550289154053,-1.221847414970398,0.5422951579093933,0.618922233581543,-1.232595443725586,0.5591433048248291,0.6113502979278564,-1.2328033447265625,0.5819321870803833,0.5994622111320496,-1.2335760593414307,0.46980172395706177,0.6122749447822571,-1.2233667373657227,0.4403941035270691,0.6000455021858215,-1.2234280109405518,0.4168427884578705,0.5883259177207947,-1.2237226963043213,0.598586916923523,0.542768120765686,-0.9147361516952515,0.3808484673500061,0.5342865586280823,-0.8615050315856934,0.5351502299308777,0.7416189312934875,-1.0638744831085205,0.4625922739505768,0.7432929277420044,-1.0499663352966309,0.7214994430541992,0.6573094129562378,-0.5550699830055237,0.2548401355743408,0.7404916882514954,-0.4695158004760742,0.9511328935623169,0.9218891859054565,-0.46764320135116577,-0.014450783841311932,0.9530704021453857,-0.5129572153091431,1.0714854001998901,1.23225736618042,-0.6683156490325928,-0.05771719291806221,1.2718626260757446,-0.879083514213562,1.078936219215393,1.316201090812683,-0.7211848497390747,-0.046606190502643585,1.3644959926605225,-0.9451252222061157,1.05587637424469,1.2881200313568115,-0.780750036239624,-0.012646068818867207,1.3253066539764404,-0.9965876340866089,1.0345367193222046,1.2757503986358643,-0.6969887018203735,-0.003105530282482505,1.3082311153411865,-0.9129220247268677,0.6341008543968201,1.4220716953277588,-0.0030897222459316254,0.3694888949394226,1.4516112804412842,0.007118915673345327,0.6776710748672485,1.5631805658340454,-0.018822405487298965,0.34004685282707214,1.7289718389511108,0.08582641184329987,0.6609936952590942,2.106506586074829,0.5176364183425903,0.4660378098487854,2.143563985824585,0.41589275002479553,0.6568138599395752,2.1887757778167725,0.5591449737548828,0.47781768441200256,2.190201759338379,0.4429247975349426,0.6541475653648376,2.282510280609131,0.2660650610923767,0.5315081477165222,2.3124337196350098,0.1432633250951767,bad
0.556906521320343,0.6796846985816956,-1.3893784284591675,0.5931394100189209,0.5983061194419861,-1.37455153465271,0.6159541606903076,0.5898617506027222,-1.3745753765106201,0.6344072818756104,0.5803233981132507,-1.375011682510376,0.5302697420120239,0.5902799367904663,-1.3876779079437256,0.5005019307136536,0.5762633085250854,-1.3876891136169434,0.4712604582309723,0.5619125962257385,-1.3874776363372803,0.6380065679550171,0.539477527141571,-0.9917306900024414,0.4029313027858734,0.5201594233512878,-1.0411275625228882,0.5663304328918457,0.730613112449646,-1.2063515186309814,0.5026369094848633,0.726288378238678,-1.2244205474853516,0.7277432680130005,0.6868449449539185,-0.6065129041671753,0.25711408257484436,0.7269359230995178,-0.6923555135726929,0.9297186732292175,0.9601036310195923,-0.4789516031742096,0.024014201015233994,0.9772269129753113,-0.5506694316864014,1.006958246231079,1.2623201608657837,-0.8346379995346069,0.014629361219704151,1.4137827157974243,-0.7203785181045532,1.0353574752807617,1.341834306716919,-0.9244267344474792,0.00485654640942812,1.5072481632232666,-0.7736991047859192,1.0103336572647095,1.3109111785888672,-1.01212477684021,0.04247620329260826,1.4783662557601929,-0.8637450337409973,0.976826012134552,1.2947193384170532,-0.875024139881134,0.06419330090284348,1.4539258480072021,-0.7616516351699829,0.6269453763961792,1.4254111051559448,0.0023394967429339886,0.3694196045398712,1.4585530757904053,0.0006333636119961739,0.7230184674263,1.1510584354400635,-0.09565230458974838,0.34548383951187134,1.4511133432388306,-0.034903012216091156,0.6465001106262207,1.6072421073913574,0.44887107610702515,0.5129857659339905,1.6712725162506104,0.3959779441356659,0.61067134141922,1.6973778009414673,0.48669999837875366,0.5144243240356445,1.710150957107544,0.4397816061973572,0.668317437171936,1.714140772819519,0.237095445394516,0.6075378656387329,1.7307833433151245,0.1753901094198227,bad
0.5632216334342957,0.2837580740451813,-0.8838713765144348,0.5924434065818787,0.20238350331783295,-0.8461334109306335,0.6115374565124512,0.20165972411632538,-0.8460149765014648,0.6290939450263977,0.20049847662448883,-0.8467049598693848,0.5308089256286621,0.19003966450691223,-0.8647554516792297,0.5046898126602173,0.18128971755504608,-0.8642696142196655,0.4781498908996582,0.17326118052005768,-0.8644124269485474,0.6284633874893188,0.18383556604385376,-0.4783378541469574,0.4063899517059326,0.15596355497837067,-0.5348189473152161,0.5741325616836548,0.344587504863739,-0.735024094581604,0.5126898288726807,0.34116414189338684,-0.7531372308731079,0.7465031743049622,0.43527549505233765,-0.16997316479682922,0.24378450214862823,0.5150925517082214,-0.40910911560058594,0.9689857363700867,0.86866295337677,0.060001421719789505,0.3332098126411438,0.995545506477356,-0.386354923248291,1.2435020208358765,1.1429299116134644,-0.14419959485530853,0.3326961398124695,1.4715834856033325,-0.7916797995567322,1.3500521183013916,1.2165393829345703,-0.22745220363140106,0.3038366436958313,1.6024671792984009,-0.9006055593490601,1.320972204208374,1.2285163402557373,-0.35026779770851135,0.3430818021297455,1.585829257965088,-1.0381156206130981,1.2599343061447144,1.2165493965148926,-0.2144322693347931,0.36962559819221497,1.5383633375167847,-0.8637987971305847,0.7316356301307678,1.3609812259674072,0.03620072454214096,0.4215176999568939,1.3819825649261475,-0.03229500725865364,0.772383451461792,2.1387202739715576,-0.00788581557571888,0.48971027135849,2.1724934577941895,-0.11898205429315567,0.8103062510490417,2.879169464111328,0.4861977696418762,0.5355769395828247,2.90714430809021,0.086295485496521,0.8139543533325195,2.9872806072235107,0.5019722580909729,0.5204892754554749,3.012026071548462,0.08374079316854477,0.8287709951400757,3.0854721069335938,-0.030685842037200928,0.6358094215393066,3.1239399909973145,-0.6177092790603638,bad
0.6194804310798645,0.2943458557128906,-0.8080617189407349,0.6427711844444275,0.21752791106700897,-0.7589321732521057,0.6545523405075073,0.21706658601760864,-0.7588524222373962,0.6649777293205261,0.2170601636171341,-0.7592101693153381,0.5918882489204407,0.20600485801696777,-0.8181196451187134,0.5680800676345825,0.19626189768314362,-0.8179261088371277,0.5424677729606628,0.18535394966602325,-0.8182283639907837,0.6378976106643677,0.2039007693529129,-0.3925064206123352,0.46555691957473755,0.16237708926200867,-0.666702151298523,0.6138686537742615,0.3538045883178711,-0.6620832085609436,0.5659023523330688,0.34557342529296875,-0.7385268807411194,0.7452523112297058,0.43397098779678345,-0.12293779850006104,0.2515133023262024,0.5174511671066284,-0.5900861024856567,0.9712621569633484,0.8610644936561584,0.05232932046055794,0.3469201922416687,0.9992344379425049,-0.7722390294075012,1.2308064699172974,1.1469991207122803,-0.2043437659740448,0.4107597768306732,1.4609934091567993,-1.1394431591033936,1.3361835479736328,1.2314445972442627,-0.27935999631881714,0.4071809649467468,1.6069624423980713,-1.2534778118133545,1.3046878576278687,1.2405743598937988,-0.3905331492424011,0.4571411609649658,1.5795003175735474,-1.3819565773010254,1.246103286743164,1.2285302877426147,-0.2714274823665619,0.46676868200302124,1.5248740911483765,-1.2049195766448975,0.7348194718360901,1.3703185319900513,0.0660441666841507,0.4252740442752838,1.4052214622497559,-0.06215653941035271,0.7632061243057251,2.129794120788574,0.0591125562787056,0.48341208696365356,2.183453321456909,-0.1372126191854477,0.7838262319564819,2.8587844371795654,0.5411425232887268,0.5040692687034607,2.9034807682037354,0.0958235114812851,0.7762912511825562,2.968857526779175,0.5572175979614258,0.4780087471008301,3.016615629196167,0.0947980210185051,0.8287083506584167,3.063027858734131,0.0728757306933403,0.6128142476081848,3.1004106998443604,-0.5885599255561829,bad
0.685531735420227,0.3073621392250061,-1.0661365985870361,0.7112853527069092,0.22084762156009674,-1.0010511875152588,0.7210257649421692,0.22113220393657684,-1.0009591579437256,0.7292588353157043,0.22115515172481537,-1.001123309135437,0.664764940738678,0.20439554750919342,-1.0840245485305786,0.6397925019264221,0.19079776108264923,-1.0836788415908813,0.6137130260467529,0.17546431720256805,-1.084110975265503,0.6898191571235657,0.20220305025577545,-0.5258765816688538,0.5370052456855774,0.15148690342903137,-0.8988858461380005,0.6728835105895996,0.37650516629219055,-0.8759256601333618,0.6267684102058411,0.35842111706733704,-0.9825848340988159,0.7447101473808289,0.4419694244861603,-0.1469961702823639,0.2776183485984802,0.5296322703361511,-0.8293644189834595,0.9783345460891724,0.8762266635894775,0.09807310998439789,0.3611481189727783,1.0528652667999268,-1.0865315198898315,1.2265063524246216,1.1284775733947754,-0.21592983603477478,0.6326440572738647,1.2933993339538574,-1.4232269525527954,1.3274166584014893,1.2063707113265991,-0.2916933596134186,0.7071558237075806,1.3965351581573486,-1.5241485834121704,1.3008484840393066,1.2105740308761597,-0.3750620186328888,0.7206722497940063,1.3315705060958862,-1.5969517230987549,1.2464916706085205,1.1990207433700562,-0.27399733662605286,0.6939060688018799,1.2979074716567993,-1.451917052268982,0.748786449432373,1.4083881378173828,0.11126166582107544,0.425570011138916,1.4627604484558105,-0.10699663311243057,0.7921298146247864,2.1796152591705322,0.09044372290372849,0.5031543970108032,2.26192569732666,-0.1556238830089569,0.8006404042243958,2.9201207160949707,0.6695283055305481,0.5005673170089722,2.990107536315918,0.19081827998161316,0.7909647226333618,3.031750202178955,0.6925896406173706,0.46981754899024963,3.10981822013855,0.202198788523674,0.8376671671867371,3.1352429389953613,0.14753058552742004,0.6028863191604614,3.1668574810028076,-0.5293596982955933,bad
0.5231392979621887,0.23250380158424377,-0.9041482210159302,0.5516882538795471,0.15357942879199982,-0.8680998682975769,0.5713671445846558,0.15410688519477844,-0.8679279088973999,0.591648280620575,0.15340620279312134,-0.868655800819397,0.49060240387916565,0.14119476079940796,-0.8744277954101562,0.4674648642539978,0.13626979291439056,-0.8738217353820801,0.4463253617286682,0.13233070075511932,-0.8739382028579712,0.6054267883300781,0.14466285705566406,-0.5194686055183411,0.3945881724357605,0.1320992112159729,-0.5301510095596313,0.5464156866073608,0.29358017444610596,-0.7623732089996338,0.4768189787864685,0.28786036372184753,-0.7653635740280151,0.7568050622940063,0.41499051451683044,-0.26658710837364197,0.2588997483253479,0.49857139587402344,-0.38970184326171875,0.9831808805465698,0.8494661450386047,-0.09638761729001999,0.32786810398101807,0.9588700532913208,-0.28998810052871704,1.2607922554016113,1.1839499473571777,-0.3347516655921936,0.3270733654499054,1.3699947595596313,-0.6549187302589417,1.3626935482025146,1.2665679454803467,-0.42442622780799866,0.3022264838218689,1.4963886737823486,-0.7614677548408508,1.3299720287322998,1.281174898147583,-0.5417042374610901,0.3371458649635315,1.4788354635238647,-0.891934871673584,1.2723426818847656,1.262384057044983,-0.4016818106174469,0.35943588614463806,1.4325575828552246,-0.7257033586502075,0.7672969102859497,1.3164182901382446,-0.01906999573111534,0.4427289366722107,1.3518695831298828,0.0233306847512722,0.8107541799545288,2.066516160964966,-0.006366697605699301,0.511086106300354,2.1072676181793213,-0.038633134216070175,0.8477571606636047,2.7625932693481445,0.5966018438339233,0.5552058815956116,2.7992782592773438,0.2765643000602722,0.8580867052078247,2.859421968460083,0.6233087182044983,0.5528131723403931,2.89560604095459,0.28624579310417175,0.833350658416748,2.9807705879211426,0.07010658830404282,0.6213738322257996,3.0151052474975586,-0.39530155062675476,bad
0.6062512993812561,0.250925213098526,-0.8969930410385132,0.6292532086372375,0.16495810449123383,-0.8380609750747681,0.6447888612747192,0.1651020497083664,-0.838030993938446,0.6577004194259644,0.16499264538288116,-0.838573157787323,0.5689222812652588,0.14915066957473755,-0.8897997736930847,0.5430707931518555,0.13849741220474243,-0.8894128799438477,0.5160081386566162,0.1290275901556015,-0.8896673917770386,0.6348097920417786,0.1539630889892578,-0.4319750666618347,0.43973439931869507,0.1270562708377838,-0.6665060520172119,0.6060791015625,0.3158112168312073,-0.7417855858802795,0.5548263788223267,0.3069511651992798,-0.8072465062141418,0.7414928674697876,0.4157567322254181,-0.16277286410331726,0.24838969111442566,0.5235498547554016,-0.5811447501182556,0.9820914268493652,0.8513390421867371,0.02385159395635128,0.3470132052898407,1.008724570274353,-0.7355925440788269,1.2481911182403564,1.1446826457977295,-0.26026618480682373,0.3772887885570526,1.42290461063385,-1.290412187576294,1.3505955934524536,1.2381888628005981,-0.3469490110874176,0.36501801013946533,1.5521656274795532,-1.422379732131958,1.3177462816238403,1.248862624168396,-0.4585540294647217,0.40221530199050903,1.5169507265090942,-1.5355606079101562,1.2598117589950562,1.2321957349777222,-0.3270402252674103,0.4167260229587555,1.4695426225662231,-1.3532028198242188,0.7392324209213257,1.3825855255126953,0.056397695094347,0.4210512042045593,1.4155843257904053,-0.05259357765316963,0.7746689915657043,2.1511504650115967,0.06018730252981186,0.47913867235183716,2.205355405807495,-0.10546299070119858,0.806282639503479,2.886699914932251,0.6069387197494507,0.5088943839073181,2.9261233806610107,0.1803666204214096,0.8026354908943176,2.9979450702667236,0.6268302798271179,0.4871193766593933,3.0371696949005127,0.18393000960350037,0.8468427658081055,3.094653606414795,0.10619211196899414,0.6181899905204773,3.1294302940368652,-0.5158566832542419,bad
0.5963295698165894,0.27791520953178406,-1.1084697246551514,0.6109966039657593,0.19519475102424622,-1.064186930656433,0.6239998936653137,0.19329872727394104,-1.0638515949249268,0.6347233057022095,0.19201436638832092,-1.0643761157989502,0.5554633736610413,0.1886514574289322,-1.1186022758483887,0.5298436880111694,0.1802128255367279,-1.1179758310317993,0.5022885203361511,0.17012523114681244,-1.118017554283142,0.594732940196991,0.1807466596364975,-0.6600940227508545,0.4156220853328705,0.15017607808113098,-0.9064100980758667,0.5954306125640869,0.34093552827835083,-0.9444351196289062,0.5457158088684082,0.3358415365219116,-1.0135871171951294,0.7168475389480591,0.4132060110569,-0.3036934733390808,0.22465582191944122,0.5561912059783936,-0.7816835045814514,0.9663814306259155,0.8581482768058777,-0.06787184625864029,0.3370850384235382,1.0234529972076416,-0.9534544944763184,1.2283215522766113,1.163080096244812,-0.40278416872024536,0.5388574004173279,1.3359593152999878,-1.4125134944915771,1.3361144065856934,1.2544384002685547,-0.5142525434494019,0.5797957181930542,1.436781644821167,-1.5340707302093506,1.3018510341644287,1.260503888130188,-0.6308290362358093,0.5997627973556519,1.3803460597991943,-1.631840467453003,1.2423222064971924,1.2451822757720947,-0.47179126739501953,0.5907889008522034,1.34354829788208,-1.4634853601455688,0.7302394509315491,1.3658833503723145,0.08492414653301239,0.40698671340942383,1.4157766103744507,-0.08054988831281662,0.7666891813278198,2.161691188812256,0.08249393850564957,0.47294601798057556,2.235530138015747,-0.142859548330307,0.7851554751396179,2.9297406673431396,0.6102331876754761,0.48215562105178833,3.0079727172851562,0.09640509635210037,0.7753783464431763,3.047513484954834,0.629088819026947,0.45258307456970215,3.1319808959960938,0.09378580749034882,0.8429280519485474,3.1405389308929443,0.09739622473716736,0.6019116044044495,3.20552921295166,-0.6485251784324646,bad
0.5843198299407959,0.26233547925949097,-1.1150610446929932,0.6004890203475952,0.17919771373271942,-1.0611357688903809,0.6163404583930969,0.17753314971923828,-1.0610425472259521,0.6300255060195923,0.1756533533334732,-1.0616772174835205,0.5410512089729309,0.171290785074234,-1.1044386625289917,0.5154930353164673,0.1643453687429428,-1.103873610496521,0.48701992630958557,0.15750697255134583,-1.1040208339691162,0.5987803339958191,0.1652171015739441,-0.6288867592811584,0.40395084023475647,0.15052464604377747,-0.8170313835144043,0.588840663433075,0.32593315839767456,-0.9450171589851379,0.534927487373352,0.32555288076400757,-0.9986597895622253,0.7166131138801575,0.41507017612457275,-0.27777424454689026,0.22346682846546173,0.5542282462120056,-0.6696281433105469,0.9795721769332886,0.8592785596847534,-0.07111846655607224,0.3261603116989136,1.0259804725646973,-0.8685317039489746,1.2363777160644531,1.1613337993621826,-0.39744919538497925,0.4331184923648834,1.3843092918395996,-1.448189616203308,1.3421604633331299,1.257222056388855,-0.5002443790435791,0.44173669815063477,1.5000933408737183,-1.5899156332015991,1.3077232837677002,1.265238881111145,-0.6190944910049438,0.46543484926223755,1.4492526054382324,-1.7016884088516235,1.248267650604248,1.2485431432724,-0.469271183013916,0.47111406922340393,1.4062788486480713,-1.5116245746612549,0.730566143989563,1.3711177110671997,0.06055460125207901,0.4052864909172058,1.4100635051727295,-0.0563763752579689,0.7732064127922058,2.1783030033111572,0.039817698299884796,0.47074899077415466,2.2370221614837646,-0.1301846206188202,0.8025258183479309,2.9429574012756348,0.5872174501419067,0.4885261654853821,3.010749578475952,0.1158689484000206,0.7968653440475464,3.060441255569458,0.6048519611358643,0.4629270136356354,3.1325652599334717,0.11419063806533813,0.841073215007782,3.1577956676483154,0.03937939926981926,0.5968198776245117,3.207792043685913,-0.6311230659484863,bad
0.5882159471511841,0.16358467936515808,-0.9849379658699036,0.6263591051101685,0.09263574331998825,-0.9343659281730652,0.6472430229187012,0.09776425361633301,-0.9343167543411255,0.6684386730194092,0.10295576602220535,-0.934910774230957,0.5671854019165039,0.07559450715780258,-0.9621503949165344,0.5439741015434265,0.06943467259407043,-0.9618813395500183,0.5186899900436401,0.0658547580242157,-0.9620183706283569,0.6876633763313293,0.12345770001411438,-0.5104756951332092,0.46118634939193726,0.07436082512140274,-0.6420300602912903,0.605849027633667,0.24105170369148254,-0.8129151463508606,0.5417912006378174,0.23077216744422913,-0.8479442596435547,0.7592958807945251,0.4652422070503235,-0.32670947909355164,0.2767616808414459,0.4044948220252991,-0.3864671587944031,0.717333197593689,0.9312205910682678,-0.19834163784980774,0.0856439471244812,0.8316389322280884,-0.27491649985313416,0.6294149160385132,1.2405611276626587,-0.5993489027023315,0.22246837615966797,1.0738914012908936,-0.6530068516731262,0.6153150796890259,1.3535867929458618,-0.7261772155761719,0.22269980609416962,1.1836398839950562,-0.767914891242981,0.5806785821914673,1.31703519821167,-0.7843759655952454,0.2615029811859131,1.1535905599594116,-0.8311716318130493,0.5769988298416138,1.2738832235336304,-0.6411653757095337,0.27504652738571167,1.080116868019104,-0.6874099969863892,0.6362585425376892,1.2730388641357422,-0.026348423212766647,0.34128814935684204,1.142465591430664,0.02974049374461174,0.5914983749389648,2.0229194164276123,-0.024886110797524452,0.30441540479660034,1.99433171749115,-0.028499210253357887,0.5408309698104858,2.687377452850342,0.5516113042831421,0.2788453698158264,2.6761813163757324,0.2197420597076416,0.5416790843009949,2.7775187492370605,0.5825839638710022,0.2630055844783783,2.7685258388519287,0.22509518265724182,0.4673287868499756,2.9035212993621826,0.022636648267507553,0.310981422662735,2.895611047744751,-0.4294212758541107,bad
0.49256080389022827,0.197323739528656,-1.160988450050354,0.5332068204879761,0.1073656901717186,-1.1547726392745972,0.562419593334198,0.10531394183635712,-1.154374122619629,0.5862141847610474,0.1041969582438469,-1.1548510789871216,0.45664602518081665,0.10736612975597382,-1.1305712461471558,0.43681344389915466,0.10788819938898087,-1.1305127143859863,0.41892489790916443,0.10963961482048035,-1.1309322118759155,0.6299736499786377,0.1209431141614914,-0.8882993459701538,0.4113406240940094,0.12038270384073257,-0.7535804510116577,0.5450588464736938,0.2669989764690399,-1.0437777042388916,0.4635545611381531,0.27279624342918396,-1.0081232786178589,0.7996717691421509,0.5042147636413574,-0.6584603786468506,0.31274229288101196,0.4277084767818451,-0.5328091382980347,0.74388188123703,0.9388170838356018,-0.43000489473342896,0.1306236833333969,0.8359501361846924,-0.35127243399620056,0.711534857749939,1.2688775062561035,-0.342085063457489,0.04521540552377701,1.251865267753601,-0.603727400302887,0.7038058042526245,1.3646875619888306,-0.35396021604537964,-0.006521095521748066,1.3721524477005005,-0.660953164100647,0.6639264822006226,1.3531893491744995,-0.38235563039779663,0.044704828411340714,1.3858994245529175,-0.7267823815345764,0.6554285287857056,1.311267614364624,-0.3550948202610016,0.07764165103435516,1.3457069396972656,-0.6427834630012512,0.7131736278533936,1.2609539031982422,-0.07036121189594269,0.4195381999015808,1.2428760528564453,0.07340427488088608,0.6825401186943054,1.9606776237487793,0.06634742766618729,0.4010578989982605,1.9446711540222168,0.14685021340847015,0.6779715418815613,2.58152437210083,0.7344686985015869,0.40921443700790405,2.5909464359283447,0.5248430967330933,0.6907944679260254,2.666901111602783,0.7773212194442749,0.4128684401512146,2.6799278259277344,0.5469630360603333,0.6153810024261475,2.8032188415527344,0.260862797498703,0.4283839762210846,2.8180439472198486,-0.06982966512441635,bad
0.369468629360199,0.29524773359298706,-1.3569681644439697,0.4033847749233246,0.20604448020458221,-1.4016281366348267,0.4271358847618103,0.19757580757141113,-1.4012372493743896,0.4556562900543213,0.187818244099617,-1.401414394378662,0.35530731081962585,0.21672578155994415,-1.3323934078216553,0.34190088510513306,0.21683746576309204,-1.3330702781677246,0.32911354303359985,0.21394513547420502,-1.333972454071045,0.5338855981826782,0.18274173140525818,-1.3328423500061035,0.3649648427963257,0.19820134341716766,-1.0245169401168823,0.4206813871860504,0.35005491971969604,-1.3028217554092407,0.36568740010261536,0.355220228433609,-1.2159996032714844,0.7560887336730957,0.5866952538490295,-1.1971352100372314,0.3247843384742737,0.42564675211906433,-0.6914269328117371,0.6032742261886597,1.092576503753662,-1.1865489482879639,0.1189141497015953,0.839282751083374,-0.5741297006607056,0.2559751868247986,1.28755784034729,-1.106052279472351,0.07923400402069092,1.1370478868484497,-0.6944546699523926,0.16556423902511597,1.3885695934295654,-1.1822197437286377,0.06634800136089325,1.2490565776824951,-0.7394616603851318,0.15438346564769745,1.317561388015747,-1.1548365354537964,0.09665323048830032,1.2270532846450806,-0.7925780415534973,0.1818930208683014,1.2754390239715576,-1.0917465686798096,0.11530586332082748,1.1949294805526733,-0.7218450307846069,0.6835700869560242,1.197756290435791,-0.1688477098941803,0.4738703668117523,1.0137206315994263,0.17017030715942383,0.5921443700790405,1.6613928079605103,-0.21570689976215363,0.3019891083240509,1.5252853631973267,-0.004985024221241474,0.5807645916938782,2.114701271057129,0.3959037661552429,0.39162975549697876,2.1133222579956055,0.444322407245636,0.6029710173606873,2.1740901470184326,0.4343387484550476,0.4283665716648102,2.1749608516693115,0.47557491064071655,0.49034032225608826,2.300166130065918,0.0621330663561821,0.3373188376426697,2.3699750900268555,0.12334247678518295,bad
0.4511401653289795,0.2059299498796463,-1.1177407503128052,0.4929563105106354,0.1164541020989418,-1.1173193454742432,0.5205602645874023,0.1141604408621788,-1.1167385578155518,0.5413488745689392,0.11421888321638107,-1.1170464754104614,0.4161403775215149,0.12200804054737091,-1.0908966064453125,0.3965167701244354,0.12327241152524948,-1.090700387954712,0.378699392080307,0.12559832632541656,-1.091109037399292,0.5839582681655884,0.1327754557132721,-0.8553023338317871,0.37081319093704224,0.137960284948349,-0.7381830811500549,0.5038167238235474,0.27377742528915405,-1.007383942604065,0.42191481590270996,0.28030821681022644,-0.9713180661201477,0.7676163911819458,0.50482177734375,-0.6567913293838501,0.2776773273944855,0.43338266015052795,-0.4992590844631195,0.6782246232032776,0.9464448690414429,-0.4377199113368988,0.10772577673196793,0.8299323916435242,-0.3595406711101532,0.5901600122451782,1.238649606704712,-0.2862454652786255,0.0763782411813736,1.2412333488464355,-0.5665356516838074,0.5724735856056213,1.3344993591308594,-0.28967925906181335,0.03994721919298172,1.3725892305374146,-0.6135008931159973,0.538361132144928,1.3191559314727783,-0.3077014684677124,0.09843439608812332,1.3879743814468384,-0.6702396273612976,0.5366517305374146,1.2789943218231201,-0.29074400663375854,0.12278924882411957,1.343422770500183,-0.5989233255386353,0.69294673204422,1.265159010887146,-0.04167764633893967,0.40545836091041565,1.2526895999908447,0.04531283304095268,0.6793870329856873,1.974472165107727,0.04541349038481712,0.3944466710090637,1.9569936990737915,0.10433435440063477,0.6701809167861938,2.57491397857666,0.6486294269561768,0.39096060395240784,2.5841360092163086,0.4515623450279236,0.6805810332298279,2.6547510623931885,0.6830577850341797,0.3884878158569336,2.6675872802734375,0.4671517312526703,0.6068983674049377,2.7955758571624756,0.15966098010540009,0.41662105917930603,2.811868190765381,-0.13292185962200165,bad
0.526861846446991,0.6834643483161926,-1.408360242843628,0.552918016910553,0.6098129749298096,-1.387656807899475,0.5679575204849243,0.6087908148765564,-1.387729525566101,0.58161461353302,0.6068960428237915,-1.3880778551101685,0.5024063587188721,0.5969647169113159,-1.3862863779067993,0.4803463816642761,0.5881689786911011,-1.3857157230377197,0.45889586210250854,0.5800784230232239,-1.3858530521392822,0.5867756605148315,0.5891643762588501,-0.938789963722229,0.40891194343566895,0.5596173405647278,-0.9597896337509155,0.5349790453910828,0.728952944278717,-1.2172514200210571,0.4805958867073059,0.7258325815200806,-1.218773603439331,0.7069911360740662,0.8495171666145325,-0.5131388902664185,0.2519649267196655,0.8451584577560425,-0.556639552116394,0.7903409600257874,1.2282754182815552,-0.3223835229873657,0.1913120299577713,1.2648566961288452,-0.5285825133323669,0.7595146298408508,1.5344822406768799,-0.60848468542099,0.2144184559583664,1.4554507732391357,-1.1567273139953613,0.7710188031196594,1.6435993909835815,-0.6791691184043884,0.19506828486919403,1.5381085872650146,-1.3003590106964111,0.7449098825454712,1.624411702156067,-0.7598183751106262,0.21918396651744843,1.5102744102478027,-1.37799870967865,0.7282122373580933,1.580942153930664,-0.6536959409713745,0.23892399668693542,1.4755626916885376,-1.2092171907424927,0.6272044777870178,1.6156649589538574,-0.03763408958911896,0.331475168466568,1.606575846672058,0.04160667210817337,0.6040979027748108,2.274052143096924,-0.10538114607334137,0.33154138922691345,2.251997947692871,-0.13805875182151794,0.6025069355964661,2.8758530616760254,0.35797572135925293,0.3461022973060608,2.852661609649658,0.11618884652853012,0.6045345067977905,2.9702465534210205,0.36972394585609436,0.34536710381507874,2.9435691833496094,0.1175774559378624,0.5579265356063843,3.062202215194702,-0.26725032925605774,0.3802247643470764,3.04252552986145,-0.5801209211349487,bad
0.5303685069084167,0.6872613430023193,-1.3494508266448975,0.553196370601654,0.6138185858726501,-1.3070870637893677,0.567836582660675,0.6122550368309021,-1.3075892925262451,0.5816380977630615,0.6097803711891174,-1.3078513145446777,0.5060783624649048,0.6032106876373291,-1.3391724824905396,0.4854189455509186,0.5946092009544373,-1.3392266035079956,0.4624803960323334,0.5866075754165649,-1.3395960330963135,0.5866101384162903,0.5903169512748718,-0.799602210521698,0.40653643012046814,0.5662050247192383,-0.9338992834091187,0.5385242104530334,0.7357559204101562,-1.1245604753494263,0.48589175939559937,0.7328864336013794,-1.1696057319641113,0.7006775140762329,0.852983832359314,-0.408172070980072,0.24247944355010986,0.8441847562789917,-0.5678567290306091,0.7817395925521851,1.2125438451766968,-0.3346866965293884,0.17190508544445038,1.2791668176651,-0.8944604992866516,0.7681847810745239,1.4866188764572144,-0.6837936043739319,0.30064430832862854,1.2022500038146973,-1.7092806100845337,0.7880237698554993,1.5874207019805908,-0.7470076680183411,0.3371467888355255,1.1873453855514526,-1.8644014596939087,0.7584850788116455,1.559645414352417,-0.8237044215202332,0.33726128935813904,1.1424554586410522,-1.8431552648544312,0.7386044263839722,1.5223008394241333,-0.7241121530532837,0.339908629655838,1.1481571197509766,-1.722167730331421,0.6148186922073364,1.623495101928711,-0.0177572350949049,0.31988221406936646,1.6266989707946777,0.022164424881339073,0.5917510986328125,2.262425422668457,-0.07867215573787689,0.3274211585521698,2.254606008529663,-0.1734333485364914,0.5873594880104065,2.859290361404419,0.42273813486099243,0.3432677984237671,2.85347580909729,0.13008356094360352,0.589134931564331,2.9519453048706055,0.4386166036128998,0.34270530939102173,2.944673776626587,0.1367163360118866,0.5499967336654663,3.0539121627807617,-0.1687195748090744,0.3810819983482361,3.038567304611206,-0.5460589528083801,bad
0.5408111214637756,0.6830081343650818,-1.093816876411438,0.5627094507217407,0.6131904125213623,-1.057142734527588,0.5755743980407715,0.6112514734268188,-1.057167410850525,0.5875316858291626,0.6090425252914429,-1.0576484203338623,0.5169742107391357,0.6020414233207703,-1.0931429862976074,0.4976430833339691,0.5924921631813049,-1.0925204753875732,0.4763669967651367,0.582387387752533,-1.0927941799163818,0.5799449682235718,0.585031270980835,-0.6228965520858765,0.41924089193344116,0.558555543422699,-0.779366135597229,0.5409852266311646,0.7237895131111145,-0.9097418785095215,0.4927886128425598,0.7188217639923096,-0.9549043774604797,0.6649073958396912,0.8444738388061523,-0.245676189661026,0.2264614850282669,0.8112472295761108,-0.5017691850662231,0.7315722107887268,1.218202829360962,0.06556780636310577,0.12227634340524673,1.246909260749817,-0.5019305944442749,0.7220056056976318,1.542185664176941,-0.12016122043132782,0.19559785723686218,1.4851099252700806,-0.959814190864563,0.7520958781242371,1.6496070623397827,-0.17834798991680145,0.19286367297172546,1.5743168592453003,-1.0782442092895508,0.7238624095916748,1.6412683725357056,-0.2694728672504425,0.22553792595863342,1.5434682369232178,-1.1513593196868896,0.7000740170478821,1.604548692703247,-0.17087216675281525,0.23886863887310028,1.5098984241485596,-1.001091718673706,0.5670534372329712,1.6171820163726807,-0.007145823445171118,0.277895450592041,1.6086101531982422,0.011177347041666508,0.5353575348854065,2.255452871322632,-0.09531249850988388,0.2686052918434143,2.2532169818878174,-0.11243422329425812,0.5115922689437866,2.862252712249756,0.3947750926017761,0.25964033603668213,2.845952272415161,0.14410869777202606,0.5068190693855286,2.9508321285247803,0.4094621539115906,0.25069621205329895,2.9343321323394775,0.14822319149971008,0.4759487211704254,3.0566961765289307,-0.16566433012485504,0.2907298803329468,3.027787446975708,-0.5177699327468872,bad
0.4786084294319153,0.6945443749427795,-1.32219398021698,0.5087709426879883,0.6210548281669617,-1.2997411489486694,0.5250029563903809,0.6212303638458252,-1.2996575832366943,0.5409367680549622,0.6207786202430725,-1.2999656200408936,0.45674771070480347,0.6065924167633057,-1.3074266910552979,0.43492093682289124,0.5975413918495178,-1.3066495656967163,0.4146953225135803,0.5892719030380249,-1.306758999824524,0.5553392171859741,0.6009682416915894,-0.8654263615608215,0.37141117453575134,0.565759003162384,-0.9037095308303833,0.4973881244659424,0.7443684339523315,-1.1429917812347412,0.43485647439956665,0.7383918166160583,-1.1457269191741943,0.6679559946060181,0.8522221446037292,-0.46120232343673706,0.20899426937103271,0.8304759860038757,-0.5504919290542603,0.7463672757148743,1.2391732931137085,-0.1985744684934616,0.1406291276216507,1.2780604362487793,-0.4916834235191345,0.7194823622703552,1.5608302354812622,-0.4459052085876465,0.19455212354660034,1.49843168258667,-0.9933029413223267,0.7351850271224976,1.6708436012268066,-0.5272484421730042,0.19021430611610413,1.586529016494751,-1.1175532341003418,0.7028099298477173,1.6585102081298828,-0.6025429964065552,0.2208467274904251,1.5555341243743896,-1.1890748739242554,0.6835645437240601,1.6169530153274536,-0.4923221468925476,0.23357081413269043,1.5191634893417358,-1.0375431776046753,0.5765878558158875,1.6131293773651123,-0.038196586072444916,0.2775333523750305,1.6039679050445557,0.04294363409280777,0.5474286675453186,2.2541990280151367,-0.11104239523410797,0.27481549978256226,2.2387871742248535,-0.10495748370885849,0.5328794121742249,2.8541080951690674,0.414059579372406,0.27044638991355896,2.83292555809021,0.20554709434509277,0.5333948135375977,2.9461402893066406,0.4346219599246979,0.2676086723804474,2.9239277839660645,0.21912160515785217,0.4728755056858063,3.047985553741455,-0.16954736411571503,0.3035429120063782,3.0230610370635986,-0.4527951776981354,bad
0.7735955119132996,0.7139084339141846,-0.23787419497966766,0.7824405431747437,0.6408295035362244,-0.1716446578502655,0.7809680104255676,0.6368991136550903,-0.17224302887916565,0.7788804173469543,0.6326183080673218,-0.17216750979423523,0.7690339684486389,0.6367847919464111,-0.31061312556266785,0.7587903738021851,0.628934919834137,-0.31053048372268677,0.7475047707557678,0.6202123761177063,-0.3112542927265167,0.6997174024581909,0.5914197564125061,0.12640608847141266,0.6636241674423218,0.5786207318305969,-0.49070972204208374,0.7285350561141968,0.7596317529678345,-0.118427574634552,0.7142228484153748,0.748015820980072,-0.29852423071861267,0.5289186835289001,0.7937425374984741,0.4417605996131897,0.4157034754753113,0.7550932765007019,-0.7435668110847473,0.44895511865615845,1.2935118675231934,0.4198097288608551,0.18077458441257477,1.1771661043167114,-0.8757705688476562,0.44162923097610474,1.662676453590393,0.15927138924598694,0.14040198922157288,1.6669000387191772,-0.8992723226547241,0.4574604630470276,1.778865098953247,0.10970047861337662,0.09784296154975891,1.7889211177825928,-1.005561113357544,0.44547444581985474,1.7779145240783691,0.0321044847369194,0.14947864413261414,1.802755355834961,-1.0230175256729126,0.43356555700302124,1.7397103309631348,0.1006224974989891,0.15656678378582,1.7605427503585815,-0.9156686067581177,0.5133686065673828,1.7189888954162598,0.33876296877861023,0.309733510017395,1.7283968925476074,-0.33486276865005493,0.5232266783714294,2.4389119148254395,0.3561038374900818,0.36754435300827026,2.452047824859619,-0.2968583405017853,0.49580544233322144,3.08052134513855,0.8058096170425415,0.2806932032108307,3.133775234222412,0.049030452966690063,0.45276719331741333,3.1781435012817383,0.8125750422477722,0.20460215210914612,3.2565526962280273,0.06028355285525322,0.6059066653251648,3.3102898597717285,0.45708003640174866,0.44253605604171753,3.2950780391693115,-0.4119124412536621,bad
0.3313562870025635,0.6807417273521423,-0.27433982491493225,0.3372349441051483,0.6155881285667419,-0.3654189705848694,0.34504371881484985,0.6089423894882202,-0.36576083302497864,0.3524548411369324,0.6022641658782959,-0.36584848165512085,0.3278580904006958,0.6197411417961121,-0.21022231876850128,0.3287525773048401,0.6161489486694336,-0.20973987877368927,0.32991862297058105,0.6120310425758362,-0.21032068133354187,0.41318851709365845,0.5807638764381409,-0.6044560670852661,0.3951295018196106,0.5906665921211243,0.10660167783498764,0.38087281584739685,0.7104519605636597,-0.3560253977775574,0.36927810311317444,0.7190421223640442,-0.15026600658893585,0.7141748666763306,0.7983362078666687,-0.7885347604751587,0.5000140070915222,0.8343046307563782,0.3547566533088684,0.982108473777771,1.0605906248092651,-0.9820942878723145,0.6023275256156921,1.2564862966537476,0.47285979986190796,0.9710038900375366,1.5339621305465698,-0.8690564036369324,0.5556299686431885,1.549578070640564,0.1782848984003067,1.004392385482788,1.6434037685394287,-0.9817999601364136,0.5387312173843384,1.6425060033798218,0.1744936853647232,0.9448902010917664,1.646843671798706,-0.9283590316772461,0.5343261957168579,1.639697551727295,0.0432647168636322,0.9335910677909851,1.6053004264831543,-0.8542433977127075,0.5386083722114563,1.6014188528060913,0.10015814006328583,0.790179967880249,1.6702876091003418,-0.36267006397247314,0.5874167680740356,1.6689602136611938,0.36814555525779724,0.7826173901557922,2.2936348915100098,-0.3895222842693329,0.5502719879150391,2.2562341690063477,0.3610959053039551,0.8018006086349487,2.8709263801574707,0.14404231309890747,0.5722267031669617,2.8332252502441406,0.6384950876235962,0.8340373039245605,2.9552862644195557,0.16316823661327362,0.5915452241897583,2.9164931774139404,0.648328423500061,0.7176438570022583,3.0385165214538574,-0.3005346357822418,0.5397969484329224,3.024071455001831,0.16474753618240356,bad
0.732057511806488,0.6671214699745178,-0.24482297897338867,0.7348496913909912,0.6063970327377319,-0.18199113011360168,0.7302759885787964,0.6028110980987549,-0.18238213658332825,0.7246057987213135,0.5988863706588745,-0.18244656920433044,0.7301016449928284,0.6014851927757263,-0.3093768060207367,0.7230570912361145,0.5944718718528748,-0.3093990683555603,0.7149752378463745,0.5865291953086853,-0.3101378083229065,0.6576411724090576,0.5795633792877197,0.09892195463180542,0.6446618437767029,0.5629283785820007,-0.4694367051124573,0.6874135732650757,0.7149250507354736,-0.13359002768993378,0.683612048625946,0.7069624662399292,-0.2988895773887634,0.511283814907074,0.8097386956214905,0.3708221912384033,0.3870074152946472,0.776416540145874,-0.6745442152023315,0.40945523977279663,1.2648730278015137,0.35065338015556335,0.1153273805975914,1.0617984533309937,-0.7763574719429016,0.3871782422065735,1.6129629611968994,0.03069036640226841,0.16877028346061707,1.4738657474517822,-0.7696440815925598,0.3977188169956207,1.7251129150390625,-0.03599826991558075,0.15210726857185364,1.5635019540786743,-0.8625478744506836,0.38169050216674805,1.7214525938034058,-0.10155798494815826,0.2036810666322708,1.568900465965271,-0.873001217842102,0.3738034963607788,1.6872234344482422,-0.023295218124985695,0.20018580555915833,1.5429037809371948,-0.7778452634811401,0.5110012888908386,1.6436532735824585,0.3170396089553833,0.32151782512664795,1.6790798902511597,-0.31256765127182007,0.5550137758255005,2.2997517585754395,0.3334179222583771,0.4055015444755554,2.277705669403076,-0.360326886177063,0.5317710638046265,2.877723217010498,0.727709174156189,0.32891735434532166,2.9237844944000244,-0.05912676453590393,0.49581629037857056,2.975282907485962,0.7397368550300598,0.2706485986709595,3.0542726516723633,-0.04789301007986069,0.6405497193336487,3.071768283843994,0.4389818608760834,0.47039595246315,3.049546003341675,-0.44836196303367615,bad
0.7479050159454346,0.6758660078048706,-0.23392494022846222,0.7489453554153442,0.607734739780426,-0.1667047142982483,0.7432171106338501,0.6031379103660583,-0.16729776561260223,0.7368763089179993,0.5983101725578308,-0.16721630096435547,0.7434491515159607,0.6041451096534729,-0.29698386788368225,0.7361769676208496,0.5976598262786865,-0.2970592677593231,0.7278050184249878,0.5907520651817322,-0.297745019197464,0.6616013646125793,0.5809152126312256,0.13269655406475067,0.6505025625228882,0.5719547867774963,-0.49420294165611267,0.697172999382019,0.7267009019851685,-0.11056888103485107,0.6936653256416321,0.7209411859512329,-0.28953298926353455,0.5068249702453613,0.7994411587715149,0.39350655674934387,0.38553401827812195,0.7842655181884766,-0.6532723903656006,0.4638853967189789,1.2573152780532837,0.48029571771621704,0.14086583256721497,1.0615978240966797,-0.8578133583068848,0.4898292124271393,1.5183862447738647,0.2710514962673187,0.3023150563240051,1.2096550464630127,-0.8129309415817261,0.5059317946434021,1.6097843647003174,0.22548380494117737,0.2991619110107422,1.2517409324645996,-0.8942573666572571,0.49829012155532837,1.5769683122634888,0.15641917288303375,0.3298189342021942,1.2175326347351074,-0.9037538766860962,0.48974376916885376,1.546063780784607,0.2194036990404129,0.32060226798057556,1.205909252166748,-0.8199201822280884,0.507673978805542,1.6648768186569214,0.2888551652431488,0.31387650966644287,1.676777958869934,-0.28515681624412537,0.5655420422554016,2.3023769855499268,0.27273038029670715,0.4363378882408142,2.2895779609680176,-0.3873273730278015,0.5497677326202393,2.9086616039276123,0.6788648366928101,0.3538840413093567,2.958202362060547,-0.08971259742975235,0.5055347681045532,3.005803108215332,0.6920348405838013,0.28125500679016113,3.0801799297332764,-0.08260823786258698,0.6613343954086304,3.0991103649139404,0.41401439905166626,0.4990409314632416,3.0834059715270996,-0.4752529561519623,bad
0.4802466034889221,0.5795794129371643,-1.1941763162612915,0.5037764310836792,0.5081251263618469,-1.134112000465393,0.5191097855567932,0.5079554915428162,-1.1341866254806519,0.5325682163238525,0.5081726312637329,-1.1342893838882446,0.44785600900650024,0.4998566210269928,-1.1504642963409424,0.4253809452056885,0.4953216016292572,-1.1501901149749756,0.40438348054885864,0.49309948086738586,-1.1504186391830444,0.5490937232971191,0.5170032978057861,-0.6376481056213379,0.36547988653182983,0.5073028206825256,-0.61639004945755,0.5040949583053589,0.6386255025863647,-0.998775839805603,0.43792861700057983,0.6444030404090881,-1.0185221433639526,0.6818166375160217,0.8106815814971924,-0.28705132007598877,0.22517812252044678,0.8279358744621277,-0.3802049160003662,0.8074902296066284,1.0542060136795044,-0.3708873689174652,0.04995623603463173,1.1595910787582397,-1.0261366367340088,0.8410916328430176,1.4210078716278076,-0.793335497379303,0.2393338680267334,0.9331763982772827,-2.051351308822632,0.8554055094718933,1.5190443992614746,-0.8930703401565552,0.29039454460144043,0.8809067606925964,-2.2579896450042725,0.8154256939888,1.4914844036102295,-0.9335366487503052,0.31313014030456543,0.8297029733657837,-2.1972546577453613,0.7970358729362488,1.4621952772140503,-0.8281485438346863,0.3104727566242218,0.8567094206809998,-2.0534517765045166,0.6079176068305969,1.6329578161239624,-0.060948800295591354,0.3054477572441101,1.637405276298523,0.0653730183839798,0.605348527431488,2.312220811843872,-0.24592182040214539,0.3177001178264618,2.317126512527466,-0.08711250126361847,0.6087707281112671,2.93597674369812,0.2608795464038849,0.3452676236629486,2.9366562366485596,0.19325920939445496,0.6158663630485535,3.028115749359131,0.27097028493881226,0.34490424394607544,3.0267691612243652,0.19840018451213837,0.5683051347732544,3.1179940700531006,-0.4146067500114441,0.3693651556968689,3.1190035343170166,-0.5430328845977783,bad
0.483646959066391,0.7037641406059265,-0.9381548166275024,0.5103978514671326,0.6255718469619751,-0.912281334400177,0.5262662768363953,0.6247836351394653,-0.9121545553207397,0.5407750010490417,0.6236804723739624,-0.912519097328186,0.4554242491722107,0.6185982823371887,-0.9102363586425781,0.4335467219352722,0.6133117079734802,-0.9092952013015747,0.414511114358902,0.6088996529579163,-0.9094382524490356,0.5621141791343689,0.6203204393386841,-0.569322407245636,0.3823595643043518,0.6066564321517944,-0.5401815176010132,0.5089292526245117,0.7583757042884827,-0.794202983379364,0.44526076316833496,0.761965811252594,-0.7855561971664429,0.7014729380607605,0.863601803779602,-0.32922518253326416,0.2392347753047943,0.8915840983390808,-0.31836313009262085,0.8102671504020691,1.0982118844985962,-0.2968657612800598,0.1651804894208908,1.3018907308578491,-0.41151219606399536,0.8071695566177368,1.5380918979644775,-0.5767087936401367,0.20191285014152527,1.5536916255950928,-1.0313990116119385,0.8345363736152649,1.652711272239685,-0.6822062134742737,0.18764668703079224,1.6592259407043457,-1.1764382123947144,0.77977454662323,1.6510196924209595,-0.7278648614883423,0.22929954528808594,1.626073956489563,-1.244140625,0.7582494616508484,1.6114240884780884,-0.6131798028945923,0.24596980214118958,1.5859438180923462,-1.080098032951355,0.6306666731834412,1.6000142097473145,-0.06506131589412689,0.3430609107017517,1.6087610721588135,0.07005200535058975,0.6252254247665405,2.204747438430786,-0.0982876718044281,0.3487098515033722,2.209791660308838,0.0595998577773571,0.6248999834060669,2.763882875442505,0.43802112340927124,0.36092907190322876,2.761986255645752,0.3622093200683594,0.6354892253875732,2.8477704524993896,0.45730558037757874,0.35841915011405945,2.848491668701172,0.3738875091075897,0.5666524171829224,2.954277992248535,-0.15073667466640472,0.40465420484542847,2.9454262256622314,-0.24794694781303406,bad
0.4835907816886902,0.6096842288970947,-1.1274082660675049,0.5074672698974609,0.5406227707862854,-1.0604026317596436,0.5242815017700195,0.5416477918624878,-1.060463309288025,0.5399481654167175,0.5434616804122925,-1.060660719871521,0.4525165557861328,0.5378195643424988,-1.0719184875488281,0.4305075705051422,0.5374662280082703,-1.0709235668182373,0.41044434905052185,0.5386308431625366,-1.0710039138793945,0.5613240003585815,0.5659953951835632,-0.590514063835144,0.37114158272743225,0.5668212175369263,-0.6216526031494141,0.5106551051139832,0.6813225150108337,-0.9497109651565552,0.4436422288417816,0.6803518533706665,-0.9611050486564636,0.7142550945281982,0.8826143145561218,-0.3431667685508728,0.21326486766338348,0.9322041869163513,-0.38877496123313904,0.8417803645133972,1.2527772188186646,-0.4558669626712799,0.14777472615242004,1.3484928607940674,-0.7967343330383301,0.8344181180000305,1.573594570159912,-0.9652868509292603,0.2449941337108612,1.4614136219024658,-1.7194324731826782,0.8741441965103149,1.684193730354309,-1.1166220903396606,0.2475470006465912,1.5361933708190918,-1.920530080795288,0.815830409526825,1.6776052713394165,-1.184107780456543,0.2865983247756958,1.4829680919647217,-1.9530982971191406,0.7875446677207947,1.639869213104248,-1.0188707113265991,0.29313358664512634,1.4528671503067017,-1.7558540105819702,0.6513985395431519,1.692857265472412,-0.05697907134890556,0.3352389931678772,1.716899037361145,0.06292515993118286,0.6552029252052307,2.349658727645874,-0.0742487832903862,0.35174137353897095,2.36310076713562,0.06462343037128448,0.6679475903511047,2.953278064727783,0.5140801668167114,0.3737253248691559,2.9586939811706543,0.45877471566200256,0.6771076917648315,3.049668550491333,0.5317631959915161,0.3710536062717438,3.056809425354004,0.473080575466156,0.6181768178939819,3.144355535507202,-0.16881820559501648,0.4222338795661926,3.140165090560913,-0.2619384825229645,bad
0.46878767013549805,0.4893169105052948,-0.9225589036941528,0.4975818991661072,0.4135705530643463,-0.875201404094696,0.5150597095489502,0.4140995740890503,-0.8751192092895508,0.5308119654655457,0.4153677523136139,-0.8749712109565735,0.4400559961795807,0.4117969870567322,-0.8716052770614624,0.4198980927467346,0.4113484025001526,-0.8707331418991089,0.4010984003543854,0.4115474820137024,-0.871015727519989,0.5507693886756897,0.4349968731403351,-0.46874934434890747,0.36797866225242615,0.4355336129665375,-0.441110223531723,0.5027635097503662,0.5530981421470642,-0.7658354640007019,0.4326077401638031,0.5614851117134094,-0.7595636248588562,0.7022016048431396,0.7499030232429504,-0.20506182312965393,0.24247097969055176,0.7852909564971924,-0.20359453558921814,0.8795222043991089,1.0371302366256714,-0.49413880705833435,0.05454156920313835,1.1262667179107666,-0.663246214389801,0.8369640111923218,1.0038467645645142,-1.0990571975708008,0.1668517291545868,1.056642770767212,-1.5874903202056885,0.8629854917526245,1.1388843059539795,-1.2342569828033447,0.19314691424369812,1.0711184740066528,-1.7406812906265259,0.8215352892875671,1.0866926908493042,-1.2079684734344482,0.2289285957813263,1.0174200534820557,-1.7045797109603882,0.8085964322090149,1.0937179327011108,-1.1116859912872314,0.2336738109588623,1.03087317943573,-1.5942327976226807,0.6573096513748169,1.582963466644287,-0.05446338653564453,0.34778785705566406,1.6018507480621338,0.05999919772148132,0.6610905528068542,2.2552413940429688,-0.24193255603313446,0.3611309230327606,2.269237995147705,-0.05948109179735184,0.6714826822280884,2.8737616539001465,0.17166849970817566,0.3867449462413788,2.8633155822753906,0.11410249769687653,0.6807972192764282,2.9604692459106445,0.17581014335155487,0.3837459683418274,2.950505018234253,0.11037828028202057,0.6339443325996399,3.0463883876800537,-0.46145421266555786,0.4191848337650299,3.0630316734313965,-0.5485478639602661,bad
0.5052591562271118,0.5244237184524536,-1.0029940605163574,0.5284351706504822,0.45539015531539917,-0.9326534271240234,0.5445727705955505,0.4563548266887665,-0.9321738481521606,0.5589343905448914,0.45781323313713074,-0.9326640367507935,0.4725480079650879,0.4502452611923218,-0.9414944648742676,0.4496532082557678,0.4500076472759247,-0.9407164454460144,0.4285566806793213,0.4509288966655731,-0.9406576156616211,0.5749963521957397,0.47184091806411743,-0.4706569314002991,0.389526903629303,0.47082656621932983,-0.47361236810684204,0.5288993120193481,0.5887721180915833,-0.8231830596923828,0.462796688079834,0.5897475481033325,-0.8315156698226929,0.6983903646469116,0.7493232488632202,-0.19481690227985382,0.25971758365631104,0.7722010016441345,-0.31692028045654297,0.8441793322563171,1.0191469192504883,-0.18079641461372375,0.020680485293269157,1.0363574028015137,-0.9584711194038391,0.9187071919441223,1.455057144165039,-0.46013563871383667,0.24310815334320068,0.8663075566291809,-1.8280824422836304,0.9517642259597778,1.5737273693084717,-0.5438090562820435,0.31396645307540894,0.846823513507843,-2.0147547721862793,0.9064800143241882,1.5708203315734863,-0.5994828939437866,0.3504267632961273,0.8137067556381226,-1.937129020690918,0.880923867225647,1.5397593975067139,-0.4986131191253662,0.3383520841598511,0.837418258190155,-1.8198131322860718,0.6373203992843628,1.5738415718078613,-0.06779367476701736,0.3418629467487335,1.5815883874893188,0.07221207022666931,0.6339454650878906,2.250312566757202,-0.24196989834308624,0.3455474376678467,2.2600255012512207,0.06812488287687302,0.6376458406448364,2.8676953315734863,0.25029808282852173,0.36076515913009644,2.866382122039795,0.42908963561058044,0.6480993032455444,2.955216407775879,0.2579459249973297,0.3559928238391876,2.9499728679656982,0.44494858384132385,0.5910094380378723,3.04868483543396,-0.4539830684661865,0.38615891337394714,3.056154489517212,-0.23728351294994354,bad
0.5002480149269104,0.5307105779647827,-1.0456990003585815,0.5257295370101929,0.4592380225658417,-0.985794186592102,0.5418280959129333,0.46020781993865967,-0.9854891896247864,0.5567587614059448,0.4616798758506775,-0.9857286214828491,0.46756118535995483,0.453617125749588,-0.9890470504760742,0.4442238211631775,0.4527726471424103,-0.9884406328201294,0.42370134592056274,0.4535246789455414,-0.9885146021842957,0.5743868350982666,0.4741564095020294,-0.5108439326286316,0.3869953453540802,0.4719833433628082,-0.5146583318710327,0.5256451368331909,0.5941774845123291,-0.8685288429260254,0.45836663246154785,0.5952244997024536,-0.8688825368881226,0.700232982635498,0.7564500570297241,-0.2257806807756424,0.25851869583129883,0.7736877202987671,-0.3372114300727844,0.8440696597099304,1.0335962772369385,-0.2201656848192215,0.03382953628897667,1.0349667072296143,-0.91465824842453,0.9028197526931763,1.4769325256347656,-0.477316677570343,0.23505929112434387,0.8767982721328735,-1.7590649127960205,0.9304682612419128,1.594488501548767,-0.5642964243888855,0.30478864908218384,0.8517919182777405,-1.9400336742401123,0.8809703588485718,1.5865870714187622,-0.6020397543907166,0.33851635456085205,0.8082078099250793,-1.8506988286972046,0.8576768040657043,1.5550881624221802,-0.5095721483230591,0.32410523295402527,0.8351312875747681,-1.7444566488265991,0.6326044201850891,1.5757691860198975,-0.07392745465040207,0.33317065238952637,1.5813462734222412,0.07830780744552612,0.619287371635437,2.2534849643707275,-0.24395017325878143,0.3314870297908783,2.262159824371338,0.11494293063879013,0.6169153451919556,2.873323917388916,0.274711549282074,0.3487066924571991,2.8686418533325195,0.5541045665740967,0.6263283491134644,2.9625468254089355,0.2847697138786316,0.34478557109832764,2.9540090560913086,0.5833557844161987,0.5683404207229614,3.0589120388031006,-0.40650510787963867,0.37352195382118225,3.059570789337158,-0.13994672894477844,bad
0.49554508924484253,0.5323112607002258,-1.1352884769439697,0.5221424102783203,0.46129363775253296,-1.0652644634246826,0.5388100147247314,0.4625397026538849,-1.0651469230651855,0.5537431836128235,0.4639919102191925,-1.0652756690979004,0.4632202088832855,0.4546249508857727,-1.0693368911743164,0.440664142370224,0.4535856246948242,-1.0689057111740112,0.42041969299316406,0.45400387048721313,-1.068987488746643,0.5726438164710999,0.4758562743663788,-0.5655110478401184,0.385742723941803,0.47222214937210083,-0.5723934769630432,0.5218912959098816,0.5958167910575867,-0.9468307495117188,0.45408982038497925,0.5971193313598633,-0.9506844282150269,0.6989272236824036,0.7563558220863342,-0.2670597434043884,0.25723257660865784,0.7735254168510437,-0.34339621663093567,0.8429098129272461,1.0250210762023926,-0.2592024505138397,0.03821150213479996,1.012210726737976,-0.9442914724349976,0.9067733883857727,1.472266435623169,-0.5987556576728821,0.21251413226127625,0.8872107863426208,-1.909235954284668,0.9310716390609741,1.5921415090560913,-0.6941094994544983,0.2687254846096039,0.8633056282997131,-2.105125904083252,0.887656033039093,1.5790294408798218,-0.7536261677742004,0.30882754921913147,0.8169162273406982,-2.0413684844970703,0.8653823137283325,1.5467429161071777,-0.6393624544143677,0.3013322651386261,0.8457807898521423,-1.910388708114624,0.6266177892684937,1.5746426582336426,-0.06654851138591766,0.3328315317630768,1.5785307884216309,0.07088152319192886,0.617019772529602,2.245704174041748,-0.2697751820087433,0.33163851499557495,2.2491989135742188,-0.015397444367408752,0.6178337335586548,2.864485025405884,0.2637280821800232,0.34830987453460693,2.8568601608276367,0.2569909393787384,0.627302885055542,2.9520347118377686,0.2733151912689209,0.34462445974349976,2.939527750015259,0.2631458640098572,0.5749152302742004,3.0419764518737793,-0.43488726019859314,0.37386780977249146,3.0436339378356934,-0.47921648621559143,bad
0.5387576818466187,0.5442825555801392,-0.9903780817985535,0.558997392654419,0.47135815024375916,-0.9311968088150024,0.5734041333198547,0.47208455204963684,-0.9312540292739868,0.5867358446121216,0.47278764843940735,-0.9317304491996765,0.5090625882148743,0.46120819449424744,-0.9628846049308777,0.4876117706298828,0.4575696587562561,-0.9623012542724609,0.4644492566585541,0.45597127079963684,-0.9625993967056274,0.5883684754371643,0.48051881790161133,-0.5058026313781738,0.4051182270050049,0.4702674448490143,-0.6362821459770203,0.5486708879470825,0.6057801842689514,-0.8229540586471558,0.49582910537719727,0.601605236530304,-0.859939455986023,0.7043634653091431,0.7773968577384949,-0.20523516833782196,0.24320383369922638,0.7908686995506287,-0.46977996826171875,0.8324280977249146,1.039579153060913,-0.11135172843933105,0.17117658257484436,1.257500410079956,-0.5335921049118042,0.8821136355400085,1.5127164125442505,-0.46659594774246216,0.1436583548784256,1.616917371749878,-1.0017362833023071,0.9241796731948853,1.6340312957763672,-0.5681499242782593,0.10271365940570831,1.7341663837432861,-1.138986349105835,0.8760595321655273,1.650259256362915,-0.6608177423477173,0.1484338343143463,1.7411664724349976,-1.2457963228225708,0.8447948694229126,1.609734058380127,-0.5260434150695801,0.17833417654037476,1.6943591833114624,-1.0616374015808105,0.626453697681427,1.614986777305603,-0.01494545303285122,0.3344005048274994,1.624819278717041,0.019964955747127533,0.6070539951324463,2.2905967235565186,-0.15468287467956543,0.32819822430610657,2.3063254356384277,-0.04079322889447212,0.6028262972831726,2.9168574810028076,0.3190712332725525,0.32850319147109985,2.9183883666992188,0.17261996865272522,0.6051705479621887,3.0169873237609863,0.33375585079193115,0.319743812084198,3.021601676940918,0.16931942105293274,0.5681971907615662,3.103710651397705,-0.23669981956481934,0.367534339427948,3.0960824489593506,-0.420647531747818,bad
0.4789595603942871,0.5231897234916687,-0.8024037480354309,0.5085026025772095,0.4520203173160553,-0.7625700831413269,0.5263990163803101,0.4522317945957184,-0.7624111175537109,0.5423398017883301,0.4532458186149597,-0.7627407312393188,0.4477008879184723,0.4492153823375702,-0.7583353519439697,0.4257187843322754,0.44764605164527893,-0.7576268911361694,0.40566033124923706,0.4459552466869354,-0.7576630711555481,0.5654224753379822,0.4648469090461731,-0.4370596408843994,0.3703228831291199,0.46098825335502625,-0.39890342950820923,0.5080115795135498,0.5874992609024048,-0.6771398782730103,0.4370855689048767,0.588631808757782,-0.6649042367935181,0.6922236680984497,0.7464029788970947,-0.27155688405036926,0.24615538120269775,0.7879380583763123,-0.27530521154403687,0.8511350750923157,1.0308232307434082,-0.31560078263282776,0.23624162375926971,1.2258877754211426,-0.43368491530418396,0.9432651400566101,1.449661374092102,-0.6359694004058838,0.23686031997203827,1.51812744140625,-1.1814147233963013,0.9933072924613953,1.5608477592468262,-0.7550592422485352,0.2040400505065918,1.625495433807373,-1.3567684888839722,0.934684157371521,1.570427656173706,-0.8278895616531372,0.2488449066877365,1.6127829551696777,-1.4146865606307983,0.9052400588989258,1.533591866493225,-0.6842706203460693,0.27091461420059204,1.5699225664138794,-1.2425962686538696,0.6510528326034546,1.5481032133102417,-0.07257172465324402,0.3691287636756897,1.5759690999984741,0.07757478952407837,0.657932460308075,2.1908810138702393,-0.06586786359548569,0.379517138004303,2.2085766792297363,0.1867317259311676,0.6653326749801636,2.776498317718506,0.5010284185409546,0.39709603786468506,2.7862634658813477,0.5782898664474487,0.6766126155853271,2.867933750152588,0.5253255367279053,0.39514705538749695,2.8812379837036133,0.5970438718795776,0.6188620328903198,2.9641308784484863,-0.0659012421965599,0.4368467330932617,2.9665756225585938,0.020437898114323616,bad
0.3783375918865204,0.5398603081703186,-0.6611634492874146,0.3980683982372284,0.4756442904472351,-0.6954469084739685,0.4135228097438812,0.4685768485069275,-0.695637583732605,0.42964133620262146,0.4607381224632263,-0.6964492797851562,0.36830031871795654,0.48504456877708435,-0.5993682742118835,0.36122092604637146,0.48547619581222534,-0.5986083745956421,0.3541664183139801,0.4857471287250519,-0.5987852215766907,0.5043124556541443,0.45781224966049194,-0.669352114200592,0.39087042212486267,0.4805966317653656,-0.16653993725776672,0.4255473017692566,0.5905050039291382,-0.6317131519317627,0.39067357778549194,0.5998143553733826,-0.4925919473171234,0.7391311526298523,0.7182644605636597,-0.6916300058364868,0.39780738949775696,0.7402259707450867,0.14817701280117035,0.9551119804382324,0.9937431216239929,-0.7578145265579224,0.41586336493492126,1.1018016338348389,0.4928508400917053,0.9636029005050659,1.377150297164917,-0.6781419515609741,0.36663520336151123,1.3156793117523193,0.2159218043088913,0.9932263493537903,1.49417245388031,-0.7330695986747742,0.3308308720588684,1.39084792137146,0.2011524885892868,0.9352521896362305,1.5185149908065796,-0.741144061088562,0.34658998250961304,1.3937486410140991,0.09344273060560226,0.9177625775337219,1.4783096313476562,-0.6754711866378784,0.36822694540023804,1.3645480871200562,0.1540461629629135,0.7341954112052917,1.4804476499557495,-0.2734098434448242,0.48369741439819336,1.4655674695968628,0.27730631828308105,0.7314638495445251,2.085149049758911,-0.24542641639709473,0.488453209400177,2.0609469413757324,0.500243067741394,0.7524893283843994,2.628427743911743,0.28246867656707764,0.5065542459487915,2.593006134033203,0.9480034708976746,0.7877784967422485,2.7078287601470947,0.30488401651382446,0.516105592250824,2.674243450164795,0.9792630076408386,0.6573025584220886,2.778892993927002,-0.2225375473499298,0.4936363697052002,2.78385591506958,0.4704017639160156,bad
0.3504280149936676,0.5492828488349915,-0.4633951783180237,0.37065550684928894,0.48321887850761414,-0.5617295503616333,0.3819161653518677,0.47749680280685425,-0.5621169805526733,0.39328283071517944,0.4715662896633148,-0.5623286962509155,0.3534466326236725,0.48838865756988525,-0.3994697332382202,0.35315588116645813,0.4864565134048462,-0.398870050907135,0.35297414660453796,0.48418107628822327,-0.39936262369155884,0.4709051549434662,0.46303385496139526,-0.7574030160903931,0.42904654145240784,0.47702550888061523,-0.027855616062879562,0.4018757939338684,0.58986496925354,-0.530840277671814,0.37948304414749146,0.597577691078186,-0.3158334493637085,0.7550657987594604,0.7310672998428345,-0.8895578384399414,0.5131022334098816,0.7507696747779846,0.292589396238327,1.0157124996185303,0.9956850409507751,-1.0599100589752197,0.6022244691848755,1.1756905317306519,0.6135079264640808,1.0686216354370117,1.4630545377731323,-0.9894270896911621,0.5801876783370972,1.4582610130310059,0.36554497480392456,1.1110070943832397,1.578558325767517,-1.0945303440093994,0.5692062973976135,1.5470316410064697,0.368097722530365,1.0497121810913086,1.5948001146316528,-1.0556936264038086,0.5660701990127563,1.5498371124267578,0.23815786838531494,1.0313639640808105,1.5523790121078491,-0.9777877926826477,0.5683540105819702,1.5172499418258667,0.29110825061798096,0.8380044102668762,1.5867035388946533,-0.3784956932067871,0.6124237179756165,1.5893800258636475,0.3838692307472229,0.8326425552368164,2.245396137237549,-0.4867217540740967,0.5935429334640503,2.214282274246216,0.4495299458503723,0.862087607383728,2.8530757427215576,0.053711045533418655,0.6104472875595093,2.8163084983825684,0.6719509959220886,0.8969910740852356,2.9505929946899414,0.07053004950284958,0.6241838335990906,2.9081509113311768,0.6783691644668579,0.7637048363685608,3.009186029434204,-0.4493710994720459,0.5732808709144592,3.0037200450897217,0.21029412746429443,bad
0.34979087114334106,0.5636405944824219,-0.4619130492210388,0.36839812994003296,0.49344202876091003,-0.5588668584823608,0.3788667619228363,0.4881065785884857,-0.5592464208602905,0.38952454924583435,0.48267096281051636,-0.5595394372940063,0.355903297662735,0.49668076634407043,-0.395724356174469,0.3570437431335449,0.49378713965415955,-0.39505627751350403,0.3586438298225403,0.490299791097641,-0.39554622769355774,0.4690361022949219,0.4734868109226227,-0.7572983503341675,0.4365098476409912,0.48058173060417175,-0.006900699343532324,0.4026282727718353,0.6046410799026489,-0.5244616270065308,0.3842269778251648,0.611836314201355,-0.30728739500045776,0.763492226600647,0.7484527826309204,-0.8983141779899597,0.5248795747756958,0.7509101033210754,0.29903724789619446,1.0226547718048096,1.00870680809021,-1.101632833480835,0.6065847277641296,1.19577157497406,0.598221480846405,1.073781132698059,1.4837126731872559,-1.0703994035720825,0.5665891766548157,1.4929527044296265,0.26045042276382446,1.1108094453811646,1.5930181741714478,-1.184340000152588,0.5458582639694214,1.584492564201355,0.2750508785247803,1.0524699687957764,1.6002230644226074,-1.1377838850021362,0.5452553033828735,1.584436297416687,0.128427654504776,1.0353353023529053,1.560765027999878,-1.056939721107483,0.5542790293693542,1.5486310720443726,0.17656490206718445,0.8514022827148438,1.6229050159454346,-0.3831414580345154,0.6196657419204712,1.6214778423309326,0.38842421770095825,0.8445857763290405,2.3092095851898193,-0.49518170952796936,0.5970615148544312,2.2798640727996826,0.42339271306991577,0.8764241337776184,2.9414777755737305,0.04555027559399605,0.6162444353103638,2.901625156402588,0.679841160774231,0.9120290875434875,3.0400941371917725,0.06312467902898788,0.6302148103713989,2.991762399673462,0.6883125901222229,0.7844633460044861,3.095172882080078,-0.4913266599178314,0.5853475332260132,3.090683698654175,0.17497193813323975,bad
0.36412277817726135,0.5482261180877686,-0.4966347813606262,0.38255801796913147,0.4869583547115326,-0.5579336881637573,0.3949750065803528,0.48128706216812134,-0.5579646825790405,0.40927058458328247,0.4755760133266449,-0.5588816404342651,0.3635111153125763,0.49373558163642883,-0.44644370675086975,0.36197802424430847,0.49290940165519714,-0.44569239020347595,0.36099669337272644,0.49177348613739014,-0.4460269510746002,0.4913255572319031,0.47135651111602783,-0.6170278787612915,0.43187230825424194,0.48464736342430115,-0.06129996106028557,0.418062299489975,0.5960285067558289,-0.5023695826530457,0.3935050964355469,0.6042486429214478,-0.3439698815345764,0.7815413475036621,0.7241974472999573,-0.6582674384117126,0.42829808592796326,0.7504222393035889,0.11941679567098618,0.9876688122749329,0.9869377017021179,-0.7364137768745422,0.4440406858921051,1.1030657291412354,0.34703728556632996,1.003164529800415,1.4153919219970703,-0.6008861660957336,0.41688355803489685,1.3667997121810913,-0.06244543939828873,1.037677526473999,1.5295754671096802,-0.6639197468757629,0.38522467017173767,1.455493450164795,-0.11331450939178467,0.9820717573165894,1.5500456094741821,-0.6661199331283569,0.4065729081630707,1.444874882698059,-0.20851659774780273,0.9619714617729187,1.5115996599197388,-0.5990514755249023,0.4268738329410553,1.410803198814392,-0.12487615644931793,0.7862293720245361,1.4988207817077637,-0.27884429693222046,0.5225400924682617,1.4929248094558716,0.28295525908470154,0.7796878218650818,2.140331506729126,-0.17629531025886536,0.5348024964332581,2.1155810356140137,0.5206242799758911,0.8116785883903503,2.7029712200164795,0.4374275803565979,0.5484802722930908,2.6772046089172363,1.0283974409103394,0.8438853025436401,2.7850253582000732,0.4677729606628418,0.556570827960968,2.754727602005005,1.0694291591644287,0.7225368022918701,2.86269474029541,-0.06288723647594452,0.5420501828193665,2.8710668087005615,0.5553014278411865,bad
0.543957531452179,0.5286868810653687,-1.009002447128296,0.5664114356040955,0.4563221037387848,-0.9513851404190063,0.5822649002075195,0.45632317662239075,-0.9515072703361511,0.5964077115058899,0.45651721954345703,-0.95188969373703,0.512684166431427,0.44796425104141235,-0.9778720140457153,0.48998576402664185,0.4434313178062439,-0.9773774147033691,0.4656062126159668,0.44060859084129333,-0.9776935577392578,0.592204213142395,0.4667985737323761,-0.5281611680984497,0.4058867394924164,0.4580002427101135,-0.6360442638397217,0.554360032081604,0.5950838923454285,-0.8454230427742004,0.49609822034835815,0.5877308249473572,-0.8750160336494446,0.694919764995575,0.772800087928772,-0.2310953587293625,0.24062681198120117,0.7825254201889038,-0.4882912039756775,0.8579325675964355,1.0187644958496094,-0.18013176321983337,0.18897467851638794,1.2735768556594849,-0.6392105221748352,0.9645711779594421,1.4150525331497192,-0.557090163230896,0.19848324358463287,1.6469391584396362,-1.309905767440796,1.0218205451965332,1.5123053789138794,-0.6663154363632202,0.17239521443843842,1.7720839977264404,-1.4582788944244385,0.9891461133956909,1.5272830724716187,-0.7511996030807495,0.2194041758775711,1.762214183807373,-1.5501587390899658,0.9499738812446594,1.5016705989837646,-0.6137108206748962,0.24291446805000305,1.7156593799591064,-1.3579224348068237,0.6250497102737427,1.6161659955978394,-0.007135092280805111,0.33092638850212097,1.6328939199447632,0.011506875976920128,0.6269636750221252,2.2943313121795654,-0.0011350775603204966,0.3535313904285431,2.32214093208313,-0.012718698009848595,0.6324589252471924,2.9221351146698,0.5740175843238831,0.3625701069831848,2.9415347576141357,0.32671117782592773,0.6350238919258118,3.0191144943237305,0.5967528820037842,0.34997931122779846,3.0420827865600586,0.3441978693008423,0.608202338218689,3.1115996837615967,0.03570668399333954,0.41296786069869995,3.1225318908691406,-0.3365498185157776,bad
0.4827539324760437,0.5401362180709839,-0.8913760185241699,0.512578010559082,0.46663182973861694,-0.8612717390060425,0.5303149819374084,0.4659951627254486,-0.8611153364181519,0.5463513135910034,0.4661010801792145,-0.8614711761474609,0.4526244103908539,0.46310457587242126,-0.8484309911727905,0.43175262212753296,0.46073925495147705,-0.8476525545120239,0.4130619466304779,0.45838215947151184,-0.8476467132568359,0.5689253211021423,0.47479578852653503,-0.5460331439971924,0.3799872398376465,0.47163262963294983,-0.45231157541275024,0.5127367377281189,0.6011249423027039,-0.7645562887191772,0.44203463196754456,0.601757824420929,-0.7387277483940125,0.7124318480491638,0.7526478171348572,-0.32588961720466614,0.2723756730556488,0.795078694820404,-0.27250924706459045,0.8822864294052124,1.0237079858779907,-0.32386845350265503,0.25437670946121216,1.2268086671829224,-0.289443701505661,0.9473005533218384,1.4446969032287598,-0.6178911924362183,0.24702587723731995,1.5328031778335571,-0.8524782061576843,0.9905623197555542,1.5570300817489624,-0.738097071647644,0.2206665724515915,1.6480200290679932,-0.98063725233078,0.9330118894577026,1.5717209577560425,-0.8116334676742554,0.2603111267089844,1.6413893699645996,-1.0945277214050293,0.9043251872062683,1.534243106842041,-0.6642290353775024,0.28279590606689453,1.5963996648788452,-0.9211465716362,0.6747184991836548,1.545544147491455,-0.09560291469097137,0.3953467011451721,1.5454291105270386,0.10075245797634125,0.6765187978744507,2.1725995540618896,-0.03301898390054703,0.3929324746131897,2.1870696544647217,0.27465203404426575,0.6778191924095154,2.742980718612671,0.5724874138832092,0.4036613404750824,2.749695062637329,0.8289920091629028,0.6900718808174133,2.830998420715332,0.6023969054222107,0.40291357040405273,2.84023118019104,0.8633429408073425,0.6257439255714417,2.929199457168579,0.046792857348918915,0.44556117057800293,2.932086706161499,0.1921718418598175,bad
0.5067659616470337,0.5301458835601807,-1.1952967643737793,0.5252841711044312,0.4644586741924286,-1.1194477081298828,0.5401963591575623,0.4651690721511841,-1.1200904846191406,0.5539410710334778,0.46654608845710754,-1.1203641891479492,0.4788241982460022,0.4551956355571747,-1.1609160900115967,0.46016746759414673,0.4506741762161255,-1.1612175703048706,0.4390174448490143,0.4477106034755707,-1.1620351076126099,0.5538919568061829,0.4765523076057434,-0.6372379660606384,0.38634398579597473,0.46239086985588074,-0.7726606726646423,0.5181607007980347,0.5934543013572693,-0.994207501411438,0.46809840202331543,0.5886188745498657,-1.0433218479156494,0.6570110321044922,0.78804612159729,-0.3040350079536438,0.22669391334056854,0.7792043089866638,-0.5406149625778198,0.7187725305557251,1.1980234384536743,-0.1999819129705429,0.14665186405181885,1.2516344785690308,-0.49260634183883667,0.7023571729660034,1.4890990257263184,-0.6669722199440002,0.18877406418323517,1.5511733293533325,-0.9054131507873535,0.7185252904891968,1.5914779901504517,-0.7936127781867981,0.18107415735721588,1.6578333377838135,-1.0317531824111938,0.6895238161087036,1.5757122039794922,-0.9088268280029297,0.21678093075752258,1.6483832597732544,-1.111818552017212,0.6716477870941162,1.5348217487335205,-0.7375381588935852,0.23050376772880554,1.6019060611724854,-0.9516457319259644,0.5953351855278015,1.5568697452545166,-0.02081095613539219,0.31210070848464966,1.5706688165664673,0.025460708886384964,0.5849121809005737,2.184986114501953,-0.07545451819896698,0.3259543776512146,2.2041585445404053,-0.0073280432261526585,0.5897928476333618,2.7667884826660156,0.5228627324104309,0.3470774292945862,2.776357889175415,0.3855382204055786,0.5921377539634705,2.8564374446868896,0.5509055852890015,0.3434434235095978,2.8692595958709717,0.4054364562034607,0.561241090297699,2.954249858856201,-0.022779442369937897,0.3898382782936096,2.9478862285614014,-0.2498462200164795,bad
0.5272447466850281,0.5738019943237305,-1.0217342376708984,0.550810694694519,0.49851757287979126,-0.9780856370925903,0.5659026503562927,0.49835115671157837,-0.9779748916625977,0.5797189474105835,0.4985165297985077,-0.978161633014679,0.5008834600448608,0.490032821893692,-0.9844752550125122,0.4792279601097107,0.48563727736473083,-0.9836901426315308,0.45898041129112244,0.4835435450077057,-0.9837700724601746,0.5916569232940674,0.5035326480865479,-0.5619997382164001,0.41021767258644104,0.4897257089614868,-0.5787821412086487,0.5426953434944153,0.6308311223983765,-0.8565511703491211,0.4882949888706207,0.6302404999732971,-0.8610180616378784,0.7115738987922668,0.8106683492660522,-0.30585119128227234,0.2619718313217163,0.7807718515396118,-0.3677958846092224,0.779020369052887,1.228220820426941,-0.2943221926689148,0.1369640976190567,1.2048710584640503,-0.8150593638420105,0.7576013803482056,1.5468146800994873,-0.6424612402915955,0.24700215458869934,0.9460844397544861,-1.7402915954589844,0.7743364572525024,1.6597256660461426,-0.7570515275001526,0.2526875436306,0.8625316619873047,-1.919118881225586,0.7340884804725647,1.640845775604248,-0.8161683082580566,0.29039815068244934,0.8213439583778381,-1.8871179819107056,0.7163059711456299,1.6008009910583496,-0.676464319229126,0.2955065965652466,0.861494779586792,-1.7528884410858154,0.61284339427948,1.565651297569275,-0.05342179536819458,0.3240712285041809,1.5592190027236938,0.05808638781309128,0.5859572291374207,2.200411558151245,-0.08871779590845108,0.3171714246273041,2.201655864715576,0.10121656954288483,0.563120424747467,2.783087968826294,0.47190481424331665,0.3201722800731659,2.772155523300171,0.5400888919830322,0.5669034719467163,2.868913173675537,0.4911562502384186,0.31551218032836914,2.8553507328033447,0.5677338242530823,0.512794017791748,2.9703707695007324,-0.12979288399219513,0.3427373468875885,2.9583771228790283,-0.10099165141582489,bad
0.7000471353530884,0.6105650663375854,-0.5351920127868652,0.7058578729629517,0.546373188495636,-0.48105859756469727,0.7047721743583679,0.5447967648506165,-0.4807536005973816,0.702673614025116,0.5432217121124268,-0.4807404577732086,0.6917604207992554,0.5416412353515625,-0.5999392867088318,0.6799923181533813,0.5368526577949524,-0.5997950434684753,0.6656360030174255,0.5311792492866516,-0.60062575340271,0.6412807703018188,0.532706081867218,-0.1526831090450287,0.5904673337936401,0.5181187391281128,-0.6993240118026733,0.6697677969932556,0.6587626934051514,-0.4022796154022217,0.6506263017654419,0.6574835181236267,-0.5591010451316833,0.6284332275390625,0.7359631061553955,0.11606774479150772,0.3574177920818329,0.6832857728004456,-0.6671452522277832,0.842074990272522,0.9814432263374329,0.21720735728740692,0.1637347787618637,1.0706630945205688,-0.7276010513305664,0.6461626887321472,0.7560638785362244,0.1969679445028305,0.17253950238227844,1.5105855464935303,-0.764617383480072,0.6216315031051636,0.6792115569114685,0.1884111762046814,0.16087928414344788,1.626430630683899,-0.7977865934371948,0.6215083003044128,0.6731548309326172,0.2951134741306305,0.20046138763427734,1.6268514394760132,-0.8570745587348938,0.6119549870491028,0.6857704520225525,0.22717228531837463,0.2069522887468338,1.5909647941589355,-0.7854607105255127,0.5750173330307007,1.5283169746398926,0.16892659664154053,0.33134281635284424,1.5382436513900757,-0.1660849153995514,0.579850435256958,2.170240640640259,0.2536149024963379,0.3569610118865967,2.179060459136963,-0.11489439010620117,0.5662493705749512,2.7560038566589355,0.8008314967155457,0.3386382758617401,2.7772088050842285,0.2877795100212097,0.5446946620941162,2.842334032058716,0.8309949040412903,0.29847240447998047,2.8716986179351807,0.3103993833065033,0.6260181069374084,2.935490846633911,0.41523757576942444,0.46482008695602417,2.933645725250244,-0.2569855749607086,bad
0.5025182962417603,0.23751823604106903,-1.1421922445297241,0.5324214696884155,0.1574442982673645,-1.0919139385223389,0.5530278086662292,0.15595324337482452,-1.0920509099960327,0.5716279745101929,0.15523655712604523,-1.0925484895706177,0.46781983971595764,0.15679118037223816,-1.0930570363998413,0.44426602125167847,0.15571711957454681,-1.092572569847107,0.42181938886642456,0.15541164577007294,-1.0928657054901123,0.5996373891830444,0.166954904794693,-0.626966118812561,0.37953251600265503,0.17371870577335358,-0.6256804466247559,0.5340954661369324,0.3102158010005951,-0.9595115780830383,0.4617651402950287,0.31180423498153687,-0.9578288197517395,0.7351173162460327,0.5379067659378052,-0.390638530254364,0.2594737112522125,0.530940592288971,-0.3388618528842926,0.7006348967552185,0.9713972210884094,-0.40616926550865173,0.13394780457019806,0.968891978263855,-0.5965992212295532,0.7111283540725708,1.3821243047714233,-0.8586171269416809,0.20234039425849915,0.9949564337730408,-1.5063912868499756,0.720450222492218,1.51209557056427,-1.0080549716949463,0.16891178488731384,1.0558515787124634,-1.6926418542861938,0.6862016320228577,1.4960218667984009,-1.0862692594528198,0.19787636399269104,1.0298031568527222,-1.7738773822784424,0.6665840744972229,1.4411518573760986,-0.9113602638244629,0.21777579188346863,1.0081182718276978,-1.5672497749328613,0.6643046140670776,1.415326476097107,-0.08804573118686676,0.3579424023628235,1.4107800722122192,0.09254642575979233,0.6438085436820984,2.1545910835266113,-0.07598725706338882,0.3502540588378906,2.165435552597046,0.10023057460784912,0.6287828683853149,2.838498115539551,0.5869268178939819,0.34622663259506226,2.859837770462036,0.5050928592681885,0.6361861228942871,2.9389231204986572,0.6178503632545471,0.34179145097732544,2.9587318897247314,0.5224310159683228,0.5738316178321838,3.0441627502441406,-0.0328349843621254,0.3672929108142853,3.06520676612854,-0.22208699584007263,bad
0.44996777176856995,0.35729846358299255,-1.3789541721343994,0.47719401121139526,0.2629057765007019,-1.4262009859085083,0.5025323629379272,0.2556263208389282,-1.4259642362594604,0.5320805311203003,0.2474338710308075,-1.4263120889663696,0.4253227710723877,0.2709648013114929,-1.3635461330413818,0.4099608361721039,0.2711319029331207,-1.3637182712554932,0.39537596702575684,0.2706785500049591,-1.36444890499115,0.5954263806343079,0.2419983595609665,-1.3029708862304688,0.4126332402229309,0.26090753078460693,-0.9769337773323059,0.5004154443740845,0.418826699256897,-1.2951750755310059,0.4454267919063568,0.4240983724594116,-1.2097445726394653,0.7998060584068298,0.5969581604003906,-0.9700478315353394,0.338886022567749,0.510779857635498,-0.6770339608192444,0.8477813005447388,1.0932611227035522,-0.8564379811286926,0.15870054066181183,0.8937053680419922,-0.49706506729125977,0.7025086283683777,1.239511489868164,-0.8275723457336426,0.02843758463859558,1.2432740926742554,-0.7266703844070435,0.6775018572807312,1.299522876739502,-0.8446477055549622,-0.0266033373773098,1.3468246459960938,-0.7525464296340942,0.6585491895675659,1.2606981992721558,-0.8372566103935242,-0.0009433004888705909,1.343807339668274,-0.8285554647445679,0.6560772061347961,1.2337688207626343,-0.8206140398979187,0.03476867824792862,1.3139756917953491,-0.7673505544662476,0.718304455280304,1.3076003789901733,-0.08465731889009476,0.4487818777561188,1.2745884656906128,0.08695665746927261,0.6733682751655579,1.9331917762756348,-0.042656999081373215,0.4058409333229065,1.896046757698059,0.16332000494003296,0.6525753736495972,2.5073394775390625,0.5840869545936584,0.4004286229610443,2.5012283325195312,0.5544863939285278,0.668068528175354,2.592102289199829,0.615749716758728,0.40855854749679565,2.59165358543396,0.5823848247528076,0.5732721090316772,2.7237443923950195,0.09239580482244492,0.38475221395492554,2.7226014137268066,0.09418629109859467,bad
0.4455275535583496,0.31748029589653015,-1.2229464054107666,0.48059654235839844,0.22441528737545013,-1.232832670211792,0.5085246562957764,0.2180071622133255,-1.2327979803085327,0.532598078250885,0.21291016042232513,-1.2328813076019287,0.4143161177635193,0.23484526574611664,-1.1943893432617188,0.39758679270744324,0.2354763150215149,-1.1944458484649658,0.3807133734226227,0.23587392270565033,-1.1951225996017456,0.5734273195266724,0.22213533520698547,-1.0108015537261963,0.3813914656639099,0.23852568864822388,-0.823725700378418,0.4954715371131897,0.3789304196834564,-1.121256709098816,0.4271892011165619,0.3873958885669708,-1.0661863088607788,0.7673459053039551,0.5770368576049805,-0.7245681285858154,0.29599371552467346,0.5253745317459106,-0.5552336573600769,0.7464889287948608,0.9702358841896057,-0.6896345615386963,0.15339331328868866,0.9203662276268005,-0.416534423828125,0.7244168519973755,1.310308575630188,-0.831297755241394,0.03351713344454765,1.3354737758636475,-0.6742960214614868,0.7270687818527222,1.405148983001709,-0.8893803358078003,-0.022446604445576668,1.445521593093872,-0.7406576871871948,0.6935007572174072,1.3829799890518188,-0.9329169392585754,0.011557238176465034,1.4561735391616821,-0.8203185796737671,0.681414783000946,1.3419517278671265,-0.8558546304702759,0.04662778973579407,1.4209758043289185,-0.721134603023529,0.6770182251930237,1.3244844675064087,-0.05989872291684151,0.3851691484451294,1.3181899785995483,0.06371770799160004,0.6554259061813354,1.9882336854934692,-0.08201339095830917,0.3791094720363617,1.9686716794967651,0.04546688124537468,0.6413838863372803,2.555297613143921,0.4557536244392395,0.366032212972641,2.549706220626831,0.3434455990791321,0.6527290940284729,2.636528253555298,0.48269301652908325,0.3661135733127594,2.636944055557251,0.35590624809265137,0.5720189809799194,2.756258964538574,-0.03807036951184273,0.3831503987312317,2.7558648586273193,-0.22411099076271057,bad
0.5198811292648315,0.2895655930042267,-1.4392520189285278,0.5439033508300781,0.20186924934387207,-1.3840432167053223,0.5634725689888,0.1993553638458252,-1.3841291666030884,0.5821805000305176,0.1965581625699997,-1.3843624591827393,0.487097829580307,0.19755759835243225,-1.407556414604187,0.4633208215236664,0.19377020001411438,-1.4075267314910889,0.4381508231163025,0.19166596233844757,-1.4080307483673096,0.5961606502532959,0.19888001680374146,-0.8895746469497681,0.3770408034324646,0.19982950389385223,-0.990113377571106,0.5382064580917358,0.35728415846824646,-1.238734483718872,0.4812394082546234,0.35760393738746643,-1.2677319049835205,0.7116420269012451,0.5657216906547546,-0.5072313547134399,0.23285213112831116,0.5184540152549744,-0.6900466680526733,0.6811355352401733,1.0080243349075317,-0.31807464361190796,0.13499775528907776,0.946327805519104,-0.5461164116859436,0.6497925519943237,1.4416954517364502,-0.6703866720199585,0.11521825939416885,1.315097689628601,-0.9789921641349792,0.6532920598983765,1.5757418870925903,-0.7695739269256592,0.07497094571590424,1.422514796257019,-1.1126735210418701,0.6191114187240601,1.5640655755996704,-0.8786038160324097,0.1017494648694992,1.4189860820770264,-1.2273091077804565,0.6052637100219727,1.5033222436904907,-0.7304688096046448,0.12885136902332306,1.3738759756088257,-1.041624903678894,0.6291521787643433,1.3857367038726807,-0.012088743969798088,0.3284233510494232,1.3795045614242554,0.015994947403669357,0.5969873666763306,2.100010871887207,0.0028834138065576553,0.3210400938987732,2.1077637672424316,-0.03513902798295021,0.5754998922348022,2.7443578243255615,0.6412562131881714,0.31575435400009155,2.769559621810913,0.32829800248146057,0.5758037567138672,2.839379072189331,0.6721036434173584,0.31135231256484985,2.8700621128082275,0.33774954080581665,0.5327950119972229,2.9641623497009277,0.07417196035385132,0.3499598503112793,2.977107048034668,-0.37553295493125916,bad
0.5100639462471008,0.2853643298149109,-1.2867292165756226,0.5437090992927551,0.19969125092029572,-1.2523382902145386,0.5637553334236145,0.19799785315990448,-1.2521344423294067,0.5823847651481628,0.19622750580310822,-1.2522950172424316,0.4765090048313141,0.19336624443531036,-1.2585073709487915,0.45209747552871704,0.18916793167591095,-1.2581573724746704,0.428703635931015,0.18650510907173157,-1.2585299015045166,0.6062796711921692,0.19962766766548157,-0.8512923121452332,0.3848164677619934,0.1921280175447464,-0.8637247085571289,0.5376051664352417,0.3530504107475281,-1.1200169324874878,0.4675289988517761,0.35318127274513245,-1.1234896183013916,0.7263556122779846,0.5670615434646606,-0.49589037895202637,0.24408629536628723,0.5141744613647461,-0.6015363335609436,0.6931389570236206,0.9896805286407471,-0.2965824007987976,0.13634738326072693,0.9474222660064697,-0.4795176088809967,0.6763810515403748,1.4187921285629272,-0.5462909936904907,0.12344048917293549,1.3109734058380127,-0.8584334254264832,0.6851116418838501,1.5456231832504272,-0.6246867179870605,0.08341334760189056,1.421257495880127,-0.9772248268127441,0.6510753035545349,1.5387461185455322,-0.716265082359314,0.1123754009604454,1.416426181793213,-1.0832008123397827,0.6350845098495483,1.4829151630401611,-0.5992123484611511,0.14078226685523987,1.3729475736618042,-0.9174982905387878,0.6309179067611694,1.3881291151046753,-0.026446189731359482,0.3299764096736908,1.3715436458587646,0.030741918832063675,0.5950829982757568,2.073003053665161,0.021056633442640305,0.313531756401062,2.059286594390869,0.02177724614739418,0.5643636584281921,2.726330518722534,0.6612398624420166,0.29532793164253235,2.731804370880127,0.3919343054294586,0.5681438446044922,2.819016933441162,0.6925738453865051,0.28921419382095337,2.830294132232666,0.4063374996185303,0.5028125047683716,2.9409000873565674,0.09430050104856491,0.31030547618865967,2.93730092048645,-0.3217932879924774,bad
0.4144919514656067,0.31107527017593384,-0.9454215168952942,0.4383833408355713,0.22860203683376312,-0.9816905856132507,0.458839476108551,0.21768255531787872,-0.981620192527771,0.4799500107765198,0.20639902353286743,-0.9825723767280579,0.39015471935272217,0.24609321355819702,-0.8942228555679321,0.3772026598453522,0.24838824570178986,-0.8937177658081055,0.364371657371521,0.2500822842121124,-0.8937450647354126,0.5446953177452087,0.19756875932216644,-0.9104445576667786,0.3962147831916809,0.24658440053462982,-0.49128037691116333,0.4653049409389496,0.35640519857406616,-0.9033439755439758,0.42057234048843384,0.37693172693252563,-0.783574104309082,0.7759885787963867,0.5064752697944641,-0.8891944885253906,0.4333917200565338,0.4807666540145874,-0.09193243831396103,0.9747660756111145,0.9103986620903015,-0.8253695368766785,0.4738481640815735,0.8216415643692017,0.6640645265579224,1.121062159538269,1.2607080936431885,-0.7310358881950378,0.4123678207397461,1.0371345281600952,0.814568817615509,1.1815752983093262,1.34339439868927,-0.7960737943649292,0.3861791491508484,1.105457067489624,0.8740873336791992,1.1423633098602295,1.367504596710205,-0.8386635780334473,0.38981446623802185,1.1057994365692139,0.7475730180740356,1.1068990230560303,1.3377127647399902,-0.7490118145942688,0.4118107855319977,1.0829002857208252,0.760101318359375,0.7897648811340332,1.2328393459320068,-0.27683109045028687,0.5494852066040039,1.2205816507339478,0.2798030972480774,0.8038212060928345,1.8693221807479858,-0.13459065556526184,0.5783867239952087,1.848254919052124,0.5077421069145203,0.8334107398986816,2.4348514080047607,0.5728347897529602,0.6027674078941345,2.407911539077759,1.08333420753479,0.8663636445999146,2.5144431591033936,0.6134971976280212,0.6137192249298096,2.48305606842041,1.1248799562454224,0.7497618198394775,2.586059808731079,0.08894961327314377,0.5783213376998901,2.5935816764831543,0.5830767750740051,bad
0.510206937789917,0.22354787588119507,-0.9532178640365601,0.5379525423049927,0.145599365234375,-0.896203339099884,0.5576948523521423,0.14448852837085724,-0.8962844610214233,0.5759564638137817,0.14414919912815094,-0.8964239358901978,0.4718998968601227,0.14553791284561157,-0.9075069427490234,0.4468356966972351,0.14508076012134552,-0.9069940447807312,0.42229896783828735,0.14577780663967133,-0.907110869884491,0.6011124849319458,0.16236254572868347,-0.47350892424583435,0.38569438457489014,0.1744629442691803,-0.49990716576576233,0.5415366291999817,0.29345083236694336,-0.7846037745475769,0.46289753913879395,0.2950996458530426,-0.7954355478286743,0.740108072757721,0.5078850984573364,-0.16390842199325562,0.25410622358322144,0.5382761359214783,-0.3357768654823303,0.9175788760185242,0.9468249082565308,-0.12043146044015884,0.15242256224155426,1.0092157125473022,-0.5851808190345764,1.0862812995910645,1.2243047952651978,-0.6248810887336731,0.37106913328170776,0.9672319293022156,-1.360052227973938,1.1530110836029053,1.3046348094940186,-0.7410553097724915,0.4630887508392334,0.9453191161155701,-1.525922417640686,1.1189186573028564,1.2812703847885132,-0.8365582227706909,0.47327548265457153,0.8810825943946838,-1.506326675415039,1.0772063732147217,1.2636719942092896,-0.6874734163284302,0.45867395401000977,0.8801513910293579,-1.3680044412612915,0.6996134519577026,1.4200741052627563,-0.01610931195318699,0.3657457232475281,1.4433952569961548,0.021615246310830116,0.6868141889572144,2.1687703132629395,-0.15963265299797058,0.37964218854904175,2.20033860206604,-0.0793527141213417,0.6911227107048035,2.8651976585388184,0.391304075717926,0.3912029564380646,2.8725197315216064,0.17123250663280487,0.7009686231613159,2.9650838375091553,0.4065741002559662,0.38647958636283875,2.963752269744873,0.17359024286270142,0.6468071937561035,3.0755488872528076,-0.2551318407058716,0.4520987570285797,3.093184232711792,-0.5603519082069397,bad
0.5627380609512329,0.26626089215278625,-1.1594997644424438,0.5779547691345215,0.18901364505290985,-1.1149481534957886,0.5874631404876709,0.1888514906167984,-1.1147403717041016,0.596384584903717,0.18819433450698853,-1.114997148513794,0.5366827845573425,0.17783117294311523,-1.186155080795288,0.5163440704345703,0.17062494158744812,-1.1863481998443604,0.4946869909763336,0.1639607697725296,-1.186706781387329,0.5614935159683228,0.1851750761270523,-0.7335694432258606,0.4269517958164215,0.16143575310707092,-1.0520617961883545,0.5544956922531128,0.3318088948726654,-1.003692388534546,0.5119391679763794,0.31796255707740784,-1.0955044031143188,0.5969347357749939,0.4950594902038574,-0.3316284418106079,0.19563093781471252,0.47369226813316345,-0.9314428567886353,0.589889645576477,0.9068804979324341,0.05875837057828903,-0.005263851024210453,0.8961215615272522,-0.8746398091316223,0.6173180341720581,1.2265918254852295,0.02796422317624092,-0.07569257915019989,1.340346097946167,-1.0181597471237183,0.6429349184036255,1.3209025859832764,0.01127040758728981,-0.11223770678043365,1.4445801973342896,-1.0905042886734009,0.6267582178115845,1.315926432609558,-0.07338021695613861,-0.06727178394794464,1.439719796180725,-1.1594070196151733,0.6038147211074829,1.287761926651001,-0.01582660898566246,-0.04728283733129501,1.403093695640564,-1.0526283979415894,0.5098263621330261,1.3274742364883423,0.16607871651649475,0.23912017047405243,1.3335927724838257,-0.1633152812719345,0.5040313005447388,2.0270771980285645,0.29391348361968994,0.2547662556171417,2.059535026550293,-0.1204250305891037,0.48399609327316284,2.661576986312866,0.8655421137809753,0.22826328873634338,2.691242218017578,0.2480124682188034,0.4599628448486328,2.7618563175201416,0.8922901153564453,0.18636417388916016,2.789198398590088,0.26163002848625183,0.5481573939323425,2.85475492477417,0.4746152460575104,0.33389967679977417,2.8728482723236084,-0.3415650725364685,bad
0.5138828158378601,0.24053549766540527,-1.5538747310638428,0.543594479560852,0.15726500749588013,-1.486518144607544,0.5628072619438171,0.15867792069911957,-1.4873124361038208,0.5799660086631775,0.1597401350736618,-1.4874286651611328,0.4799005389213562,0.14411528408527374,-1.4594089984893799,0.4554752707481384,0.13826122879981995,-1.4592082500457764,0.4287455976009369,0.13347101211547852,-1.4597885608673096,0.5805431604385376,0.16837455332279205,-0.8765179514884949,0.36721715331077576,0.14302407205104828,-0.9399470090866089,0.527762770652771,0.31658390164375305,-1.3074817657470703,0.4645964205265045,0.3049688935279846,-1.301406979560852,0.6683274507522583,0.5296555757522583,-0.49898380041122437,0.18964803218841553,0.5013733506202698,-0.5783119797706604,0.6506366729736328,0.9863138198852539,-0.2680547833442688,0.01683846488595009,0.9246276617050171,-0.652782142162323,0.6349292993545532,1.4115841388702393,-0.6935629844665527,0.014268888160586357,1.1468833684921265,-1.3557252883911133,0.6342587471008301,1.5420438051223755,-0.8141589164733887,0.0048063029535114765,1.2137047052383423,-1.5304884910583496,0.6014946699142456,1.5144213438034058,-0.9211620092391968,0.03150825574994087,1.1643645763397217,-1.6106789112091064,0.5889425873756409,1.459960699081421,-0.7563377618789673,0.04430726543068886,1.1421282291412354,-1.410620927810669,0.5749794244766235,1.3987747430801392,0.018388208001852036,0.2642364501953125,1.3946013450622559,-0.014219164848327637,0.5468440055847168,2.1465044021606445,-0.042748454958200455,0.25510525703430176,2.163167715072632,-0.057577066123485565,0.5184251070022583,2.832097291946411,0.5863104462623596,0.2390153855085373,2.8585617542266846,0.28015652298927307,0.5154203176498413,2.9340286254882812,0.6125431656837463,0.21898464858531952,2.9676482677459717,0.28456243872642517,0.48265233635902405,3.04762601852417,-0.0471222959458828,0.29371029138565063,3.0640039443969727,-0.48918038606643677,bad
0.4965525269508362,0.3147309422492981,-1.139981985092163,0.5268350839614868,0.22661519050598145,-1.0961345434188843,0.5460426807403564,0.22577331960201263,-1.0961332321166992,0.5644635558128357,0.22443683445453644,-1.0970317125320435,0.4669054448604584,0.2180769294500351,-1.1333938837051392,0.4417323172092438,0.21314501762390137,-1.1330831050872803,0.4167298376560211,0.20954912900924683,-1.1331595182418823,0.5866138339042664,0.2196429818868637,-0.6348863840103149,0.36330217123031616,0.20641258358955383,-0.7167944312095642,0.520182728767395,0.37857142090797424,-0.9440100789070129,0.44925656914711,0.3814430832862854,-0.9809049367904663,0.7101585268974304,0.5535018444061279,-0.3245786130428314,0.21711945533752441,0.5222370624542236,-0.4719754159450531,0.6813670992851257,0.9569289684295654,-0.17131128907203674,0.02847321890294552,0.8699389696121216,-0.4818354547023773,0.6475892663002014,1.3590922355651855,-0.4719298481941223,-0.08090793341398239,1.1475847959518433,-0.9989678263664246,0.6471115946769714,1.4847012758255005,-0.5683777928352356,-0.1445862352848053,1.2274287939071655,-1.1282949447631836,0.6120449900627136,1.4611339569091797,-0.6627353429794312,-0.11124193668365479,1.2194294929504395,-1.21882164478302,0.6007639169692993,1.4113166332244873,-0.5284349322319031,-0.07293757796287537,1.1956043243408203,-1.0555294752120972,0.6227195858955383,1.351711630821228,0.00939034391194582,0.32097750902175903,1.3399981260299683,-0.0054574282839894295,0.6059709191322327,2.0611703395843506,0.015119010582566261,0.3226585388183594,2.059617757797241,-0.021583406254649162,0.5907589197158813,2.7093870639801025,0.6168311834335327,0.31432434916496277,2.730905771255493,0.29959332942962646,0.5936053991317749,2.800917148590088,0.6488069295883179,0.30026090145111084,2.8314640522003174,0.3088037371635437,0.5533827543258667,2.9265432357788086,0.10050632059574127,0.35982465744018555,2.93776798248291,-0.3876902163028717,bad
0.48955854773521423,0.31622353196144104,-1.1363856792449951,0.5190688371658325,0.2306988388299942,-1.0954934358596802,0.5377393364906311,0.22968073189258575,-1.0953290462493896,0.5564708113670349,0.22756366431713104,-1.095949649810791,0.4591473639011383,0.22439490258693695,-1.1111335754394531,0.4334948658943176,0.21981149911880493,-1.1107467412948608,0.4080565571784973,0.21621158719062805,-1.1111022233963013,0.5774658918380737,0.2233663648366928,-0.6621351838111877,0.3549061417579651,0.21297749876976013,-0.7255708575248718,0.5123245120048523,0.3765229284763336,-0.9584973454475403,0.44401198625564575,0.3816363513469696,-0.9754287600517273,0.6970623731613159,0.5432912707328796,-0.319083034992218,0.2124817818403244,0.5212395787239075,-0.43549904227256775,0.6876496076583862,0.9252920150756836,-0.07987257093191147,0.01948738284409046,0.8790245652198792,-0.33761903643608093,0.6589532494544983,1.2783820629119873,-0.34909316897392273,-0.0350411981344223,1.1735461950302124,-0.7860309481620789,0.6615274548530579,1.3987258672714233,-0.43155437707901,-0.06487124413251877,1.2581707239151,-0.8950507044792175,0.6245471239089966,1.3740805387496948,-0.4894796907901764,-0.03264055401086807,1.2432758808135986,-0.9807968139648438,0.6137973666191101,1.3250442743301392,-0.38867491483688354,-0.011128367856144905,1.2167915105819702,-0.8384737968444824,0.618999719619751,1.334667682647705,0.0030597266741096973,0.3168659806251526,1.3265674114227295,0.0013203371781855822,0.612764835357666,2.0205318927764893,0.0345289371907711,0.33126139640808105,2.0215189456939697,0.012133615091443062,0.6060890555381775,2.6360621452331543,0.7078151702880859,0.3279165029525757,2.660742998123169,0.423790842294693,0.6108210682868958,2.725224018096924,0.745650589466095,0.3175645172595978,2.7568156719207764,0.44413676857948303,0.5617393255233765,2.845984697341919,0.17411592602729797,0.36370593309402466,2.8641200065612793,-0.25468185544013977,bad
0.5036745071411133,0.3202853798866272,-1.348512887954712,0.5338971614837646,0.23332543671131134,-1.3142986297607422,0.552513062953949,0.2330821007490158,-1.314321756362915,0.5715494751930237,0.23222000896930695,-1.3147661685943604,0.47757378220558167,0.22332653403282166,-1.3298707008361816,0.4533761441707611,0.21753665804862976,-1.3298020362854004,0.42876940965652466,0.21279597282409668,-1.3302152156829834,0.5902243852615356,0.23053935170173645,-0.8609736561775208,0.37076830863952637,0.20948189496994019,-0.9284799695014954,0.5217432975769043,0.38495004177093506,-1.1563400030136108,0.4581441283226013,0.38429781794548035,-1.1754999160766602,0.7035079598426819,0.5573516488075256,-0.48250770568847656,0.2166212797164917,0.5195888876914978,-0.5753365755081177,0.686457633972168,0.9546313881874084,-0.24694713950157166,0.029155392199754715,0.8648566603660583,-0.4372243285179138,0.6681380867958069,1.3407875299453735,-0.5323612093925476,-0.08167115598917007,1.1550487279891968,-0.8569732904434204,0.667657732963562,1.4615691900253296,-0.6137266755104065,-0.12179459631443024,1.238895058631897,-0.9584331512451172,0.6359815001487732,1.4320528507232666,-0.706619381904602,-0.09586870670318604,1.2274154424667358,-1.0568031072616577,0.6245832443237305,1.38232421875,-0.5841951370239258,-0.06774803251028061,1.2021833658218384,-0.9110223054885864,0.6188435554504395,1.3554503917694092,0.004692175425589085,0.31748610734939575,1.3467909097671509,-0.0009159643086604774,0.6085399985313416,2.0541393756866455,0.04376305267214775,0.329428493976593,2.057619094848633,0.023596754297614098,0.6000508069992065,2.6891183853149414,0.7059904932975769,0.33065447211265564,2.7146337032318115,0.4202246069908142,0.6032463908195496,2.781920909881592,0.7442311644554138,0.32061582803726196,2.8134055137634277,0.43823695182800293,0.5597642064094543,2.900646209716797,0.17599321901798248,0.37243229150772095,2.919804334640503,-0.2509237229824066,bad
0.49508658051490784,0.3034208416938782,-0.8919144868850708,0.5238947868347168,0.2174953818321228,-0.8517058491706848,0.5426708459854126,0.21684381365776062,-0.8514814376831055,0.5617095232009888,0.21569833159446716,-0.8520190119743347,0.4669021964073181,0.2089378833770752,-0.8671830296516418,0.44279393553733826,0.20356787741184235,-0.8666351437568665,0.41805997490882874,0.1990009844303131,-0.8668274879455566,0.578772246837616,0.22121015191078186,-0.462868869304657,0.3597032427787781,0.19993095099925995,-0.5307959318161011,0.5147813558578491,0.3671751320362091,-0.7338579893112183,0.4520801603794098,0.36838215589523315,-0.7518218755722046,0.6913739442825317,0.5438687801361084,-0.20040330290794373,0.20935368537902832,0.5166231393814087,-0.37034228444099426,0.68013995885849,0.9223253130912781,-0.020360227674245834,0.023844463750720024,0.856947660446167,-0.33306562900543213,0.651244044303894,1.3157330751419067,-0.2374846488237381,-0.11595173925161362,1.192844271659851,-0.7131186127662659,0.6530372500419617,1.4370476007461548,-0.31367385387420654,-0.17469772696495056,1.279488444328308,-0.8270140886306763,0.6134608387947083,1.414749264717102,-0.3974300026893616,-0.13971948623657227,1.280127763748169,-0.913886547088623,0.6017276048660278,1.366493582725525,-0.2875007390975952,-0.10491621494293213,1.2542335987091064,-0.766051173210144,0.6147318482398987,1.348983645439148,0.017823494970798492,0.3148348927497864,1.3399640321731567,-0.01365961879491806,0.6020475625991821,2.0548367500305176,-0.027541037648916245,0.32708966732025146,2.051527738571167,-0.06367234140634537,0.5913714170455933,2.6887319087982178,0.4928627610206604,0.32597655057907104,2.709481954574585,0.16934451460838318,0.5939021110534668,2.7798922061920166,0.5175462961196899,0.3118182420730591,2.8097023963928223,0.17081664502620697,0.5587223768234253,2.8962106704711914,-0.003978223539888859,0.3692474961280823,2.9086248874664307,-0.47883182764053345,bad
0.5082547068595886,0.2869008481502533,-1.0527844429016113,0.5503315329551697,0.19549377262592316,-1.0342686176300049,0.5764727592468262,0.19145944714546204,-1.0341956615447998,0.5963149666786194,0.18856222927570343,-1.0344852209091187,0.4776533544063568,0.1995917409658432,-1.0134477615356445,0.45790234208106995,0.19897107779979706,-1.0132360458374023,0.4402850568294525,0.19914670288562775,-1.013706088066101,0.6292881965637207,0.19381967186927795,-0.7091057300567627,0.42550355195999146,0.2059960961341858,-0.6013475060462952,0.5540413856506348,0.3554805517196655,-0.9174470901489258,0.47652196884155273,0.3577416241168976,-0.8857814073562622,0.7932463884353638,0.5734554529190063,-0.4785016179084778,0.3202534317970276,0.5120839476585388,-0.34143319725990295,0.7378355860710144,0.9826018214225769,-0.41235941648483276,0.15349695086479187,0.9145112633705139,-0.28275859355926514,0.7019704580307007,1.3324276208877563,-0.5904378890991211,0.06480297446250916,1.2362408638000488,-0.7398371696472168,0.6959895491600037,1.4354579448699951,-0.6763293743133545,0.02052645944058895,1.3216596841812134,-0.8378364443778992,0.6589853167533875,1.4113186597824097,-0.7135825753211975,0.05085327476263046,1.3201210498809814,-0.9124458432197571,0.650131106376648,1.3668532371520996,-0.6163028478622437,0.07827116549015045,1.2938296794891357,-0.7859032154083252,0.6842602491378784,1.3745354413986206,-0.07614855468273163,0.3802952170372009,1.345696210861206,0.079739511013031,0.6392320394515991,2.0734541416168213,0.01833464950323105,0.34915730357170105,2.048461675643921,0.1595354974269867,0.6046296954154968,2.6880035400390625,0.7218377590179443,0.3203800618648529,2.6788697242736816,0.6054736375808716,0.6121017336845398,2.770707130432129,0.7672566175460815,0.31484559178352356,2.7678353786468506,0.6375380754470825,0.5332952737808228,2.9051573276519775,0.2304294854402542,0.3315613269805908,2.8963396549224854,-0.002363668056204915,bad
0.593159556388855,0.23178251087665558,-0.9981177449226379,0.6177247166633606,0.16063827276229858,-0.9236434102058411,0.6304911971092224,0.16263391077518463,-0.9235995411872864,0.6414639949798584,0.16445574164390564,-0.9240961074829102,0.5662900805473328,0.147378608584404,-0.9834513664245605,0.5442373752593994,0.1408308446407318,-0.9830608367919922,0.5202365517616272,0.1344558596611023,-0.9834755063056946,0.6234486103057861,0.17604559659957886,-0.4542330801486969,0.456942081451416,0.1465638279914856,-0.7189980745315552,0.5930756330490112,0.3015388250350952,-0.8157798051834106,0.5430057644844055,0.2905654013156891,-0.8909085988998413,0.6763075590133667,0.5294312238693237,-0.12911130487918854,0.2283174991607666,0.4768401086330414,-0.5797690153121948,0.6670006513595581,0.935352087020874,0.13665929436683655,0.09903363138437271,0.9518805742263794,-0.5588353872299194,0.6570722460746765,1.3454843759536743,-0.09101308882236481,0.09969693422317505,1.3924496173858643,-0.9233301281929016,0.6769445538520813,1.4676154851913452,-0.16561837494373322,0.061092860996723175,1.501955509185791,-1.0611002445220947,0.6480607986450195,1.470779538154602,-0.262376993894577,0.10883153975009918,1.5037951469421387,-1.151580810546875,0.629452109336853,1.4226365089416504,-0.15129658579826355,0.1300431340932846,1.4583297967910767,-0.9721747636795044,0.5651196837425232,1.430808424949646,0.053952716290950775,0.26647675037384033,1.4124795198440552,-0.04965526983141899,0.5311622023582458,2.185105085372925,0.0048377010971307755,0.26038211584091187,2.192427396774292,-0.10748865455389023,0.5031925439834595,2.879873514175415,0.6131793260574341,0.23121348023414612,2.8915438652038574,0.21879374980926514,0.4909808039665222,2.9881253242492676,0.638793408870697,0.2036633938550949,3.005337715148926,0.22489693760871887,0.5020543336868286,3.0883023738861084,0.06546775996685028,0.2994401752948761,3.0923969745635986,-0.48935142159461975,bad
0.5018841028213501,0.26636382937431335,-1.5487991571426392,0.5369869470596313,0.18335452675819397,-1.510707974433899,0.5577162504196167,0.18295134603977203,-1.5109531879425049,0.577201247215271,0.18246906995773315,-1.51134192943573,0.46980562806129456,0.17508715391159058,-1.4756094217300415,0.44652295112609863,0.17126573622226715,-1.4761030673980713,0.42407160997390747,0.16932116448879242,-1.476616621017456,0.608475387096405,0.18851685523986816,-0.958642840385437,0.3860129714012146,0.17995335161685944,-0.9141772985458374,0.5368683338165283,0.33860185742378235,-1.3392513990402222,0.46283096075057983,0.33761098980903625,-1.3115774393081665,0.7329482436180115,0.5525569915771484,-0.597644031047821,0.24879470467567444,0.5228706002235413,-0.450946182012558,0.6959272027015686,1.0101898908615112,-0.6624341607093811,0.10790646076202393,0.9740358591079712,-0.8196622729301453,0.6441180109977722,1.3416396379470825,-1.0757609605789185,0.1969468891620636,0.8360236883163452,-1.9668430089950562,0.6327899098396301,1.4631963968276978,-1.191474199295044,0.22021305561065674,0.8237690329551697,-2.1858577728271484,0.6084190607070923,1.4214370250701904,-1.2846205234527588,0.2252156287431717,0.6576269865036011,-2.1877894401550293,0.6003887057304382,1.3707088232040405,-1.121948003768921,0.25005507469177246,0.6749895811080933,-2.0000052452087402,0.640845775604248,1.4360415935516357,-0.06780611723661423,0.3386225402355194,1.4249553680419922,0.07126414030790329,0.6001511812210083,2.1239218711853027,-0.15170817077159882,0.3025865852832794,2.1015470027923584,0.023155922070145607,0.5990546345710754,2.799424648284912,0.48661428689956665,0.3069074749946594,2.7931060791015625,0.36282408237457275,0.6024402379989624,2.9007797241210938,0.5099764466285706,0.30689823627471924,2.8915867805480957,0.3725499212741852,0.5577093958854675,3.003596305847168,-0.18518009781837463,0.33618658781051636,3.0001847743988037,-0.388427197933197,bad
0.4274160861968994,0.3325329124927521,-0.9521611928939819,0.4620431363582611,0.23582714796066284,-0.9481928944587708,0.4886164665222168,0.2282543182373047,-0.9478333592414856,0.5131694674491882,0.22169631719589233,-0.9482769966125488,0.3966917097568512,0.24769362807273865,-0.9168676137924194,0.37957847118377686,0.2480476349592209,-0.9163969159126282,0.36306530237197876,0.24823454022407532,-0.9166864156723022,0.5531548261642456,0.22102808952331543,-0.6833559274673462,0.3630250096321106,0.24227294325828552,-0.5283904671669006,0.47939395904541016,0.38780584931373596,-0.8397203683853149,0.40977638959884644,0.39766252040863037,-0.7933160066604614,0.7434474229812622,0.5725545883178711,-0.4798397123813629,0.28898948431015015,0.5244933366775513,-0.32515421509742737,0.7262496948242188,1.0154814720153809,-0.40037497878074646,0.12666811048984528,0.9062806963920593,-0.2264409363269806,0.7270997762680054,1.4418137073516846,-0.4666065573692322,0.03218051418662071,1.2683565616607666,-0.48523449897766113,0.7418752908706665,1.5524919033050537,-0.530904233455658,-0.015524563379585743,1.3668259382247925,-0.5479754209518433,0.6996849179267883,1.5495562553405762,-0.5745419263839722,0.024513745680451393,1.3680704832077026,-0.6251174211502075,0.6827888488769531,1.5008912086486816,-0.4944058060646057,0.05429128557443619,1.338299036026001,-0.5299342274665833,0.6725848913192749,1.3308393955230713,-0.06290639936923981,0.3833909332752228,1.3187127113342285,0.06721070408821106,0.6480897665023804,2.0036368370056152,0.0028471993282437325,0.37233901023864746,1.9937106370925903,0.08150851726531982,0.6355265378952026,2.599979877471924,0.5376212000846863,0.3715832531452179,2.6122844219207764,0.38421422243118286,0.6485460996627808,2.683445692062378,0.5704999566078186,0.3641357421875,2.7027409076690674,0.4018245339393616,0.5653740763664246,2.8105318546295166,0.08571956306695938,0.39138197898864746,2.819951295852661,-0.19652190804481506,bad
0.46473079919815063,0.29400596022605896,-0.8030583262443542,0.49994397163391113,0.21003484725952148,-0.784142792224884,0.5219117403030396,0.20746923983097076,-0.7838437557220459,0.5402429103851318,0.20566163957118988,-0.784115195274353,0.42597275972366333,0.21159759163856506,-0.7664002776145935,0.4031735360622406,0.21089251339435577,-0.7658755779266357,0.3860093057155609,0.21122652292251587,-0.7661321759223938,0.5715980529785156,0.2104237824678421,-0.49575433135032654,0.3664436936378479,0.22071470320224762,-0.40777987241744995,0.5048324465751648,0.35764262080192566,-0.6859036684036255,0.42828041315078735,0.36670824885368347,-0.6584616899490356,0.7396899461746216,0.5656794309616089,-0.3414381146430969,0.26622873544692993,0.5211789608001709,-0.25837451219558716,0.689906120300293,0.9550783038139343,-0.3016532361507416,0.11868810653686523,0.8894466161727905,-0.18314236402511597,0.6377602815628052,1.351444125175476,-0.4579435884952545,0.02613985911011696,1.3147143125534058,-0.47478359937667847,0.6343730688095093,1.4727457761764526,-0.5525379776954651,-0.026519740000367165,1.4327220916748047,-0.5615705251693726,0.5862942337989807,1.4548429250717163,-0.5933482050895691,0.017513776198029518,1.4391330480575562,-0.653126060962677,0.5782864093780518,1.406355381011963,-0.4886275827884674,0.05088828131556511,1.3993175029754639,-0.5286477208137512,0.6536369323730469,1.3464769124984741,-0.034706711769104004,0.36525776982307434,1.3429172039031982,0.03938884660601616,0.640109121799469,2.0372533798217773,-0.0506175272166729,0.36952149868011475,2.0285844802856445,0.006029409356415272,0.6318795084953308,2.654425859451294,0.4358072876930237,0.3655517101287842,2.667524814605713,0.2182372510433197,0.642600417137146,2.737739086151123,0.45914945006370544,0.35956984758377075,2.764037847518921,0.22298391163349152,0.5691195726394653,2.8766160011291504,-0.0376451313495636,0.39015093445777893,2.8759565353393555,-0.36868828535079956,bad
0.503876805305481,0.377109169960022,-0.9022029042243958,0.5284504294395447,0.31046202778816223,-0.8298903703689575,0.5451191663742065,0.31384575366973877,-0.8299287557601929,0.5613561868667603,0.31705665588378906,-0.8301228284835815,0.477428138256073,0.2997078597545624,-0.8561308979988098,0.45717301964759827,0.2976517975330353,-0.8555335998535156,0.434840589761734,0.29734528064727783,-0.8558955192565918,0.5675348043441772,0.3464873433113098,-0.4148160517215729,0.38363713026046753,0.33018437027931213,-0.5179170370101929,0.5205463767051697,0.4497779905796051,-0.7486786842346191,0.4592025876045227,0.44424885511398315,-0.7784152626991272,0.6776827573776245,0.7161102294921875,-0.1706831008195877,0.22230593860149384,0.7122908234596252,-0.44962078332901,0.782890260219574,1.0804519653320312,-0.1009950190782547,0.18431507050991058,1.1414427757263184,-0.4755468964576721,0.8484535217285156,1.5247479677200317,-0.4070124626159668,0.18108023703098297,1.5811002254486084,-0.9536534547805786,0.8936110734939575,1.6514934301376343,-0.4958036541938782,0.15370021760463715,1.705779790878296,-1.0825185775756836,0.8479631543159485,1.662256121635437,-0.5720904469490051,0.20033518970012665,1.708982229232788,-1.1821811199188232,0.8212299346923828,1.6177154779434204,-0.45816144347190857,0.22125300765037537,1.6600745916366577,-1.010741949081421,0.6292294859886169,1.5673848390579224,-0.01758856698870659,0.33786913752555847,1.5941444635391235,0.02236201986670494,0.6279685497283936,2.257697820663452,-0.03969891741871834,0.34860143065452576,2.286391496658325,0.013650437816977501,0.6358219385147095,2.8892014026641846,0.5746740698814392,0.3701520562171936,2.9003918170928955,0.4015015661716461,0.6400288343429565,2.989032506942749,0.6034911870956421,0.36455827951431274,2.9998958110809326,0.4227423667907715,0.6108484864234924,3.0790085792541504,0.03465459123253822,0.41808682680130005,3.0765085220336914,-0.23185083270072937,good
0.5630450248718262,0.36471375823020935,-0.5384048223495483,0.5602170825004578,0.2993471920490265,-0.4758795201778412,0.5653195977210999,0.30206915736198425,-0.47569942474365234,0.5709608793258667,0.3044067621231079,-0.47602754831314087,0.5290982723236084,0.29305317997932434,-0.5520526766777039,0.5118440985679626,0.29211580753326416,-0.5517253279685974,0.490398645401001,0.2920314073562622,-0.5520860552787781,0.539747416973114,0.33154672384262085,-0.1492474377155304,0.40518656373023987,0.3214505612850189,-0.4874821603298187,0.5596726536750793,0.4333152174949646,-0.41748732328414917,0.5196242332458496,0.43421247601509094,-0.5124799013137817,0.6321645975112915,0.6944827437400818,0.038360435515642166,0.21543946862220764,0.712390124797821,-0.5493191480636597,0.728818416595459,1.062848448753357,0.1709945797920227,0.20120540261268616,1.182102084159851,-0.5829384922981262,0.8464716076850891,1.497348666191101,-0.02887657657265663,0.2442844808101654,1.6244349479675293,-0.7569560408592224,0.9047519564628601,1.6047844886779785,-0.09512783586978912,0.21808381378650665,1.7544230222702026,-0.845440685749054,0.8706769943237305,1.6284853219985962,-0.18580175936222076,0.26478904485702515,1.7594084739685059,-0.9534183740615845,0.833504319190979,1.599998116493225,-0.08550472557544708,0.28137481212615967,1.7093580961227417,-0.808759868144989,0.5861123204231262,1.568077564239502,0.09333527833223343,0.3141796588897705,1.6048392057418823,-0.0894351452589035,0.5939103364944458,2.267575263977051,0.08005280792713165,0.345544695854187,2.309718608856201,-0.13806244730949402,0.6039796471595764,2.922633647918701,0.5461715459823608,0.35470646619796753,2.950402021408081,0.1252831071615219,0.5904134511947632,3.0302109718322754,0.5563826560974121,0.3242238759994507,3.062431573867798,0.126678928732872,0.6717268228530884,3.0830392837524414,0.09931638836860657,0.46427908539772034,3.0988056659698486,-0.4749911427497864,good
0.5429163575172424,0.3352705240249634,-0.5627732276916504,0.5392310619354248,0.279697984457016,-0.4912049174308777,0.5440031290054321,0.2829417586326599,-0.4909433424472809,0.5475735068321228,0.2861306071281433,-0.49110403656959534,0.5066043138504028,0.2728639543056488,-0.5706632137298584,0.488840252161026,0.27177879214286804,-0.5703171491622925,0.46756234765052795,0.27112844586372375,-0.5707821846008301,0.5025304555892944,0.31366047263145447,-0.1453755795955658,0.39144259691238403,0.30040234327316284,-0.49034810066223145,0.5417163372039795,0.4009811282157898,-0.438835471868515,0.5001938939094543,0.3989937901496887,-0.5372834205627441,0.6069117784500122,0.7013947367668152,0.022264543920755386,0.19418182969093323,0.6794917583465576,-0.5551317930221558,0.7233733534812927,1.0653150081634521,0.13777413964271545,0.1548110991716385,1.135575532913208,-0.647711992263794,0.8450895547866821,1.4931446313858032,-0.09196186065673828,0.18166483938694,1.587617039680481,-0.9022151827812195,0.9026368260383606,1.6017416715621948,-0.15303128957748413,0.1553853303194046,1.7135156393051147,-0.9922199249267578,0.8638094663619995,1.617889642715454,-0.2354128062725067,0.1987535059452057,1.7135227918624878,-1.0905438661575317,0.8301180005073547,1.589108943939209,-0.14443977177143097,0.21504667401313782,1.668562412261963,-0.9517744183540344,0.5683538317680359,1.5478568077087402,0.08661852031946182,0.2781941294670105,1.5827397108078003,-0.08251143246889114,0.5787233114242554,2.2494451999664307,0.06911339610815048,0.30845528841018677,2.286694049835205,-0.11439977586269379,0.5807613134384155,2.8975179195404053,0.6204758882522583,0.31707891821861267,2.915358781814575,0.24475757777690887,0.5717633366584778,2.9988131523132324,0.6374581456184387,0.295102059841156,3.0201621055603027,0.257836252450943,0.6161457300186157,3.06538724899292,0.12258809804916382,0.4048122465610504,3.070145606994629,-0.3733358383178711,good
0.4138193726539612,0.39690515398979187,-0.6783854365348816,0.4547644257545471,0.3336680829524994,-0.6682494878768921,0.4761851727962494,0.33197256922721863,-0.6683083772659302,0.4963930547237396,0.3328002393245697,-0.6686698198318481,0.4131287932395935,0.34110984206199646,-0.6210169792175293,0.4036104679107666,0.34274521470069885,-0.6202980279922485,0.3932493329048157,0.3443898558616638,-0.6205827593803406,0.5356992483139038,0.36729055643081665,-0.549066960811615,0.4044948220252991,0.36954769492149353,-0.23192580044269562,0.4535902142524719,0.45397046208381653,-0.6090362071990967,0.4034457206726074,0.4552365243434906,-0.5336158871650696,0.7095590829849243,0.7062729001045227,-0.48492884635925293,0.3265630602836609,0.7199074625968933,-0.08657438308000565,0.8428812026977539,1.0445367097854614,-0.5405752658843994,0.3033049702644348,1.0630834102630615,-0.008418874815106392,0.8420711755752563,1.4105050563812256,-0.6435198783874512,0.26338210701942444,1.425931453704834,-0.4554981291294098,0.8568699955940247,1.5126291513442993,-0.7409613132476807,0.2312076836824417,1.5269395112991333,-0.5407757759094238,0.8051629066467285,1.5104656219482422,-0.7608928680419922,0.263668417930603,1.52383291721344,-0.6407855749130249,0.7883278131484985,1.4688526391983032,-0.6611298322677612,0.284850537776947,1.4847062826156616,-0.5174300074577332,0.6671963334083557,1.4770925045013428,-0.19395454227924347,0.40223684906959534,1.4728566408157349,0.19870905578136444,0.6533764004707336,2.0889124870300293,-0.26337042450904846,0.408663809299469,2.0865397453308105,0.32293957471847534,0.6662178635597229,2.649041175842285,0.2710530161857605,0.4212566316127777,2.6338324546813965,0.6905298829078674,0.6851204633712769,2.7377145290374756,0.29373541474342346,0.42235666513442993,2.7226321697235107,0.7151055932044983,0.602810263633728,2.8133351802825928,-0.23411695659160614,0.435823529958725,2.79890775680542,0.19879932701587677,good
0.4874119758605957,0.3589775860309601,-0.730612576007843,0.5127888917922974,0.30294081568717957,-0.6713714003562927,0.5289798378944397,0.3077745735645294,-0.6712197661399841,0.5442763566970825,0.3120793104171753,-0.6715095639228821,0.46360358595848083,0.29598987102508545,-0.6879559755325317,0.4444728493690491,0.2967573404312134,-0.6873875856399536,0.4233604371547699,0.2991769015789032,-0.6877185702323914,0.557219386100769,0.3447929322719574,-0.33803969621658325,0.3800773024559021,0.33426371216773987,-0.39446887373924255,0.5067293047904968,0.4305063784122467,-0.6081880927085876,0.446615993976593,0.4246588349342346,-0.6250404119491577,0.678681492805481,0.7078604102134705,-0.17857618629932404,0.23938241600990295,0.7012131214141846,-0.37343865633010864,0.7947074770927429,1.0612512826919556,-0.1628318876028061,0.1956205666065216,1.179931402206421,-0.40959224104881287,0.8648622632026672,1.4667210578918457,-0.4238351881504059,0.20187397301197052,1.5220142602920532,-0.8631505966186523,0.9103434681892395,1.5712083578109741,-0.5136086344718933,0.17130354046821594,1.6293338537216187,-0.9764609336853027,0.8603079915046692,1.5789202451705933,-0.5618410110473633,0.21558651328086853,1.6259970664978027,-1.0682165622711182,0.8325730562210083,1.542932152748108,-0.4637632369995117,0.23717281222343445,1.583860158920288,-0.91815185546875,0.6390689015388489,1.5324060916900635,-0.02339576929807663,0.33531638979911804,1.5504189729690552,0.02809404768049717,0.6349051594734192,2.204988956451416,0.02136426977813244,0.35446104407310486,2.2247090339660645,0.051991771906614304,0.6387680768966675,2.8127503395080566,0.6171050667762756,0.36279815435409546,2.81803297996521,0.4321692883968353,0.6451300382614136,2.908151388168335,0.6434272527694702,0.3554098308086395,2.9130635261535645,0.4547874331474304,0.6065016984939575,2.999303102493286,0.13105933368206024,0.41305097937583923,2.998566150665283,-0.13958412408828735,good
0.5334089398384094,0.3672065734863281,-0.7370001077651978,0.5607950091362,0.31279245018959045,-0.671570360660553,0.5755676031112671,0.3184501528739929,-0.6714959740638733,0.5900130271911621,0.32342952489852905,-0.671768069267273,0.5112528204917908,0.29871273040771484,-0.7018380761146545,0.4898410439491272,0.296881765127182,-0.7014837861061096,0.468498557806015,0.2970024645328522,-0.7018270492553711,0.5883539915084839,0.3542064130306244,-0.31146004796028137,0.4135991632938385,0.326070100069046,-0.4368416666984558,0.5437449812889099,0.4411046802997589,-0.6070415377616882,0.48714524507522583,0.42800596356391907,-0.6426495313644409,0.6814185380935669,0.7136996388435364,-0.14247679710388184,0.2419845312833786,0.6965189576148987,-0.3989173173904419,0.7890703082084656,1.0700910091400146,-0.10041556507349014,0.19021031260490417,1.191731333732605,-0.43829941749572754,0.8436111211776733,1.4707996845245361,-0.3702756464481354,0.1985948085784912,1.5149403810501099,-0.8276365399360657,0.8792664408683777,1.5785683393478394,-0.4600941240787506,0.17103488743305206,1.6254316568374634,-0.9392597079277039,0.8329430818557739,1.5791202783584595,-0.5224982500076294,0.2177315205335617,1.619895100593567,-1.0269901752471924,0.8083688020706177,1.5429631471633911,-0.41485437750816345,0.23754481971263885,1.5781294107437134,-0.8766320943832397,0.631102979183197,1.544023036956787,-0.0003982014604844153,0.3364669680595398,1.5596137046813965,0.004749601241201162,0.6228734254837036,2.2269294261932373,0.02231346070766449,0.3501787483692169,2.239243507385254,-0.012121688574552536,0.6297918558120728,2.846083164215088,0.5816654562950134,0.3644571900367737,2.8389151096343994,0.3376956582069397,0.6338291168212891,2.942619562149048,0.6055437326431274,0.3560889959335327,2.9321632385253906,0.35778483748435974,0.6039420366287231,3.0321426391601562,0.1057422012090683,0.4142524302005768,3.016704559326172,-0.24214787781238556,good
0.6099244952201843,0.3772367537021637,-0.5294548869132996,0.6097533702850342,0.32051023840904236,-0.46256694197654724,0.615385115146637,0.3247336149215698,-0.46218815445899963,0.6210666298866272,0.32864636182785034,-0.46234020590782166,0.5807855129241943,0.30874618887901306,-0.5402873754501343,0.5642352104187012,0.30529552698135376,-0.5399830341339111,0.5458829402923584,0.3031042516231537,-0.5403414964675903,0.5906476378440857,0.3540821969509125,-0.13381469249725342,0.46647730469703674,0.33138757944107056,-0.4876886010169983,0.6055477261543274,0.4438938498497009,-0.4112786650657654,0.5678240060806274,0.43925151228904724,-0.5096519589424133,0.6702851057052612,0.717346727848053,0.021136699244379997,0.25103357434272766,0.6891928315162659,-0.5594074726104736,0.7515001893043518,1.0821852684020996,0.1870957463979721,0.2271040678024292,1.1321510076522827,-0.6659302115440369,0.8299142718315125,1.4874789714813232,0.012466246262192726,0.2212309092283249,1.541512131690979,-0.8468340635299683,0.8682287931442261,1.5961283445358276,-0.041513316333293915,0.1917077749967575,1.6586264371871948,-0.9289034605026245,0.8351100087165833,1.6035205125808716,-0.12335842847824097,0.23521284759044647,1.6580637693405151,-1.0254067182540894,0.809364914894104,1.5708247423171997,-0.0366097055375576,0.25190189480781555,1.6135789155960083,-0.893725574016571,0.6226678490638733,1.534625768661499,0.0753244012594223,0.3380569815635681,1.5607240200042725,-0.07148900628089905,0.6093140840530396,2.196274757385254,0.08742598444223404,0.3424381613731384,2.224945306777954,-0.08179707080125809,0.6032635569572449,2.8160316944122314,0.6339124441146851,0.33687692880630493,2.8177618980407715,0.2622690796852112,0.5892442464828491,2.9141669273376465,0.6521229147911072,0.3131369650363922,2.916429281234741,0.2744864225387573,0.6504299640655518,2.977595567703247,0.19907991588115692,0.44177794456481934,2.976785182952881,-0.32028794288635254,good
0.6352349519729614,0.351902574300766,-0.39494410157203674,0.6236444711685181,0.29349759221076965,-0.3347494602203369,0.6240798830986023,0.29466351866722107,-0.33442243933677673,0.6241186857223511,0.2959592640399933,-0.33461064100265503,0.6040344834327698,0.2912203371524811,-0.43574100732803345,0.5911997556686401,0.2906898260116577,-0.4353787899017334,0.5742151141166687,0.2907714247703552,-0.4358173906803131,0.5622124671936035,0.32066333293914795,-0.030335169285535812,0.4933013319969177,0.31560221314430237,-0.47897452116012573,0.6200370192527771,0.4167737364768982,-0.2816668152809143,0.5970234870910645,0.4149044454097748,-0.4096546769142151,0.6331565976142883,0.6918259859085083,0.13585123419761658,0.25720351934432983,0.6653528213500977,-0.5655637383460999,0.7293797135353088,1.0610227584838867,0.3425319492816925,0.23562297224998474,1.1347846984863281,-0.6099337339401245,0.8739997744560242,1.451232671737671,0.23034384846687317,0.26833146810531616,1.6247212886810303,-0.7597322463989258,0.938984215259552,1.5491702556610107,0.1858406513929367,0.24874910712242126,1.7594956159591675,-0.8290643692016602,0.9052088856697083,1.5662038326263428,0.10124900192022324,0.2977086901664734,1.7635477781295776,-0.9466188549995422,0.8690427541732788,1.5440775156021118,0.17771433293819427,0.3143407702445984,1.714561939239502,-0.8112454414367676,0.6096075773239136,1.5602993965148926,0.11529164016246796,0.3509584069252014,1.611905813217163,-0.11118263006210327,0.6215071082115173,2.2503244876861572,0.10833700746297836,0.36853736639022827,2.2947912216186523,-0.1657787263393402,0.6304919719696045,2.9012556076049805,0.5535301566123962,0.3794940412044525,2.9326179027557373,0.09392902255058289,0.6145244836807251,3.0078485012054443,0.5609837770462036,0.34951069951057434,3.041762351989746,0.0961528792977333,0.7002192139625549,3.0647881031036377,0.10493729263544083,0.49631422758102417,3.0789949893951416,-0.5054723024368286,good
0.4516281187534332,0.36598333716392517,-0.8963121175765991,0.48461923003196716,0.3016919493675232,-0.863599956035614,0.5054260492324829,0.301523894071579,-0.863726019859314,0.5257971286773682,0.30232107639312744,-0.8639627695083618,0.42865365743637085,0.3094292879104614,-0.8027666211128235,0.41277527809143066,0.3136995732784271,-0.8019412755966187,0.399613618850708,0.3181455731391907,-0.8022443652153015,0.5591830015182495,0.3342585861682892,-0.5505707263946533,0.39823225140571594,0.3496633768081665,-0.2640466094017029,0.4987148344516754,0.42641907930374146,-0.7781875133514404,0.4249829649925232,0.4306686818599701,-0.6849660277366638,0.7258285880088806,0.688045084476471,-0.5560063719749451,0.33527639508247375,0.6957839727401733,0.09786821901798248,0.8641207814216614,1.0461496114730835,-0.7344030141830444,0.317635715007782,1.1253212690353394,0.21877102553844452,0.8136587142944336,1.4404990673065186,-0.9417510032653809,0.2622607350349426,1.4387640953063965,-0.41245055198669434,0.8199895620346069,1.5723415613174438,-1.070622444152832,0.22028017044067383,1.540456771850586,-0.5046762824058533,0.765345573425293,1.564530849456787,-1.0966908931732178,0.2492305040359497,1.5373631715774536,-0.6245681047439575,0.752310574054718,1.5161938667297363,-0.9613828659057617,0.2757486402988434,1.4977878332138062,-0.4878459870815277,0.6650611162185669,1.5310938358306885,-0.2697446048259735,0.40094685554504395,1.514220118522644,0.2746848464012146,0.6483315229415894,2.193019390106201,-0.38747546076774597,0.39626210927963257,2.17073917388916,0.40387073159217834,0.6394328474998474,2.796114921569824,0.1559097170829773,0.3839607536792755,2.750084161758423,0.791806161403656,0.6614541411399841,2.899286985397339,0.1749638319015503,0.38678669929504395,2.8417420387268066,0.8135992288589478,0.5555160045623779,2.951148271560669,-0.42649179697036743,0.36336156725883484,2.9318573474884033,0.23768040537834167,good
0.4390963017940521,0.37118256092071533,-0.8452966809272766,0.4802646040916443,0.30107933282852173,-0.8508539199829102,0.5018260478973389,0.301204115152359,-0.8515250086784363,0.523443341255188,0.302964985370636,-0.8518341779708862,0.43123993277549744,0.30568256974220276,-0.7548968195915222,0.418302059173584,0.30725008249282837,-0.7546349167823792,0.4062729477882385,0.30921003222465515,-0.7549681663513184,0.5668734312057495,0.3367547392845154,-0.6551545858383179,0.41582900285720825,0.3384256660938263,-0.22535116970539093,0.4829190671443939,0.4337834119796753,-0.7583181262016296,0.4229755997657776,0.4319020211696625,-0.6377840638160706,0.7083646059036255,0.6842227578163147,-0.7684869170188904,0.39707258343696594,0.6641315817832947,0.3470718264579773,0.8594835996627808,1.0503108501434326,-0.9469044804573059,0.4318249225616455,1.0173197984695435,0.6964659690856934,0.792464017868042,1.5301443338394165,-1.01885986328125,0.3549196720123291,1.2539677619934082,0.2777184247970581,0.7925799489021301,1.6509391069412231,-1.1374528408050537,0.3226626515388489,1.3200907707214355,0.24829375743865967,0.7486004829406738,1.6256129741668701,-1.1380367279052734,0.30786269903182983,1.3008153438568115,0.1053035706281662,0.7440974116325378,1.5814496278762817,-1.022477388381958,0.3292657732963562,1.2782214879989624,0.19413448870182037,0.6638411283493042,1.5960183143615723,-0.36090418696403503,0.4321364760398865,1.5737204551696777,0.365636944770813,0.6343840956687927,2.250478506088257,-0.46218323707580566,0.40143585205078125,2.2042343616485596,0.43098729848861694,0.6191735863685608,2.8946425914764404,0.08831916004419327,0.3959835469722748,2.8454201221466064,0.7268750071525574,0.6521582007408142,2.996860980987549,0.10771044343709946,0.4060399532318115,2.943863868713379,0.7288917303085327,0.5194214582443237,3.0593042373657227,-0.4597431719303131,0.3419830799102783,3.0263404846191406,0.20782780647277832,good
0.5231319069862366,0.5153725147247314,-1.1624608039855957,0.5428476929664612,0.45293235778808594,-1.0809978246688843,0.5586425065994263,0.4565027356147766,-1.0814446210861206,0.5746063590049744,0.4606618285179138,-1.0815058946609497,0.4955831468105316,0.4456578493118286,-1.0967130661010742,0.47547513246536255,0.4448045790195465,-1.096503496170044,0.457087904214859,0.44428709149360657,-1.0970790386199951,0.5919327139854431,0.4933444559574127,-0.5791096687316895,0.41233330965042114,0.47972947359085083,-0.643574059009552,0.5472992658615112,0.5853452682495117,-0.9728696942329407,0.4880746006965637,0.5778807401657104,-0.9925785064697266,0.7224336862564087,0.846294641494751,-0.26855558156967163,0.27392059564590454,0.8261200785636902,-0.4276878833770752,0.8630932569503784,1.2010310888290405,-0.3719173073768616,0.15981215238571167,1.240674614906311,-0.6664135456085205,0.871272087097168,1.4824411869049072,-0.9756782650947571,0.20573560893535614,1.4256407022476196,-1.5555847883224487,0.8983672857284546,1.5875804424285889,-1.1275205612182617,0.19522736966609955,1.5115165710449219,-1.7692569494247437,0.8566010594367981,1.5646157264709473,-1.2132339477539062,0.23685689270496368,1.472568154335022,-1.8288062810897827,0.8337677121162415,1.5279085636138916,-1.0355149507522583,0.24953334033489227,1.442789912223816,-1.6098477840423584,0.6455604434013367,1.6430860757827759,-0.008916261605918407,0.34045422077178955,1.650650143623352,0.01415474247187376,0.6458898782730103,2.292797803878784,-0.05817527696490288,0.3629785180091858,2.2965691089630127,-0.22493219375610352,0.6738489270210266,2.8939719200134277,0.46997079253196716,0.39389657974243164,2.891568660736084,0.12304655462503433,0.6801273226737976,2.993144989013672,0.4822700023651123,0.3927127420902252,2.9892184734344482,0.13047173619270325,0.6392859816551208,3.0783987045288086,-0.18406614661216736,0.445791095495224,3.067138910293579,-0.5874858498573303,good
0.5349046587944031,0.5220625996589661,-1.0635044574737549,0.5528038740158081,0.4618372619152069,-0.9849212765693665,0.5676687955856323,0.4652968645095825,-0.9852385520935059,0.5823407173156738,0.4688555598258972,-0.9855244755744934,0.507049024105072,0.45433539152145386,-1.0089353322982788,0.48759061098098755,0.4533568024635315,-1.008455514907837,0.4675985276699066,0.4533359706401825,-1.0089763402938843,0.5920814871788025,0.49963244795799255,-0.5017824172973633,0.4188287854194641,0.4866367280483246,-0.5962387323379517,0.5530072450637817,0.5910505056381226,-0.8825052380561829,0.49747222661972046,0.5871402621269226,-0.9061223864555359,0.7081263661384583,0.8566998839378357,-0.19142678380012512,0.26749199628829956,0.8248923420906067,-0.409415066242218,0.7801426649093628,1.2491480112075806,-0.08828721940517426,0.1454237699508667,1.2542023658752441,-0.4869735836982727,0.7942942976951599,1.5683941841125488,-0.45089244842529297,0.1793650984764099,1.5115070343017578,-1.056056261062622,0.8215247392654419,1.6787021160125732,-0.5554972887039185,0.16463354229927063,1.6124908924102783,-1.2124924659729004,0.7896674871444702,1.675532579421997,-0.645783007144928,0.2126888781785965,1.6007765531539917,-1.2903369665145874,0.7678326368331909,1.6350740194320679,-0.5098186135292053,0.22638431191444397,1.560363531112671,-1.1071579456329346,0.6210974454879761,1.627017855644226,-0.02346855401992798,0.32254841923713684,1.6268651485443115,0.028825830668210983,0.6052664518356323,2.275317430496216,-0.14617571234703064,0.3291325867176056,2.2793402671813965,-0.07431182265281677,0.6040766835212708,2.8705224990844727,0.4174601137638092,0.3416135907173157,2.868856906890869,0.24029982089996338,0.6069852113723755,2.9666595458984375,0.4351113438606262,0.3353025019168854,2.9656360149383545,0.24760863184928894,0.5707297921180725,3.0475199222564697,-0.1919277459383011,0.384832501411438,3.038426637649536,-0.4493728280067444,good
0.5421186089515686,0.5175883769989014,-0.9375690221786499,0.558720052242279,0.46235841512680054,-0.8537346720695496,0.572790265083313,0.46615833044052124,-0.8539674878120422,0.5859530568122864,0.4698534607887268,-0.8540434837341309,0.5130418539047241,0.45256710052490234,-0.9001518487930298,0.49242767691612244,0.45107796788215637,-0.9000488519668579,0.47151660919189453,0.45072025060653687,-0.9006592035293579,0.5852691531181335,0.49828365445137024,-0.3740740120410919,0.42110252380371094,0.4801355302333832,-0.5713055729866028,0.5556950569152832,0.5839211940765381,-0.7571066617965698,0.5018651485443115,0.5784805417060852,-0.8134942054748535,0.6702827215194702,0.857647180557251,-0.01557658426463604,0.26951104402542114,0.7970229387283325,-0.5002214312553406,0.7349810004234314,1.2423913478851318,0.12118184566497803,0.1399771124124527,1.230953335762024,-0.5881354212760925,0.7629226446151733,1.5545064210891724,-0.2795131802558899,0.17772895097732544,1.551072597503662,-1.0518009662628174,0.7892476320266724,1.6615597009658813,-0.37083691358566284,0.16033262014389038,1.6618989706039429,-1.1949809789657593,0.7662988901138306,1.666176199913025,-0.4720741808414459,0.21215121448040009,1.659283995628357,-1.2562813758850098,0.7444968223571777,1.628835916519165,-0.34372344613075256,0.2253407984972,1.6161396503448486,-1.0870859622955322,0.5924402475357056,1.619446039199829,0.08069116622209549,0.309452086687088,1.6235460042953491,-0.07687799632549286,0.5775164365768433,2.264525890350342,0.08187879621982574,0.32052168250083923,2.2808661460876465,-0.09272224456071854,0.571445107460022,2.853419542312622,0.6876593232154846,0.32175469398498535,2.8619015216827393,0.2835165858268738,0.5673404335975647,2.949523448944092,0.7124168872833252,0.3007820248603821,2.959857940673828,0.30064699053764343,0.5780109167098999,3.025768995285034,0.16904374957084656,0.3990359902381897,3.025891065597534,-0.32221266627311707,good
0.5133870244026184,0.5178995132446289,-1.164565086364746,0.5348650813102722,0.457862913608551,-1.086280107498169,0.550247848033905,0.46124252676963806,-1.0865991115570068,0.5656925439834595,0.46465688943862915,-1.086546778678894,0.4869304299354553,0.4527292549610138,-1.1058499813079834,0.4659387469291687,0.4533814787864685,-1.1054607629776,0.44708913564682007,0.454922616481781,-1.106034517288208,0.5793715715408325,0.49693623185157776,-0.6050241589546204,0.4041222035884857,0.48903653025627136,-0.6848124861717224,0.5364214777946472,0.5883389115333557,-0.9837333559989929,0.47815728187561035,0.5841655135154724,-1.006702184677124,0.7152481079101562,0.8618159890174866,-0.29327207803726196,0.24867656826972961,0.8554813265800476,-0.4914220869541168,0.809355616569519,1.2724970579147339,-0.3480432331562042,0.1509247124195099,1.3104231357574463,-0.7291098833084106,0.8132101893424988,1.5863187313079834,-0.9308174252510071,0.1884506195783615,1.56962251663208,-1.462611198425293,0.8373236656188965,1.7048908472061157,-1.085481882095337,0.1810026317834854,1.6766489744186401,-1.6599390506744385,0.7923635244369507,1.6915066242218018,-1.1729979515075684,0.22313980758190155,1.6414607763290405,-1.7269359827041626,0.7717846035957336,1.6467262506484985,-0.9932629466056824,0.2358451634645462,1.5994065999984741,-1.51529061794281,0.6325037479400635,1.6615922451019287,-0.013412128202617168,0.33007439970970154,1.6721172332763672,0.018718423321843147,0.6253923773765564,2.3078877925872803,0.009462064132094383,0.3430357873439789,2.3156979084014893,-0.08808974921703339,0.6443925499916077,2.8953824043273926,0.6383699178695679,0.3705969452857971,2.896960973739624,0.3493008017539978,0.6510029435157776,2.9934089183807373,0.6602317094802856,0.3667197823524475,2.9957358837127686,0.373444139957428,0.611864447593689,3.0884616374969482,0.05148700624704361,0.42275410890579224,3.0763421058654785,-0.3036711812019348,good
0.5694047212600708,0.5198019742965698,-0.691670835018158,0.5963461399078369,0.4468773901462555,-0.6808768510818481,0.6166093349456787,0.4442921280860901,-0.6807175278663635,0.6378200650215149,0.44303494691848755,-0.681006908416748,0.5557959079742432,0.45518064498901367,-0.6334059834480286,0.544474184513092,0.45815831422805786,-0.6325068473815918,0.5339970588684082,0.46192508935928345,-0.6328348517417908,0.6874326467514038,0.47587287425994873,-0.489673376083374,0.542579710483551,0.4890560209751129,-0.2435358464717865,0.6120955944061279,0.5819063186645508,-0.6173929572105408,0.5582207441329956,0.5885276794433594,-0.5456041097640991,0.8807092905044556,0.8741044402122498,-0.3535178303718567,0.4359308183193207,0.8084466457366943,-0.17453491687774658,0.9885329008102417,1.3244985342025757,-0.4274531900882721,0.34975096583366394,1.2854275703430176,-0.26590073108673096,0.9150406122207642,1.658884882926941,-0.6243069171905518,0.3039194345474243,1.5139268636703491,-0.9004499316215515,0.9452040791511536,1.7717903852462769,-0.7132542729377747,0.26282569766044617,1.6068744659423828,-1.029765009880066,0.8771163821220398,1.7656559944152832,-0.7379951477050781,0.30522364377975464,1.5926384925842285,-1.092130422592163,0.8626505136489868,1.7140029668807983,-0.6484753489494324,0.33094555139541626,1.5571421384811401,-0.9531939625740051,0.7662178874015808,1.6481000185012817,-0.11595002561807632,0.4667793810367584,1.6116615533828735,0.12209124863147736,0.710171103477478,2.3009374141693115,-0.11149904876947403,0.43043750524520874,2.2599093914031982,0.29252979159355164,0.6830069422721863,2.866431474685669,0.46514758467674255,0.4076870381832123,2.824223279953003,0.8184224963188171,0.6937788724899292,2.961766004562378,0.49291548132896423,0.40208831429481506,2.915741443634033,0.8643186688423157,0.6065094470977783,3.036921501159668,-0.045188479125499725,0.4331246316432953,3.021848440170288,0.2081211358308792,good
0.511121928691864,0.5213586688041687,-0.9320873022079468,0.5296448469161987,0.45935824513435364,-0.8718631863594055,0.5439401865005493,0.46120554208755493,-0.8719196319580078,0.558609127998352,0.46317580342292786,-0.8720382452011108,0.47936612367630005,0.45803117752075195,-0.8808975219726562,0.4598756730556488,0.45949697494506836,-0.8801698684692383,0.4410102367401123,0.46203339099884033,-0.8805054426193237,0.5767737030982971,0.49512434005737305,-0.47887903451919556,0.40413445234298706,0.5004351139068604,-0.5015578866004944,0.53923100233078,0.5877612233161926,-0.7839850783348083,0.47746196389198303,0.5887380838394165,-0.7903759479522705,0.7322060465812683,0.8450127840042114,-0.23620423674583435,0.27449923753738403,0.8516170978546143,-0.39580509066581726,0.8719651103019714,1.2089279890060425,-0.2753182053565979,0.21865412592887878,1.3079619407653809,-0.5587865114212036,0.8883360624313354,1.550100564956665,-0.7115787267684937,0.21158567070960999,1.6006358861923218,-1.2860440015792847,0.9149161577224731,1.6616402864456177,-0.8394444584846497,0.17870989441871643,1.7125961780548096,-1.4631668329238892,0.8657933473587036,1.6638747453689575,-0.906345546245575,0.22734937071800232,1.7017425298690796,-1.5479910373687744,0.8441492319107056,1.6204420328140259,-0.7587441802024841,0.2505526840686798,1.655855417251587,-1.3467743396759033,0.6766585111618042,1.617066740989685,-0.014871512539684772,0.3727119266986847,1.6330971717834473,0.020794708281755447,0.6719289422035217,2.244109869003296,-0.04078534618020058,0.38666653633117676,2.2657251358032227,0.05798901990056038,0.6801817417144775,2.812882900238037,0.5799883008003235,0.4041368067264557,2.8217642307281494,0.47991007566452026,0.6909328699111938,2.908567190170288,0.607416033744812,0.40119224786758423,2.918128728866577,0.5021471977233887,0.6337903738021851,2.9943838119506836,0.020970698446035385,0.4521099925041199,2.995988368988037,-0.1321798861026764,good
0.5189844369888306,0.4958118200302124,-1.2222888469696045,0.542637825012207,0.4217022955417633,-1.1383970975875854,0.5599433183670044,0.423432856798172,-1.1388404369354248,0.5764345526695251,0.42589616775512695,-1.138991117477417,0.4854770600795746,0.41448649764060974,-1.1509039402008057,0.46204453706741333,0.4126010835170746,-1.1505939960479736,0.4419202208518982,0.41148841381073,-1.1509343385696411,0.5952656269073486,0.4510309100151062,-0.5971177816390991,0.39743298292160034,0.4442468285560608,-0.6477307081222534,0.5452989935874939,0.567709743976593,-1.0164449214935303,0.47331756353378296,0.5645933151245117,-1.0326299667358398,0.7470823526382446,0.8060872554779053,-0.29645922780036926,0.2502116858959198,0.8168866634368896,-0.36842676997184753,0.8848697543144226,1.0462658405303955,-0.4750306010246277,0.08283810317516327,1.1792998313903809,-0.9146353602409363,0.9349945783615112,1.4053685665130615,-1.0792042016983032,0.21224021911621094,1.1556979417800903,-2.0900824069976807,0.9615026712417603,1.5094654560089111,-1.2312133312225342,0.23605158925056458,1.174900770187378,-2.320082187652588,0.9049461483955383,1.4627115726470947,-1.2950069904327393,0.2634983956813812,1.117681622505188,-2.2701869010925293,0.8838392496109009,1.4287070035934448,-1.127350926399231,0.2515740990638733,0.9258174896240234,-2.1033082008361816,0.6692026853561401,1.6705434322357178,-0.06358379870653152,0.34866946935653687,1.682132363319397,0.06820197403430939,0.6658973097801208,2.3759493827819824,-0.14582012593746185,0.3672787845134735,2.3756163120269775,-0.12326107174158096,0.6769542694091797,3.0271389484405518,0.4448142945766449,0.38484078645706177,3.0221192836761475,0.20156565308570862,0.6831746101379395,3.1283066272735596,0.4580656886100769,0.3834138810634613,3.1210508346557617,0.20623533427715302,0.6374071836471558,3.220820903778076,-0.26966434717178345,0.4174951910972595,3.2119853496551514,-0.5227213501930237,good
0.514086127281189,0.5058091878890991,-1.1985481977462769,0.5395317673683167,0.43763506412506104,-1.117812156677246,0.5560392737388611,0.4413069486618042,-1.1182612180709839,0.5717499852180481,0.4451952576637268,-1.118483304977417,0.4853735864162445,0.42115095257759094,-1.1347829103469849,0.4617950916290283,0.41552630066871643,-1.134355068206787,0.44192585349082947,0.41201868653297424,-1.1347758769989014,0.5866392850875854,0.46417903900146484,-0.5917922258377075,0.3942994177341461,0.43969711661338806,-0.6848574876785278,0.536443829536438,0.5772438049316406,-1.0005826950073242,0.4661444127559662,0.5675803422927856,-1.024446725845337,0.7073670625686646,0.8186589479446411,-0.2819741368293762,0.2292364090681076,0.8044044971466064,-0.4203556478023529,0.8836728930473328,1.187288522720337,-0.2889026999473572,0.0750294104218483,1.1864241361618042,-0.5531628131866455,0.8819510340690613,1.52692449092865,-0.8061661720275879,0.08377669006586075,1.5237904787063599,-1.2417356967926025,0.9022754430770874,1.6474635601043701,-0.9451058506965637,0.06028131768107414,1.6305710077285767,-1.4335598945617676,0.853549599647522,1.6395022869110107,-1.0448520183563232,0.11224429309368134,1.6199514865875244,-1.5225321054458618,0.8332964777946472,1.5993711948394775,-0.8722405433654785,0.131785586476326,1.5796281099319458,-1.3034641742706299,0.610602855682373,1.6782952547073364,-0.032491154968738556,0.29770490527153015,1.6824246644973755,0.038127217441797256,0.6005855798721313,2.3656818866729736,-0.2345685511827469,0.30888742208480835,2.356853723526001,-0.29205137491226196,0.614410400390625,3.018955707550049,0.24909214675426483,0.32519033551216125,3.005873441696167,-0.03491919860243797,0.6180230975151062,3.122676134109497,0.2555108666419983,0.3224337697029114,3.1096487045288086,-0.037379901856184006,0.5743858814239502,3.209609270095825,-0.4399154782295227,0.3657861351966858,3.1921775341033936,-0.7800576090812683,good
0.4873526096343994,0.5169859528541565,-1.022587537765503,0.5129866600036621,0.45353731513023376,-0.943976104259491,0.5281662940979004,0.4572145640850067,-0.9440829157829285,0.5424987077713013,0.4607812762260437,-0.9443710446357727,0.46328872442245483,0.4389422833919525,-0.9791898727416992,0.4421010911464691,0.43350014090538025,-0.9787591099739075,0.4210333228111267,0.429816335439682,-0.9792593121528625,0.5411951541900635,0.48170167207717896,-0.4786653518676758,0.36984336376190186,0.45330479741096497,-0.6193729639053345,0.49661898612976074,0.5896946787834167,-0.8457338213920593,0.4401491582393646,0.5770357251167297,-0.8887636065483093,0.6449385285377502,0.8355869650840759,-0.17517323791980743,0.18109259009361267,0.7769286632537842,-0.4580238461494446,0.7736427783966064,1.2175477743148804,-0.0983593612909317,0.009792087599635124,1.203568935394287,-0.5459766983985901,0.814129650592804,1.5471742153167725,-0.4922446608543396,0.006507006473839283,1.5821101665496826,-1.1134746074676514,0.8552502393722534,1.6576813459396362,-0.5936625003814697,-0.02410650998353958,1.7011034488677979,-1.2649656534194946,0.8148323893547058,1.660697340965271,-0.6880390644073486,0.03654558211565018,1.7119370698928833,-1.350790023803711,0.7882950901985168,1.6238682270050049,-0.5548536777496338,0.05600500851869583,1.6682379245758057,-1.1678403615951538,0.5471982359886169,1.653570294380188,0.00019676191732287407,0.24169640243053436,1.6567213535308838,0.004974805284291506,0.554988443851471,2.3511831760406494,-0.12877854704856873,0.27136164903640747,2.3643064498901367,-0.1345876157283783,0.5680678486824036,3.004417657852173,0.4158748686313629,0.2925174832344055,2.996504306793213,0.17928066849708557,0.5703744292259216,3.1108856201171875,0.4352889955043793,0.28185248374938965,3.099661111831665,0.18794742226600647,0.5404633283615112,3.1904401779174805,-0.1776999533176422,0.3445017337799072,3.1761395931243896,-0.5026755928993225,good
0.41599971055984497,0.5116010308265686,-0.8356047868728638,0.45016416907310486,0.4361192286014557,-0.7926217317581177,0.47094041109085083,0.43521252274513245,-0.792578935623169,0.4901618957519531,0.4351488947868347,-0.7927334904670715,0.39390912652015686,0.44080597162246704,-0.7757075428962708,0.37755465507507324,0.44304341077804565,-0.7746719121932983,0.36417776346206665,0.44565349817276,-0.7749171853065491,0.5245112776756287,0.46487876772880554,-0.48332881927490234,0.35577744245529175,0.4772685766220093,-0.3767724335193634,0.4600825905799866,0.5751755833625793,-0.7210264205932617,0.3873150646686554,0.5822192430496216,-0.6920977830886841,0.7148012518882751,0.8053487539291382,-0.31284284591674805,0.23833712935447693,0.839862585067749,-0.25094783306121826,0.8529452085494995,1.0732682943344116,-0.3651181161403656,0.13224831223487854,1.255181074142456,-0.43235349655151367,0.8822665214538574,1.4817715883255005,-0.6335846185684204,0.16846409440040588,1.5123053789138794,-1.1127243041992188,0.91368168592453,1.5920919179916382,-0.7432885766029358,0.14093777537345886,1.616256833076477,-1.2684590816497803,0.853395938873291,1.5837161540985107,-0.7843042016029358,0.1928672045469284,1.592111349105835,-1.3431689739227295,0.8311296701431274,1.5473400354385376,-0.6692726016044617,0.21520057320594788,1.5550270080566406,-1.1707675457000732,0.6460790634155273,1.6050373315811157,-0.089068703353405,0.3447764813899994,1.6096936464309692,0.09504663199186325,0.645971417427063,2.2681357860565186,-0.15758435428142548,0.3544791340827942,2.2742531299591064,0.11373648792505264,0.6521322727203369,2.8661530017852783,0.3830122947692871,0.37137550115585327,2.859748601913452,0.4333476126194,0.6675780415534973,2.958845376968384,0.401129812002182,0.3711964786052704,2.9480557441711426,0.4478440284729004,0.595467746257782,3.0437517166137695,-0.1900199055671692,0.4039163589477539,3.047995090484619,-0.16836482286453247,good
0.4039478302001953,0.5178812146186829,-0.9673030972480774,0.4386889338493347,0.4395035207271576,-0.9233506917953491,0.4599282145500183,0.43786194920539856,-0.923311710357666,0.48014599084854126,0.43730729818344116,-0.92352294921875,0.38340315222740173,0.44585785269737244,-0.9003363847732544,0.3687232434749603,0.44807183742523193,-0.8991745710372925,0.3560106158256531,0.4505232572555542,-0.8992188572883606,0.5173829793930054,0.4649146497249603,-0.5732326507568359,0.3508242070674896,0.48133325576782227,-0.4411732256412506,0.44982200860977173,0.5797576308250427,-0.8365381360054016,0.37853214144706726,0.5870240330696106,-0.7990199327468872,0.7171286344528198,0.7977914810180664,-0.36471715569496155,0.23989436030387878,0.8453330397605896,-0.2698349356651306,0.8713865280151367,1.0762676000595093,-0.43162769079208374,0.12845800817012787,1.2623752355575562,-0.6201907992362976,0.9289340972900391,1.522404432296753,-0.7643753886222839,0.20335082709789276,1.3130924701690674,-1.5378730297088623,0.9734538197517395,1.6312997341156006,-0.8906696438789368,0.20882925391197205,1.3623846769332886,-1.7187532186508179,0.9089881777763367,1.6317946910858154,-0.9435078501701355,0.24631604552268982,1.3163477182388306,-1.7421057224273682,0.881653904914856,1.5973974466323853,-0.8058067560195923,0.26545247435569763,1.3034477233886719,-1.571704626083374,0.6621814966201782,1.6094326972961426,-0.08412457257509232,0.3552144169807434,1.6219333410263062,0.09066736698150635,0.6574138402938843,2.278062343597412,-0.08984202891588211,0.3498179614543915,2.2862801551818848,0.2345786988735199,0.659148633480072,2.870593786239624,0.5922131538391113,0.363811731338501,2.8711955547332764,0.7890835404396057,0.6715912818908691,2.963886022567749,0.6200957298278809,0.3630538284778595,2.9618847370147705,0.8264275789260864,0.6047564148902893,3.0572409629821777,-0.0383761003613472,0.3960825204849243,3.0660390853881836,0.14755386114120483,good
0.6378288269042969,0.4960893392562866,-0.7398699522018433,0.6236377358436584,0.43115392327308655,-0.6683210134506226,0.622914731502533,0.431065171957016,-0.6683267951011658,0.6215630173683167,0.4312109053134918,-0.6684271097183228,0.6092177629470825,0.42790478467941284,-0.7730405926704407,0.5966341495513916,0.4256666600704193,-0.7729066014289856,0.5824676156044006,0.4240075945854187,-0.7736693620681763,0.5512449145317078,0.45191267132759094,-0.29033416509628296,0.500757098197937,0.4487930238246918,-0.7564350962638855,0.6196374893188477,0.5633912682533264,-0.5968822240829468,0.5989382863044739,0.5621302127838135,-0.7313101291656494,0.6747976541519165,0.8146992921829224,-0.03155035525560379,0.22760069370269775,0.7995787262916565,-0.7295457720756531,0.8458518981933594,1.1786383390426636,0.032387010753154755,0.07521373778581619,1.1872496604919434,-0.9627310037612915,0.8940364122390747,1.4668431282043457,-0.32807907462120056,0.10634078085422516,1.6169546842575073,-1.3452986478805542,0.9388540387153625,1.561061143875122,-0.4030008912086487,0.085832878947258,1.749930500984192,-1.4730885028839111,0.903978168964386,1.5607011318206787,-0.49112406373023987,0.13762927055358887,1.7456732988357544,-1.5499987602233887,0.8736200332641602,1.5438600778579712,-0.3886707127094269,0.14996570348739624,1.7022154331207275,-1.3931729793548584,0.5965434312820435,1.686623454093933,0.1204761266708374,0.2990065813064575,1.700585961341858,-0.1149747222661972,0.6005743741989136,2.3750650882720947,-0.0010549216531217098,0.32850009202957153,2.381669282913208,-0.3236510157585144,0.5951715707778931,3.0601954460144043,0.5040115118026733,0.3096219301223755,3.0626449584960938,-0.008227357640862465,0.5817430019378662,3.165438652038574,0.5186835527420044,0.27515870332717896,3.177048921585083,-0.005143708549439907,0.6385478973388672,3.234248161315918,-0.023718860000371933,0.4169420599937439,3.2255234718322754,-0.7029869556427002,good
0.49403518438339233,0.5060243606567383,-1.059804081916809,0.5167878866195679,0.44292232394218445,-0.9772757291793823,0.5326157808303833,0.44677701592445374,-0.9774986505508423,0.5480271577835083,0.45035821199417114,-0.9777693748474121,0.4692826271057129,0.4347568154335022,-1.0047457218170166,0.44840067625045776,0.4338264763355255,-1.0041873455047607,0.42844611406326294,0.4338511824607849,-1.0047247409820557,0.5617717504501343,0.4826619029045105,-0.5236643552780151,0.383193701505661,0.46911218762397766,-0.6061685681343079,0.5150211453437805,0.5783708691596985,-0.8804041147232056,0.45436936616897583,0.573201060295105,-0.911401093006134,0.6918075680732727,0.8509063720703125,-0.2505936026573181,0.22722570598125458,0.8332880139350891,-0.4616747796535492,0.7832465171813965,1.2546846866607666,-0.26347678899765015,0.16448591649532318,1.3044930696487427,-0.6372714042663574,0.7901551127433777,1.5772639513015747,-0.7696983218193054,0.16292349994182587,1.5923936367034912,-1.4411283731460571,0.818333625793457,1.6967195272445679,-0.9084613919258118,0.13269607722759247,1.7048064470291138,-1.6381696462631226,0.7738317251205444,1.6940219402313232,-0.99498450756073,0.17897926270961761,1.697957992553711,-1.7272655963897705,0.7515689730644226,1.6477280855178833,-0.8312149047851562,0.20138518512248993,1.650526762008667,-1.5048964023590088,0.6081783175468445,1.656862497329712,-0.019296899437904358,0.3041370213031769,1.6589181423187256,0.024524416774511337,0.5981840491294861,2.3167381286621094,0.03263568878173828,0.3134338855743408,2.321202278137207,0.0377689003944397,0.5983392596244812,2.913409471511841,0.7201657891273499,0.32258468866348267,2.906402111053467,0.5255829095840454,0.6018449068069458,3.0137431621551514,0.7520001530647278,0.3172198235988617,3.0061488151550293,0.5508831143379211,0.5602997541427612,3.0969433784484863,0.13491059839725494,0.36752310395240784,3.0804009437561035,-0.13301172852516174,good
0.5797849893569946,0.5088732838630676,-0.6866028308868408,0.5737167596817017,0.44531428813934326,-0.6194198131561279,0.5768996477127075,0.44816166162490845,-0.6193156242370605,0.57966148853302,0.4505906403064728,-0.6194148063659668,0.5456925630569458,0.43783697485923767,-0.6955703496932983,0.5298014283180237,0.4363822340965271,-0.6954573392868042,0.509383499622345,0.43532949686050415,-0.695999026298523,0.5389428734779358,0.47553688287734985,-0.2593081593513489,0.43025174736976624,0.46369504928588867,-0.6041514873504639,0.5716134309768677,0.5754509568214417,-0.551395833492279,0.5375747680664062,0.5740220546722412,-0.6478908061981201,0.6669126749038696,0.8462339639663696,-0.023880694061517715,0.21655428409576416,0.8495989441871643,-0.5920847654342651,0.7356947064399719,1.242311954498291,0.09496502578258514,0.15487489104270935,1.305553913116455,-0.7213829755783081,0.7709646821022034,1.5723754167556763,-0.17511016130447388,0.19583335518836975,1.6149704456329346,-1.095503330230713,0.8096820116043091,1.6788461208343506,-0.23273161053657532,0.17938384413719177,1.7269492149353027,-1.2150704860687256,0.7848382592201233,1.684211015701294,-0.31267625093460083,0.2185017168521881,1.7167644500732422,-1.2838457822799683,0.7570239305496216,1.6508009433746338,-0.22672291100025177,0.2316175401210785,1.6714476346969604,-1.1368050575256348,0.5960081815719604,1.652296781539917,0.07095914334058762,0.3061886429786682,1.6771231889724731,-0.06707771122455597,0.5887749791145325,2.3065378665924072,0.05616389960050583,0.3228275179862976,2.3377346992492676,-0.13338923454284668,0.601017951965332,2.9334867000579834,0.6115980744361877,0.34364354610443115,2.9451489448547363,0.21525339782238007,0.5921787619590759,3.0334484577178955,0.631782054901123,0.3223627209663391,3.043412923812866,0.2266344279050827,0.6384504437446594,3.098729372024536,0.12871186435222626,0.4397270679473877,3.1001136302948,-0.3832181692123413,good
0.616507887840271,0.5162716507911682,-0.47955018281936646,0.6046980619430542,0.4583286643028259,-0.42807140946388245,0.6044162511825562,0.4585458040237427,-0.4278644919395447,0.6036154627799988,0.4588214159011841,-0.42785364389419556,0.5868339538574219,0.45754364132881165,-0.5210350751876831,0.5737873911857605,0.456549733877182,-0.520923912525177,0.5585435628890991,0.4559844434261322,-0.5214717984199524,0.5341068506240845,0.47521647810935974,-0.16090311110019684,0.473675400018692,0.4756651818752289,-0.5971299409866333,0.5986506938934326,0.5754708647727966,-0.3790720999240875,0.577593207359314,0.5760209560394287,-0.4992113709449768,0.6118559241294861,0.8231081366539001,0.037889666855335236,0.23970262706279755,0.8304576277732849,-0.6499245762825012,0.7042264938354492,1.2010987997055054,0.2151126116514206,0.22646677494049072,1.3074299097061157,-0.6667484045028687,0.7629315257072449,1.509769082069397,0.10981796681880951,0.2694970369338989,1.6399928331375122,-0.7626342177391052,0.8063255548477173,1.6069657802581787,0.07076555490493774,0.24948957562446594,1.7635512351989746,-0.8277928233146667,0.7803750038146973,1.6200042963027954,0.0037917685694992542,0.2880287170410156,1.762880563735962,-0.925312340259552,0.7501610517501831,1.5931241512298584,0.06525660306215286,0.29867082834243774,1.7152512073516846,-0.805867075920105,0.5680468678474426,1.6052067279815674,0.1241200715303421,0.308645635843277,1.635915994644165,-0.1203114241361618,0.5745956301689148,2.209397792816162,0.10363663733005524,0.34985917806625366,2.2509522438049316,-0.1679815649986267,0.5839711427688599,2.812335729598999,0.5368257164955139,0.3514537215232849,2.832244873046875,0.12199966609477997,0.5661548376083374,2.913048267364502,0.5482262372970581,0.3142715394496918,2.9338459968566895,0.12812383472919464,0.6601466536521912,2.966707468032837,0.15625324845314026,0.4819413125514984,2.964995861053467,-0.4252850115299225,good
0.5319448709487915,0.498313307762146,-1.1015069484710693,0.5556685924530029,0.43901556730270386,-1.0308877229690552,0.5705528259277344,0.44199466705322266,-1.031189203262329,0.5866467356681824,0.4451872706413269,-1.0312814712524414,0.506144642829895,0.4344061315059662,-1.0342546701431274,0.4881162643432617,0.43519967794418335,-1.0337518453598022,0.47090038657188416,0.43712669610977173,-1.0341371297836304,0.6097275018692017,0.4771009683609009,-0.5909019708633423,0.4370417594909668,0.4758926331996918,-0.5913119316101074,0.5611655116081238,0.5658857822418213,-0.9375258684158325,0.499856173992157,0.5635635852813721,-0.9391447901725769,0.7440282106399536,0.8336537480354309,-0.34714919328689575,0.30831509828567505,0.8190990090370178,-0.39665985107421875,0.8565762639045715,1.2117656469345093,-0.4624288082122803,0.2495042383670807,1.25423264503479,-0.6415750980377197,0.8464820981025696,1.5140634775161743,-0.9809156656265259,0.2586057186126709,1.4566822052001953,-1.530031442642212,0.8688552975654602,1.6249643564224243,-1.137852430343628,0.24441036581993103,1.5383546352386475,-1.7397143840789795,0.8152515292167664,1.6187865734100342,-1.2062554359436035,0.2784444987773895,1.503272294998169,-1.8135383129119873,0.7969397306442261,1.5744359493255615,-1.0327253341674805,0.2941546142101288,1.470214605331421,-1.5913524627685547,0.6751623153686523,1.5751935243606567,-0.04520873725414276,0.384996235370636,1.5754292011260986,0.05041772127151489,0.6632393002510071,2.187089681625366,-0.02581864967942238,0.39377954602241516,2.190289258956909,-0.04172636568546295,0.6643496751785278,2.7392725944519043,0.577837347984314,0.3991187512874603,2.738673686981201,0.3724736273288727,0.6720114350318909,2.831578016281128,0.5992680191993713,0.3967587947845459,2.831904172897339,0.3904350996017456,0.6160533428192139,2.914605140686035,-0.03138286620378494,0.43465906381607056,2.906219959259033,-0.2824944853782654,good
0.35829639434814453,0.561301589012146,-0.35043150186538696,0.38375797867774963,0.5056836009025574,-0.42356640100479126,0.39416074752807617,0.5033495426177979,-0.42390623688697815,0.4052984118461609,0.5008909702301025,-0.42435652017593384,0.37110501527786255,0.506367027759552,-0.29238253831863403,0.3719051480293274,0.5039781928062439,-0.2917698919773102,0.3727368712425232,0.5012525916099548,-0.29224449396133423,0.4801153540611267,0.5085985064506531,-0.5671349763870239,0.4417760372161865,0.5107323527336121,0.050141699612140656,0.39445382356643677,0.6056291460990906,-0.39185094833374023,0.3768467605113983,0.6053759455680847,-0.21287615597248077,0.7273098230361938,0.7810989022254944,-0.7016993165016174,0.44670048356056213,0.8220147490501404,0.2769715487957001,0.8929986953735352,1.171649694442749,-0.8252571821212769,0.4703390598297119,1.2403627634048462,0.4401419758796692,0.8702055215835571,1.5514500141143799,-0.6802748441696167,0.41345149278640747,1.4859551191329956,0.015973074361681938,0.8950490951538086,1.6681125164031982,-0.7693420052528381,0.3805772066116333,1.5678046941757202,-0.028534162789583206,0.842982292175293,1.6769428253173828,-0.7558239698410034,0.39074262976646423,1.5619019269943237,-0.15587231516838074,0.829485297203064,1.6374703645706177,-0.6764189004898071,0.4095913767814636,1.528232216835022,-0.0621299222111702,0.7157799601554871,1.5871998071670532,-0.29880017042160034,0.48730263113975525,1.5830442905426025,0.3039639890193939,0.7050744295120239,2.21905255317688,-0.40794897079467773,0.4721151888370514,2.1816508769989014,0.29319265484809875,0.7240066528320312,2.801546335220337,0.013481484726071358,0.47680288553237915,2.7442290782928467,0.46986275911331177,0.7521634697914124,2.897228717803955,0.02428586408495903,0.48506683111190796,2.832455635070801,0.4738484025001526,0.6319428086280823,2.929399251937866,-0.4887995719909668,0.4366193413734436,2.8992912769317627,0.01535575371235609,good
0.49111422896385193,0.3180268704891205,-0.8726109266281128,0.5213227868080139,0.2529661953449249,-0.8086651563644409,0.5384407043457031,0.2567089796066284,-0.8084903955459595,0.5556895136833191,0.2606479227542877,-0.8087306022644043,0.469005286693573,0.24672137200832367,-0.8176212310791016,0.4481220245361328,0.2472059279680252,-0.8168635368347168,0.4280514121055603,0.2516324818134308,-0.8171717524528503,0.573212206363678,0.2919892966747284,-0.4239199757575989,0.3861566185951233,0.2894945740699768,-0.4527692198753357,0.5140529870986938,0.3945544362068176,-0.7326278686523438,0.44789066910743713,0.3851141631603241,-0.7391091585159302,0.7032092809677124,0.6584117412567139,-0.2264144867658615,0.248477503657341,0.6419881582260132,-0.3809014558792114,0.8086556196212769,1.0310930013656616,-0.17859667539596558,0.203883096575737,1.0400526523590088,-0.2901403307914734,0.8880942463874817,1.450055718421936,-0.508916437625885,0.18800830841064453,1.4941784143447876,-0.6688298583030701,0.9347577095031738,1.5701404809951782,-0.607329249382019,0.15195085108280182,1.611470103263855,-0.7805242538452148,0.882621169090271,1.5690090656280518,-0.6834508776664734,0.23098187148571014,1.6196799278259277,-0.8893939852714539,0.8545719981193542,1.527158498764038,-0.5602210760116577,0.23058700561523438,1.5726531744003296,-0.7297702431678772,0.6534876227378845,1.5157254934310913,-0.040780432522296906,0.33355504274368286,1.520932674407959,0.044734738767147064,0.6397172212600708,2.235381603240967,-0.02715248428285122,0.341915100812912,2.2307305335998535,0.030414044857025146,0.638973593711853,2.877896547317505,0.6039284467697144,0.35215505957603455,2.866401195526123,0.4152573049068451,0.6467615365982056,2.9843392372131348,0.6301944851875305,0.3465248942375183,2.962127447128296,0.43468737602233887,0.5950937867164612,3.072082042694092,0.04564044624567032,0.398434579372406,3.0551083087921143,-0.22712743282318115,good
0.5273873209953308,0.30315497517585754,-0.8549992442131042,0.553144633769989,0.2413848340511322,-0.782678484916687,0.5702117681503296,0.24510875344276428,-0.7826017141342163,0.5859766006469727,0.24842451512813568,-0.7830246686935425,0.49784916639328003,0.2305166870355606,-0.8259398341178894,0.47423067688941956,0.22881770133972168,-0.8255007863044739,0.4500489830970764,0.22914932668209076,-0.8258428573608398,0.5890810489654541,0.2784278988838196,-0.3795854151248932,0.394631564617157,0.2606833279132843,-0.5685310363769531,0.5452637076377869,0.37650126218795776,-0.7063880562782288,0.4803904891014099,0.36820027232170105,-0.758179783821106,0.6947356462478638,0.6617671847343445,-0.15154683589935303,0.22336605191230774,0.6464766263961792,-0.5201550722122192,0.7752265334129333,1.0615313053131104,-0.06629354506731033,0.19433508813381195,1.0897670984268188,-0.4835914075374603,0.8291635513305664,1.4989513158798218,-0.3887978196144104,0.2054125964641571,1.5325127840042114,-0.8039445877075195,0.8690910339355469,1.6191887855529785,-0.48352256417274475,0.18000993132591248,1.6517685651779175,-0.9057937860488892,0.8228462338447571,1.6258562803268433,-0.5617718696594238,0.22522827982902527,1.6580264568328857,-1.0050193071365356,0.7968343496322632,1.5809389352798462,-0.44026631116867065,0.2426873743534088,1.60783052444458,-0.8542541265487671,0.6298790574073792,1.537224292755127,0.021305328235030174,0.3205897808074951,1.5462597608566284,-0.016950000077486038,0.6135859489440918,2.2413172721862793,0.04649968445301056,0.323166161775589,2.250826120376587,-0.002382672857493162,0.6101220846176147,2.877333402633667,0.6956391334533691,0.3241596221923828,2.871157169342041,0.39746829867362976,0.6113985776901245,2.9778409004211426,0.7263084650039673,0.3115946352481842,2.9739136695861816,0.4183797240257263,0.5851700305938721,3.0770771503448486,0.18801161646842957,0.3762708604335785,3.058786630630493,-0.19978828728199005,good
0.5580533742904663,0.30961766839027405,-0.656385600566864,0.5711436867713928,0.24582858383655548,-0.5882286429405212,0.5846561789512634,0.2496815174818039,-0.5879285335540771,0.5966227650642395,0.2529618442058563,-0.5883936285972595,0.5222522020339966,0.23592673242092133,-0.6440047025680542,0.4997127950191498,0.23451919853687286,-0.6436083316802979,0.4729018807411194,0.2353670448064804,-0.6438974738121033,0.5834823846817017,0.2824423909187317,-0.23014092445373535,0.4043942093849182,0.27155977487564087,-0.47371047735214233,0.5695137977600098,0.38135820627212524,-0.5256897807121277,0.5140596032142639,0.3781895935535431,-0.5932472944259644,0.6706082820892334,0.6619771122932434,-0.04352041706442833,0.22474172711372375,0.6549556255340576,-0.49332481622695923,0.7531394958496094,1.0799764394760132,0.10176340490579605,0.21717290580272675,1.1062785387039185,-0.48201242089271545,0.7884562015533447,1.5090948343276978,-0.07212651520967484,0.23237232863903046,1.576595664024353,-0.707625150680542,0.8588099479675293,1.6524467468261719,-0.13788016140460968,0.20272603631019592,1.6988199949264526,-0.795091450214386,0.8174010515213013,1.665982723236084,-0.21268680691719055,0.24781768023967743,1.7044410705566406,-0.8912215232849121,0.7905398607254028,1.6226664781570435,-0.11832563579082489,0.26612725853919983,1.653375267982483,-0.753675103187561,0.6185270547866821,1.5236549377441406,0.05696446821093559,0.32780128717422485,1.5499510765075684,-0.05322753265500069,0.6143261194229126,2.2339956760406494,0.07707056403160095,0.3441173732280731,2.2540318965911865,-0.05417796969413757,0.5974506139755249,2.876594066619873,0.6371224522590637,0.33271315693855286,2.8845415115356445,0.2771264910697937,0.5879844427108765,2.977684497833252,0.6583983302116394,0.3079461455345154,2.990771532058716,0.2876175343990326,0.6176211833953857,3.0570671558380127,0.17738980054855347,0.4133177697658539,3.057626247406006,-0.32649776339530945,good
0.5566430687904358,0.2979111671447754,-0.5966315865516663,0.5641327500343323,0.23666468262672424,-0.5316389799118042,0.5737804174423218,0.24034860730171204,-0.5312813520431519,0.5819733738899231,0.24364744126796722,-0.5316712856292725,0.5225900411605835,0.22669921815395355,-0.5987547039985657,0.5013874173164368,0.2241532802581787,-0.5983157157897949,0.478088915348053,0.22190451622009277,-0.5986183881759644,0.5496025085449219,0.26997995376586914,-0.18148872256278992,0.4035114347934723,0.24608777463436127,-0.4881976544857025,0.5603119134902954,0.3678770065307617,-0.4688938558101654,0.5122343301773071,0.3643377423286438,-0.5516146421432495,0.636980414390564,0.6515145897865295,-0.007179224397987127,0.1969490349292755,0.6399441957473755,-0.5215373039245605,0.7269018888473511,1.061523199081421,0.14681565761566162,0.18725064396858215,1.0976330041885376,-0.5087822675704956,0.8172507286071777,1.494909644126892,-0.0378260537981987,0.20909881591796875,1.575714111328125,-0.7347959280014038,0.8645415306091309,1.6149085760116577,-0.10316982120275497,0.1785258948802948,1.7037787437438965,-0.8201419115066528,0.8236684799194336,1.6298232078552246,-0.18068121373653412,0.22201988101005554,1.7090907096862793,-0.918293297290802,0.7958882451057434,1.5918773412704468,-0.08539404720067978,0.23963995277881622,1.657818078994751,-0.782565712928772,0.5895035862922668,1.5360047817230225,0.07723373919725418,0.29829007387161255,1.5654222965240479,-0.07345567643642426,0.5958939790725708,2.2435150146484375,0.10557208955287933,0.32430580258369446,2.2767534255981445,-0.056519269943237305,0.5920096635818481,2.905421733856201,0.6958251595497131,0.3216305077075958,2.920161485671997,0.3310641944408417,0.5809749364852905,3.0098447799682617,0.7204217910766602,0.29991570115089417,3.0278100967407227,0.347555011510849,0.6206996440887451,3.082895040512085,0.23293904960155487,0.3983231484889984,3.087547779083252,-0.27247166633605957,good
0.5648974180221558,0.30239540338516235,-0.49108070135116577,0.5636435151100159,0.24343368411064148,-0.4295624792575836,0.5686082243919373,0.24604283273220062,-0.4291306436061859,0.5730471611022949,0.24836324155330658,-0.4295288026332855,0.5312531590461731,0.23656296730041504,-0.5190300345420837,0.5128070712089539,0.23508377373218536,-0.5186924934387207,0.49104127287864685,0.23340395092964172,-0.5190610885620117,0.52577805519104,0.27258044481277466,-0.11987444013357162,0.41226521134376526,0.256399929523468,-0.5062194466590881,0.5622605085372925,0.3693549931049347,-0.3775854706764221,0.5236592888832092,0.3662167191505432,-0.48819631338119507,0.6093176007270813,0.6618098020553589,0.04454069212079048,0.20283806324005127,0.6415449976921082,-0.5730825066566467,0.701499342918396,1.0578008890151978,0.2664697468280792,0.19868028163909912,1.0951366424560547,-0.5873595476150513,0.7799283266067505,1.4691104888916016,0.1523417979478836,0.22949393093585968,1.5833133459091187,-0.6885480284690857,0.830963134765625,1.585303544998169,0.11434243619441986,0.19913136959075928,1.7133859395980835,-0.7416239976882935,0.7931191325187683,1.6049023866653442,0.03793603926897049,0.240329772233963,1.7211261987686157,-0.8475384712219238,0.7648949027061462,1.5696423053741455,0.1072208434343338,0.2570999562740326,1.6705461740493774,-0.7330929636955261,0.5731342434883118,1.5263208150863647,0.09275265783071518,0.29258987307548523,1.5725713968276978,-0.08942931890487671,0.5838124752044678,2.221360445022583,0.13647381961345673,0.3244825601577759,2.2574005126953125,-0.05130971223115921,0.5835949778556824,2.874675750732422,0.7233830690383911,0.3236521780490875,2.8990814685821533,0.33821746706962585,0.571701169013977,2.9758644104003906,0.7456241846084595,0.29637572169303894,3.0043654441833496,0.353781521320343,0.6278256177902222,3.047276496887207,0.2819885313510895,0.41665729880332947,3.064262866973877,-0.2587662935256958,good
0.5732648372650146,0.30119362473487854,-0.47284141182899475,0.5557821989059448,0.2302197962999344,-0.4133962094783783,0.5544515252113342,0.22882485389709473,-0.4133616089820862,0.5525416731834412,0.22764736413955688,-0.41350308060646057,0.5402467250823975,0.23098966479301453,-0.5501489043235779,0.5280095338821411,0.22938011586666107,-0.5497134327888489,0.5134361982345581,0.2273266762495041,-0.5502763986587524,0.46581482887268066,0.24581411480903625,-0.09521855413913727,0.42530521750450134,0.24549905955791473,-0.676751434803009,0.552919864654541,0.3708597421646118,-0.34980952739715576,0.5345096588134766,0.36880195140838623,-0.5239330530166626,0.50468909740448,0.6647357940673828,0.19748720526695251,0.2036561518907547,0.6868070960044861,-0.8441985845565796,0.6097328662872314,1.1057813167572021,0.32202938199043274,0.20784449577331543,1.300121784210205,-0.8800460696220398,0.701602578163147,1.5325146913528442,0.16312548518180847,0.2876659035682678,1.6882643699645996,-0.9245497584342957,0.7765599489212036,1.6525129079818726,0.11297347396612167,0.2799179255962372,1.8254241943359375,-1.0142914056777954,0.744099497795105,1.6697022914886475,0.028631633147597313,0.32373201847076416,1.8148822784423828,-1.1188504695892334,0.7101969718933105,1.6363073587417603,0.10506071895360947,0.3260357975959778,1.7637906074523926,-0.970443606376648,0.5148962736129761,1.5961683988571167,0.23920515179634094,0.24026067554950714,1.6402827501296997,-0.23425033688545227,0.5542763471603394,2.289047956466675,0.1903245449066162,0.31349533796310425,2.3549466133117676,-0.26193860173225403,0.5573328137397766,2.967806577682495,0.6715275049209595,0.30284708738327026,3.03663969039917,0.06951789557933807,0.5336533188819885,3.0842082500457764,0.6842066049575806,0.2510664463043213,3.1604127883911133,0.07221768796443939,0.6623058319091797,3.158587694168091,0.24621880054473877,0.46691030263900757,3.195686101913452,-0.5763043761253357,good
0.4866536557674408,0.2922729253768921,-0.5143415331840515,0.4850104749202728,0.2287440001964569,-0.452411413192749,0.48963552713394165,0.23076875507831573,-0.45209479331970215,0.4932824969291687,0.2325877696275711,-0.4521891176700592,0.451246976852417,0.22163815796375275,-0.5283050537109375,0.43227481842041016,0.2191571295261383,-0.527787983417511,0.41008859872817993,0.21705995500087738,-0.5281611680984497,0.4400557577610016,0.2560935616493225,-0.11883406341075897,0.3273741900920868,0.24355624616146088,-0.4677138328552246,0.48022499680519104,0.3618449866771698,-0.39240995049476624,0.4389891028404236,0.36065664887428284,-0.4862608015537262,0.5423550009727478,0.643937885761261,0.06774193793535233,0.13347944617271423,0.6351548433303833,-0.5444875359535217,0.6774119734764099,1.0178556442260742,0.2713962197303772,0.08847624808549881,1.1116657257080078,-0.5723778009414673,0.8429562449455261,1.4242637157440186,0.1377527266740799,0.1252068430185318,1.625672698020935,-0.7315192222595215,0.8974571228027344,1.5159333944320679,0.08840735256671906,0.09399271756410599,1.7643224000930786,-0.807019054889679,0.8552395105361938,1.5382634401321411,-0.005641460884362459,0.13941942155361176,1.778598666191101,-0.9174628257751465,0.8237577676773071,1.5140595436096191,0.0817548930644989,0.15750955045223236,1.730087399482727,-0.7841244339942932,0.5158456563949585,1.565043568611145,0.09587165713310242,0.2255229949951172,1.5997434854507446,-0.09143523126840591,0.5512171983718872,2.3399147987365723,0.06342092901468277,0.27113068103790283,2.382941722869873,-0.13805101811885834,0.5760971307754517,3.0673136711120605,0.5738370418548584,0.2894764542579651,3.109145402908325,0.1283188760280609,0.5641055703163147,3.180879831314087,0.587680995464325,0.258863627910614,3.231436252593994,0.13176856935024261,0.6327338814735413,3.244744300842285,0.06760340929031372,0.39984604716300964,3.271876096725464,-0.5396500825881958,good
0.44405728578567505,0.32779768109321594,-0.7748773097991943,0.4665578007698059,0.2684902548789978,-0.7139858603477478,0.48151350021362305,0.2717556059360504,-0.7139883637428284,0.4961472451686859,0.27564939856529236,-0.7144059538841248,0.4206082224845886,0.261767715215683,-0.7201092839241028,0.40116047859191895,0.26092880964279175,-0.7195491194725037,0.38188573718070984,0.26090243458747864,-0.719910740852356,0.5105575323104858,0.30790960788726807,-0.3596138656139374,0.344647079706192,0.296312540769577,-0.3752683699131012,0.4670022428035736,0.3984631299972534,-0.6465615034103394,0.4042224884033203,0.38927921652793884,-0.6486778259277344,0.645047664642334,0.6702364087104797,-0.22050777077674866,0.2105792760848999,0.6378395557403564,-0.33266231417655945,0.744979739189148,1.0408354997634888,-0.18253852427005768,0.1836908757686615,1.0325274467468262,-0.470501571893692,0.8152180910110474,1.438390851020813,-0.4471948742866516,0.1656114161014557,1.4411733150482178,-0.9720160365104675,0.8538800477981567,1.5499836206436157,-0.5340683460235596,0.12909141182899475,1.5499533414840698,-1.099118709564209,0.8107091784477234,1.5573174953460693,-0.6002016663551331,0.17137029767036438,1.553864598274231,-1.2008212804794312,0.7846342325210571,1.5161112546920776,-0.49223142862319946,0.19310782849788666,1.5110608339309692,-1.0327506065368652,0.5876888036727905,1.5146851539611816,-0.045557353645563126,0.28914371132850647,1.5120211839675903,0.05014821141958237,0.578652024269104,2.199094295501709,-0.018834201619029045,0.3014889657497406,2.199195623397827,0.07367918640375137,0.5817681550979614,2.819038152694702,0.590837836265564,0.3118646740913391,2.809774875640869,0.4490911066532135,0.5879326462745667,2.916161060333252,0.6173620223999023,0.30497804284095764,2.9061384201049805,0.47000235319137573,0.5348715782165527,3.0058395862579346,0.05734557658433914,0.3513147234916687,2.9977500438690186,-0.1453734189271927,good
0.4440801739692688,0.33922308683395386,-0.8363507986068726,0.47703248262405396,0.28149402141571045,-0.7972177267074585,0.49437254667282104,0.2836398184299469,-0.7969295978546143,0.5094040036201477,0.2868972420692444,-0.7970446348190308,0.4235137403011322,0.2831273078918457,-0.7796351909637451,0.40644317865371704,0.2851027548313141,-0.7789351940155029,0.39091604948043823,0.28786277770996094,-0.7792782187461853,0.5357790589332581,0.3263634145259857,-0.5053749680519104,0.3767290711402893,0.32527878880500793,-0.40112313628196716,0.482259601354599,0.4029337763786316,-0.7268902063369751,0.4122142195701599,0.402757853269577,-0.6982739567756653,0.6880522966384888,0.689747154712677,-0.3369375169277191,0.2687807083129883,0.6677167415618896,-0.3066769242286682,0.7810956239700317,1.0543090105056763,-0.3038524091243744,0.22522656619548798,1.0220599174499512,-0.2953284978866577,0.8299580812454224,1.4728693962097168,-0.6218408346176147,0.20093603432178497,1.4179338216781616,-0.7312365770339966,0.8626435399055481,1.59201180934906,-0.7107247114181519,0.16708235442638397,1.5307904481887817,-0.8358219265937805,0.8149588704109192,1.5972729921340942,-0.7498584389686584,0.21077153086662292,1.5409409999847412,-0.9311537742614746,0.7936631441116333,1.5478546619415283,-0.653168797492981,0.23158545792102814,1.4957654476165771,-0.7914111614227295,0.6383830904960632,1.4946322441101074,-0.08047254383563995,0.3483286499977112,1.4881337881088257,0.08543195575475693,0.6242877840995789,2.150115966796875,-0.044458694756031036,0.3490786850452423,2.1399128437042236,0.10904891788959503,0.6147122979164124,2.740353584289551,0.5475407838821411,0.3529634475708008,2.724231004714966,0.4758524000644684,0.6241873502731323,2.8346853256225586,0.5742028951644897,0.35080501437187195,2.8195483684539795,0.49355143308639526,0.5566381812095642,2.9237825870513916,0.02356431633234024,0.38014793395996094,2.9043736457824707,-0.10521767288446426,good
0.4192836284637451,0.3694893419742584,-0.48753705620765686,0.44873175024986267,0.3059729337692261,-0.5664284229278564,0.46043601632118225,0.30421704053878784,-0.5670823454856873,0.4724065661430359,0.302840918302536,-0.5673233270645142,0.43485409021377563,0.3038035035133362,-0.42009344696998596,0.43626636266708374,0.3001163899898529,-0.42009034752845764,0.4383001923561096,0.29664167761802673,-0.42085695266723633,0.5473830699920654,0.32037341594696045,-0.697642982006073,0.5023136138916016,0.31448355317115784,-0.02043849602341652,0.46220794320106506,0.424780935049057,-0.5176389813423157,0.4394400715827942,0.422203004360199,-0.3231526017189026,0.7632881999015808,0.6352388262748718,-0.8716923594474792,0.5450383424758911,0.6437151432037354,0.3501453101634979,0.9913216829299927,0.9903743863105774,-1.0970312356948853,0.6054258942604065,1.054652452468872,0.5738743543624878,0.9684848785400391,1.4812724590301514,-1.1175742149353027,0.5459831357002258,1.3161576986312866,0.14507465064525604,0.9845238924026489,1.5984444618225098,-1.253914475440979,0.5168367028236389,1.4129638671875,0.14315620064735413,0.9264495968818665,1.5986396074295044,-1.2133398056030273,0.5144914984703064,1.4081895351409912,-0.006132045760750771,0.9191790819168091,1.5530840158462524,-1.1088755130767822,0.5283665657043457,1.3702946901321411,0.06303641200065613,0.7931497693061829,1.549515962600708,-0.38015323877334595,0.5754131078720093,1.5329781770706177,0.38479238748550415,0.766957700252533,2.2488179206848145,-0.43812865018844604,0.5311816334724426,2.195948839187622,0.42694973945617676,0.7630656957626343,2.896090507507324,0.15854600071907043,0.5252981185913086,2.8272082805633545,0.7585182189941406,0.7959976196289062,2.9923486709594727,0.18123528361320496,0.5360479950904846,2.9179136753082275,0.7726924419403076,0.6580981016159058,3.0464394092559814,-0.3589174449443817,0.47126874327659607,3.0075180530548096,0.2559579014778137,good
0.4554320275783539,0.3860299289226532,-0.2560904622077942,0.47407692670822144,0.3190482556819916,-0.34512799978256226,0.4813169836997986,0.31562909483909607,-0.3454008102416992,0.48902469873428345,0.3130141794681549,-0.3454687297344208,0.4746902585029602,0.3187362551689148,-0.19507277011871338,0.4813285768032074,0.31508034467697144,-0.19493475556373596,0.4878791868686676,0.31203463673591614,-0.1954527199268341,0.5614230632781982,0.32286208868026733,-0.5829934477806091,0.5578058362007141,0.32291948795318604,0.09412430226802826,0.49831563234329224,0.43913039565086365,-0.3335120975971222,0.49450263381004333,0.44041678309440613,-0.1372009664773941,0.7928284406661987,0.6252700686454773,-0.7669792175292969,0.6647007465362549,0.6496655344963074,0.38182228803634644,1.0617306232452393,1.060935378074646,-0.9173205494880676,0.7828120589256287,1.113400936126709,0.5412932634353638,1.0624545812606812,1.4281344413757324,-0.9453336000442505,0.7190350294113159,1.3733584880828857,0.2954995930194855,1.0954620838165283,1.5104361772537231,-1.0764496326446533,0.7032762169837952,1.4476505517959595,0.3028024733066559,1.0418987274169922,1.5000842809677124,-1.0298534631729126,0.686429500579834,1.4466546773910522,0.16840527951717377,1.0293551683425903,1.464465856552124,-0.9380324482917786,0.6901615858078003,1.4127695560455322,0.21715061366558075,0.8353995084762573,1.541420340538025,-0.37902721762657166,0.6715273261070251,1.519217610359192,0.3837934136390686,0.7327858209609985,2.057485818862915,-0.3652404546737671,0.5740332007408142,1.9994049072265625,0.423854261636734,0.7436937093734741,2.674801826477051,0.274767130613327,0.5407137870788574,2.6334216594696045,0.7957485914230347,0.7908212542533875,2.756300926208496,0.30748236179351807,0.5686777830123901,2.7281689643859863,0.8097907900810242,0.6257611513137817,2.875041961669922,-0.054902076721191406,0.41246986389160156,2.840233087539673,0.3741581439971924,good
0.43770089745521545,0.34018391370773315,-1.0710242986679077,0.46328219771385193,0.2734525501728058,-1.0025742053985596,0.4775133728981018,0.27573588490486145,-1.0026744604110718,0.4919254779815674,0.2773950695991516,-1.0029067993164062,0.4096977710723877,0.27034345269203186,-1.015283226966858,0.38836485147476196,0.2704537808895111,-1.0148422718048096,0.36851248145103455,0.27078306674957275,-1.0152552127838135,0.5090969204902649,0.3051430284976959,-0.5538660287857056,0.33478596806526184,0.30115363001823425,-0.597032368183136,0.4667620062828064,0.4086734354496002,-0.9029363393783569,0.39873769879341125,0.4046579599380493,-0.9143487215042114,0.6551325917243958,0.6728995442390442,-0.25397753715515137,0.19192513823509216,0.652936577796936,-0.44873324036598206,0.749388575553894,1.0485739707946777,-0.15651308000087738,0.12071670591831207,1.024159550666809,-0.46049222350120544,0.8137038350105286,1.4719181060791016,-0.5313132405281067,0.07946893572807312,1.4644910097122192,-0.9637896418571472,0.8493746519088745,1.5916332006454468,-0.6345662474632263,0.036942414939403534,1.5820214748382568,-1.1528834104537964,0.8072072267532349,1.5992200374603271,-0.7488490343093872,0.08627314120531082,1.5950673818588257,-1.306150197982788,0.7811781167984009,1.5525671243667603,-0.5995765924453735,0.11226580291986465,1.5480259656906128,-1.0828014612197876,0.5847004652023315,1.5185539722442627,-0.021661806851625443,0.2769851088523865,1.5207902193069458,0.026447173207998276,0.5698989033699036,2.198756456375122,0.01419354509562254,0.2791120707988739,2.203993320465088,0.06134091690182686,0.5627338886260986,2.8192455768585205,0.7190708518028259,0.28310707211494446,2.8114845752716064,0.5505234599113464,0.568239152431488,2.9192376136779785,0.7543538808822632,0.2800230383872986,2.9121689796447754,0.5779338479042053,0.5151257514953613,3.0110507011413574,0.14549794793128967,0.3209809958934784,2.9926741123199463,-0.10542809963226318,good
0.4568396508693695,0.3183193504810333,-0.8460351824760437,0.4858725666999817,0.24448959529399872,-0.789650022983551,0.5026724934577942,0.245880126953125,-0.789433479309082,0.5199779868125916,0.24774686992168427,-0.7896683216094971,0.42652902007102966,0.24076053500175476,-0.7919389009475708,0.40469279885292053,0.24013100564479828,-0.7911769151687622,0.3844216465950012,0.24078813195228577,-0.7913967370986938,0.5430268049240112,0.27740874886512756,-0.43141230940818787,0.3463132381439209,0.27361124753952026,-0.42441996932029724,0.488368421792984,0.3901149034500122,-0.7144604921340942,0.41550055146217346,0.3857949376106262,-0.7114053964614868,0.689225435256958,0.6620723009109497,-0.2702626883983612,0.2013683319091797,0.6605001091957092,-0.37423810362815857,0.7725310921669006,1.0516551733016968,-0.2641593813896179,0.1627371907234192,1.062456727027893,-0.4256432056427002,0.8188465237617493,1.4947959184646606,-0.5622132420539856,0.14896829426288605,1.5111193656921387,-0.9440017938613892,0.8531344532966614,1.621553897857666,-0.6657130718231201,0.10983671247959137,1.6348892450332642,-1.0773742198944092,0.7990933656692505,1.6239851713180542,-0.7295363545417786,0.1617053747177124,1.6405892372131348,-1.1651886701583862,0.7776134014129639,1.5736520290374756,-0.6067391633987427,0.18595924973487854,1.5891844034194946,-1.0023138523101807,0.6292663812637329,1.5448039770126343,-0.03807257488369942,0.3087212145328522,1.5493746995925903,0.04322562739253044,0.6160265207290649,2.2662436962127686,0.006333108991384506,0.31647735834121704,2.2690398693084717,0.06265000998973846,0.6186092495918274,2.916416645050049,0.665550708770752,0.3365062177181244,2.9077863693237305,0.48510265350341797,0.6275733709335327,3.019803285598755,0.6972687840461731,0.3335806727409363,3.010913848876953,0.5076423287391663,0.5689572095870972,3.1187002658843994,0.10599137842655182,0.38004010915756226,3.1019341945648193,-0.1497860848903656,good
0.47257480025291443,0.29549944400787354,-1.0900542736053467,0.49863213300704956,0.231734037399292,-1.0134440660476685,0.5169124007225037,0.23523326218128204,-1.0135164260864258,0.5334286689758301,0.23912279307842255,-1.0136833190917969,0.4438287317752838,0.22604793310165405,-1.0304336547851562,0.42107510566711426,0.22685009241104126,-1.0298755168914795,0.3996278643608093,0.22904838621616364,-1.0302561521530151,0.5531338453292847,0.2749711275100708,-0.5493009686470032,0.3547143340110779,0.2680422067642212,-0.6132937073707581,0.4988788664340973,0.37185606360435486,-0.9202271699905396,0.42889824509620667,0.366364061832428,-0.9377647638320923,0.6881529688835144,0.6589520573616028,-0.2726951241493225,0.20913191139698029,0.6550273895263672,-0.47335711121559143,0.7830567955970764,1.0557984113693237,-0.19786076247692108,0.1703481674194336,1.0698574781417847,-0.4933229386806488,0.8476854562759399,1.50559663772583,-0.6117733120918274,0.15708765387535095,1.4978736639022827,-1.079674482345581,0.8893381357192993,1.6263774633407593,-0.726736307144165,0.12009106576442719,1.615692138671875,-1.232595682144165,0.8401917219161987,1.6294535398483276,-0.8227754831314087,0.1673966348171234,1.6183016300201416,-1.3404991626739502,0.8129634857177734,1.5825660228729248,-0.672701895236969,0.1902756690979004,1.5698577165603638,-1.145528793334961,0.6302234530448914,1.5277031660079956,-0.026402588933706284,0.3137935996055603,1.5331971645355225,0.0314168818295002,0.615512490272522,2.2323508262634277,0.07042829692363739,0.3176785707473755,2.236736536026001,0.10257439315319061,0.6097278594970703,2.86308217048645,0.8340694308280945,0.32268381118774414,2.8529465198516846,0.6497071981430054,0.6155135035514832,2.9643781185150146,0.8744872212409973,0.3187437951564789,2.9543561935424805,0.684039294719696,0.5663770437240601,3.062016487121582,0.2615281641483307,0.36442118883132935,3.044328451156616,-0.015121670439839363,good
0.4989166259765625,0.3009067177772522,-1.0090874433517456,0.5223268270492554,0.23761239647865295,-0.9321578145027161,0.539013147354126,0.24186839163303375,-0.9321985244750977,0.5546625256538391,0.24559397995471954,-0.9324930906295776,0.4706989824771881,0.2266795039176941,-0.9632279276847839,0.4486461281776428,0.225319042801857,-0.9627534747123718,0.425104558467865,0.2253972887992859,-0.9631455540657043,0.5581668019294739,0.27844589948654175,-0.4881029725074768,0.36953598260879517,0.2586958706378937,-0.6133440136909485,0.5151644349098206,0.378012090921402,-0.846450686454773,0.4542423188686371,0.36967408657073975,-0.8816822171211243,0.6712886691093445,0.6610655188560486,-0.2309965342283249,0.19752684235572815,0.6496300101280212,-0.5128065347671509,0.7727403044700623,1.0586539506912231,-0.12551727890968323,0.16143426299095154,1.0873732566833496,-0.5675742626190186,0.8559423685073853,1.5111342668533325,-0.49881529808044434,0.14861862361431122,1.5449795722961426,-1.1208375692367554,0.9013530611991882,1.6317092180252075,-0.6112674474716187,0.11447199434041977,1.6667301654815674,-1.265440583229065,0.8582250475883484,1.6425220966339111,-0.6964641809463501,0.16511641442775726,1.6736576557159424,-1.3695040941238403,0.8278605341911316,1.600328803062439,-0.5556383728981018,0.18753165006637573,1.623911738395691,-1.1817004680633545,0.6085933446884155,1.554160237312317,-0.0051500508561730385,0.29021820425987244,1.5667771100997925,0.009681051596999168,0.6040258407592773,2.2840089797973633,0.06298689544200897,0.30711713433265686,2.296969413757324,0.0435028001666069,0.6115361452102661,2.948462963104248,0.8143182992935181,0.32447516918182373,2.9436638355255127,0.562701404094696,0.6145927906036377,3.050708293914795,0.853158175945282,0.31641390919685364,3.0473644733428955,0.5944236516952515,0.5909397602081299,3.150031566619873,0.25516900420188904,0.3837072253227234,3.130615234375,-0.08888351172208786,good
0.6063066124916077,0.27847281098365784,-0.5499730706214905,0.5990756750106812,0.21802467107772827,-0.48817405104637146,0.6043111681938171,0.2203822135925293,-0.48781338334083557,0.6079107522964478,0.22259528934955597,-0.4881691038608551,0.5665407776832581,0.2137783169746399,-0.5556932091712952,0.5484880208969116,0.21352674067020416,-0.555340588092804,0.5270515084266663,0.21413594484329224,-0.5557187795639038,0.5552664399147034,0.25048840045928955,-0.1769741177558899,0.44453734159469604,0.25381097197532654,-0.4672546982765198,0.6064500212669373,0.3492377996444702,-0.43458276987075806,0.5673105120658875,0.349101185798645,-0.5175647139549255,0.7031273245811462,0.6330292820930481,-0.0333607979118824,0.23635037243366241,0.6577481627464294,-0.4693756699562073,0.7964681386947632,1.0291372537612915,0.10924504697322845,0.2183912992477417,1.0543243885040283,-0.5108243227005005,0.8420540690422058,1.4483063220977783,-0.0800182968378067,0.23396630585193634,1.5129395723342896,-0.7985528707504272,0.882837176322937,1.5660699605941772,-0.14175526797771454,0.20650914311408997,1.6300746202468872,-0.881475567817688,0.8370288014411926,1.576230525970459,-0.1979118287563324,0.24594275653362274,1.6295968294143677,-0.9681364893913269,0.8125623464584351,1.537437915802002,-0.11509738862514496,0.26188328862190247,1.58246910572052,-0.8435624837875366,0.6547957062721252,1.5048184394836426,0.04628651589155197,0.3568353056907654,1.5276788473129272,-0.042236242443323135,0.6451186537742615,2.1901707649230957,0.08237053453922272,0.3624318838119507,2.2211270332336426,-0.016406066715717316,0.638558030128479,2.8325819969177246,0.7006034255027771,0.36382025480270386,2.849140167236328,0.3950251340866089,0.6302281618118286,2.932067632675171,0.7292934060096741,0.35115328431129456,2.9529216289520264,0.41398319602012634,0.6582502722740173,3.010514736175537,0.24587324261665344,0.4284511208534241,3.018336534500122,-0.1933361440896988,good
0.4613092541694641,0.27009037137031555,-0.9008272886276245,0.49046269059181213,0.2105836719274521,-0.8347738981246948,0.5068387985229492,0.21360529959201813,-0.8347675204277039,0.5250447988510132,0.21718774735927582,-0.8350677490234375,0.43492555618286133,0.20794419944286346,-0.8392866849899292,0.4138093590736389,0.20919013023376465,-0.8387047648429871,0.39284083247184753,0.21112751960754395,-0.8390749096870422,0.5528749227523804,0.253252238035202,-0.4451117515563965,0.3582482635974884,0.25003746151924133,-0.4406481683254242,0.4935815930366516,0.346711128950119,-0.7591139078140259,0.42408719658851624,0.3439823389053345,-0.7592703700065613,0.6912477016448975,0.6436184048652649,-0.25998687744140625,0.21911807358264923,0.648518443107605,-0.37940913438796997,0.7841212153434753,1.047584056854248,-0.23093156516551971,0.17323042452335358,1.0358855724334717,-0.36003270745277405,0.8313843011856079,1.503383994102478,-0.5210912823677063,0.14639481902122498,1.4787864685058594,-0.8363292813301086,0.8614398837089539,1.6336003541946411,-0.6192659139633179,0.10845436155796051,1.593725323677063,-0.9604053497314453,0.8076397180557251,1.6371575593948364,-0.6895768642425537,0.15396198630332947,1.6076017618179321,-1.0650824308395386,0.7857183218002319,1.5846503973007202,-0.5674844980239868,0.17698128521442413,1.5586923360824585,-0.898810088634491,0.6337757110595703,1.5234438180923462,-0.03902566805481911,0.31858721375465393,1.5298718214035034,0.0440431609749794,0.6102637052536011,2.234886646270752,-0.021996255964040756,0.3137257993221283,2.232053518295288,0.05694624036550522,0.5955127477645874,2.875903367996216,0.633419394493103,0.31057509779930115,2.8609063625335693,0.47679632902145386,0.6008683443069458,2.977139949798584,0.6663919687271118,0.30625325441360474,2.9643325805664062,0.5006617903709412,0.5491732954978943,3.0767645835876465,0.08732037246227264,0.34585872292518616,3.0540759563446045,-0.13255976140499115,good
0.32995232939720154,0.29676854610443115,-0.6684714555740356,0.37107810378074646,0.22576949000358582,-0.6979928612709045,0.389665812253952,0.2234390676021576,-0.6977349519729614,0.41008472442626953,0.22233892977237701,-0.6980194449424744,0.3365267813205719,0.2331548035144806,-0.61524498462677,0.32998761534690857,0.23531553149223328,-0.614452064037323,0.3236842155456543,0.23800161480903625,-0.6149066686630249,0.48898783326148987,0.25951436161994934,-0.640087366104126,0.35972511768341064,0.27476441860198975,-0.2309255599975586,0.3744829595088959,0.3580406606197357,-0.6367364525794983,0.33372318744659424,0.3604317307472229,-0.519183337688446,0.7183104753494263,0.651389479637146,-0.5314953327178955,0.26278820633888245,0.6675869822502136,-0.14744088053703308,0.8031101226806641,1.070820689201355,-0.4908638894557953,0.23575910925865173,1.0863165855407715,0.04899748042225838,0.8161371946334839,1.5433250665664673,-0.4932742118835449,0.22232255339622498,1.551033854484558,-0.22083863615989685,0.8439087867736816,1.6500688791275024,-0.5594848990440369,0.18994611501693726,1.67656672000885,-0.2844361960887909,0.8036770820617676,1.6718533039093018,-0.6034829616546631,0.225615456700325,1.680518627166748,-0.3853846788406372,0.7822452187538147,1.618687391281128,-0.5203849673271179,0.24891555309295654,1.6291334629058838,-0.2815176248550415,0.6747185587882996,1.5409609079360962,-0.1586950719356537,0.36566972732543945,1.5371400117874146,0.16376760601997375,0.6419812440872192,2.249950408935547,-0.17511245608329773,0.3614201247692108,2.2266156673431396,0.20580561459064484,0.6395331025123596,2.8910744190216064,0.45608577132225037,0.36269819736480713,2.86509370803833,0.5832302570343018,0.6567435264587402,2.9911961555480957,0.4860111176967621,0.36238595843315125,2.9654412269592285,0.6053421497344971,0.5657185912132263,3.0819382667541504,-0.10124261677265167,0.373449444770813,3.059814214706421,0.011845389381051064,good
0.34768620133399963,0.30857211351394653,-0.7168435454368591,0.3889026939868927,0.23603089153766632,-0.7535994052886963,0.40541720390319824,0.23489537835121155,-0.7532973885536194,0.42453688383102417,0.23471012711524963,-0.7534582018852234,0.36049869656562805,0.2397453784942627,-0.666443943977356,0.35513439774513245,0.24130879342556,-0.6657074093818665,0.3491801917552948,0.24382679164409637,-0.6661211252212524,0.5070188045501709,0.2717858850955963,-0.7129515409469604,0.38303107023239136,0.2784675359725952,-0.29202109575271606,0.3845030665397644,0.37366971373558044,-0.6925262212753296,0.3505220115184784,0.3745749890804291,-0.569864809513092,0.7298343777656555,0.6552093625068665,-0.563571035861969,0.2715822458267212,0.6684185862541199,-0.20816703140735626,0.8281391263008118,1.0758496522903442,-0.49473685026168823,0.23377303779125214,1.0912748575210571,-0.026579279452562332,0.8843108415603638,1.5365369319915771,-0.5268145799636841,0.20012244582176208,1.5400065183639526,-0.3522756099700928,0.920498251914978,1.653167486190796,-0.6056431531906128,0.16489215195178986,1.6567349433898926,-0.4260607659816742,0.8736623525619507,1.6623555421829224,-0.6546059250831604,0.2039131373167038,1.660260796546936,-0.5358636975288391,0.8454352617263794,1.6124913692474365,-0.5576564073562622,0.22765874862670898,1.6123489141464233,-0.4181622862815857,0.6826367974281311,1.5462985038757324,-0.15723565220832825,0.3687554895877838,1.531477689743042,0.16297471523284912,0.640659749507904,2.2548277378082275,-0.20960941910743713,0.36035916209220886,2.232255220413208,0.21368010342121124,0.6394432187080383,2.892786979675293,0.4494226574897766,0.3638595938682556,2.8652544021606445,0.6393377184867859,0.6580689549446106,2.9958512783050537,0.48031893372535706,0.3639719784259796,2.9667980670928955,0.6646294593811035,0.5604422092437744,3.0720713138580322,-0.10777169466018677,0.3690219521522522,3.0551505088806152,0.07716545462608337,good
0.3065781593322754,0.30175474286079407,-0.5509918928146362,0.34571367502212524,0.23470725119113922,-0.6158396005630493,0.35914722084999084,0.23310844600200653,-0.6154416799545288,0.37319889664649963,0.2316296100616455,-0.6158365607261658,0.32860732078552246,0.23788902163505554,-0.4968809485435486,0.32937222719192505,0.23838450014591217,-0.4960809350013733,0.33059823513031006,0.23880566656589508,-0.4965499937534332,0.45754867792129517,0.2616186738014221,-0.6666211485862732,0.3940156102180481,0.268454372882843,-0.11061935126781464,0.3504815697669983,0.3607197105884552,-0.5619938373565674,0.32456719875335693,0.36464589834213257,-0.39744922518730164,0.7345221638679504,0.645173192024231,-0.6017493009567261,0.2847551107406616,0.6644675135612488,-0.01493898220360279,0.8456485867500305,1.0703461170196533,-0.5958511233329773,0.24623098969459534,1.0922942161560059,0.2354889214038849,0.8948198556900024,1.582288146018982,-0.5336188077926636,0.21113768219947815,1.5602855682373047,-0.05747402831912041,0.9389337301254272,1.6906304359436035,-0.6110408306121826,0.17138038575649261,1.6746810674667358,-0.1246083602309227,0.8878005743026733,1.7052663564682007,-0.658248245716095,0.2033756673336029,1.6695162057876587,-0.24525725841522217,0.8590587377548218,1.6636505126953125,-0.5605434775352478,0.22981353104114532,1.6267695426940918,-0.13058631122112274,0.6769312024116516,1.5790635347366333,-0.22214850783348083,0.3707334101200104,1.563673734664917,0.22807450592517853,0.6435297727584839,2.3368146419525146,-0.31670427322387695,0.36604779958724976,2.2970569133758545,0.21075722575187683,0.6513410806655884,3.038870334625244,0.2858726382255554,0.3688090443611145,2.9904136657714844,0.5477524995803833,0.6688283681869507,3.1471216678619385,0.3077968657016754,0.3709923028945923,3.094364643096924,0.563381552696228,0.5687401294708252,3.2112653255462646,-0.31977421045303345,0.35722973942756653,3.184453010559082,-0.07322285324335098,good
0.48214682936668396,0.27227482199668884,-0.986434817314148,0.5152463912963867,0.20657075941562653,-0.9349937438964844,0.533566415309906,0.20816734433174133,-0.9349445104598999,0.5488671064376831,0.21138545870780945,-0.9351211786270142,0.4544232487678528,0.20990903675556183,-0.9207733869552612,0.4336863160133362,0.21376363933086395,-0.9201772809028625,0.41356104612350464,0.2180342972278595,-0.9206827878952026,0.5788612365722656,0.25367534160614014,-0.4918386936187744,0.3901965618133545,0.26225560903549194,-0.495341956615448,0.5216196775436401,0.3483622670173645,-0.8560324907302856,0.4465649127960205,0.35117053985595703,-0.8306417465209961,0.7414331436157227,0.6536715626716614,-0.2536661624908447,0.25837716460227966,0.6452279686927795,-0.38019630312919617,0.8376727104187012,1.0558431148529053,-0.22869272530078888,0.19587750732898712,1.0304698944091797,-0.39176976680755615,0.889019787311554,1.4910500049591064,-0.6768347024917603,0.15261003375053406,1.4538307189941406,-0.9509835243225098,0.9264174699783325,1.6159998178482056,-0.7804339528083801,0.1111786738038063,1.5739868879318237,-1.0967261791229248,0.874387264251709,1.617019772529602,-0.8404773473739624,0.1576700657606125,1.5802257061004639,-1.2037177085876465,0.8501116037368774,1.5654319524765015,-0.7255655527114868,0.18174561858177185,1.533466100692749,-1.0175689458847046,0.6689308881759644,1.5339550971984863,-0.04525900259613991,0.34295228123664856,1.525512933731079,0.05078010633587837,0.631657063961029,2.2440638542175293,-0.01853199675679207,0.3218497633934021,2.2328648567199707,0.04172132909297943,0.6079546809196472,2.883458375930786,0.6574058532714844,0.3095952272415161,2.863598108291626,0.4751022756099701,0.6147964596748352,2.987149238586426,0.6888193488121033,0.3040114939212799,2.965252637863159,0.4953641891479492,0.5500600337982178,3.0770270824432373,0.05825362727046013,0.35034358501434326,3.057833194732666,-0.19115027785301208,good
0.48636874556541443,0.26675891876220703,-0.9021910429000854,0.5178733468055725,0.20178890228271484,-0.8384149670600891,0.5347331762313843,0.20499376952648163,-0.8383463025093079,0.5523386001586914,0.20873276889324188,-0.8386503458023071,0.4599170684814453,0.20106491446495056,-0.8438650369644165,0.43878960609436035,0.20370794832706451,-0.8433197736740112,0.4185977876186371,0.20726394653320312,-0.8437631726264954,0.5797014236450195,0.2507050931453705,-0.4655751585960388,0.38609492778778076,0.2523252069950104,-0.4836088716983795,0.5190631151199341,0.3458103835582733,-0.7695577144622803,0.44845348596572876,0.3447829484939575,-0.772983193397522,0.7252745032310486,0.6552470326423645,-0.2391231805086136,0.24712197482585907,0.6362667679786682,-0.40477079153060913,0.8187905550003052,1.054641842842102,-0.21934878826141357,0.18816527724266052,1.0260703563690186,-0.48247361183166504,0.8813329935073853,1.48407781124115,-0.5209230184555054,0.17053070664405823,1.4618662595748901,-1.0493515729904175,0.922106146812439,1.6081364154815674,-0.6128274202346802,0.1388750672340393,1.5784943103790283,-1.1831398010253906,0.8721026182174683,1.608266830444336,-0.6837347745895386,0.1827472597360611,1.5788555145263672,-1.2834874391555786,0.8457064628601074,1.5611382722854614,-0.5665631890296936,0.20558536052703857,1.533157229423523,-1.112420678138733,0.6528648138046265,1.5403624773025513,-0.020719967782497406,0.3299274742603302,1.5394726991653442,0.025846797972917557,0.6241828203201294,2.2600035667419434,-0.06161762401461601,0.32059845328330994,2.256281614303589,-0.03709431737661362,0.6080044507980347,2.9117085933685303,0.5331188440322876,0.3110422194004059,2.897130012512207,0.32208073139190674,0.6125220060348511,3.015875816345215,0.5592259168624878,0.30407315492630005,3.001093626022339,0.34023016691207886,0.558477520942688,3.107226848602295,-0.0029143341816961765,0.34888988733291626,3.0849924087524414,-0.28793689608573914,good
0.5131491422653198,0.6465495824813843,-1.1224801540374756,0.539399266242981,0.5817798972129822,-1.0561392307281494,0.5563875436782837,0.5851562023162842,-1.0566966533660889,0.5728482007980347,0.5887191891670227,-1.056962251663208,0.4845239222049713,0.5765804648399353,-1.0598089694976807,0.4649127423763275,0.5772668123245239,-1.0594842433929443,0.44581812620162964,0.5784399509429932,-1.0601731538772583,0.5939444303512573,0.623256504535675,-0.5446442365646362,0.4081481397151947,0.6120713353157043,-0.5559346079826355,0.5394889116287231,0.720561683177948,-0.9287813901901245,0.4740215837955475,0.713752031326294,-0.9346588850021362,0.7285064458847046,0.9823720455169678,-0.2779223918914795,0.25777897238731384,0.9556515216827393,-0.2868627607822418,0.8045183420181274,1.3611931800842285,-0.3927909731864929,0.1892201006412506,1.3727989196777344,-0.5047573447227478,0.7378247380256653,1.6022686958312988,-0.8904162645339966,0.24777543544769287,1.6119486093521118,-1.301925539970398,0.7455486059188843,1.7077387571334839,-1.030884027481079,0.2384452372789383,1.7193049192428589,-1.4911797046661377,0.7167254090309143,1.679142713546753,-1.110896110534668,0.2709612548351288,1.6969006061553955,-1.568966031074524,0.703889012336731,1.637607216835022,-0.9468235969543457,0.28461185097694397,1.65289306640625,-1.3621346950531006,0.6520459055900574,1.86212956905365,-0.0653947964310646,0.34251779317855835,1.8617665767669678,0.07060835510492325,0.650619387626648,2.5114028453826904,-0.1913480907678604,0.35732975602149963,2.4994232654571533,-0.11048270761966705,0.6714653968811035,3.1561262607574463,0.33193379640579224,0.3875182271003723,3.1469030380249023,0.16158315539360046,0.6797387003898621,3.257174015045166,0.34544897079467773,0.38704970479011536,3.2515974044799805,0.16549651324748993,0.6271705031394958,3.3599135875701904,-0.32839781045913696,0.4166344106197357,3.3329875469207764,-0.5028964281082153,good
0.5080822110176086,0.653507649898529,-1.1075799465179443,0.5324835181236267,0.5876526236534119,-1.0363534688949585,0.5491728782653809,0.590503454208374,-1.0369113683700562,0.5657283067703247,0.5934719443321228,-1.037109136581421,0.47847145795822144,0.5835930705070496,-1.0435125827789307,0.45915335416793823,0.5843823552131653,-1.043489694595337,0.4397042393684387,0.5856741666793823,-1.0440359115600586,0.5884339809417725,0.6290408372879028,-0.5551676750183105,0.4039784073829651,0.6237529516220093,-0.5808707475662231,0.5351251363754272,0.7275654077529907,-0.9192665815353394,0.4692873954772949,0.7235342264175415,-0.928752064704895,0.7268087267875671,0.9844669699668884,-0.3163519501686096,0.26228806376457214,0.9689813256263733,-0.28938430547714233,0.8025944828987122,1.3737776279449463,-0.5021650791168213,0.18742087483406067,1.3780478239059448,-0.6375108361244202,0.7756391763687134,1.5949928760528564,-1.0247071981430054,0.22984683513641357,1.4526458978652954,-1.567115306854248,0.7908101677894592,1.6882243156433105,-1.163793921470642,0.22849254310131073,1.5136229991912842,-1.7639362812042236,0.7557713985443115,1.6487571001052856,-1.2316882610321045,0.25293731689453125,1.477975845336914,-1.7996944189071655,0.7406908273696899,1.6106199026107788,-1.0737040042877197,0.2613902688026428,1.4526480436325073,-1.6151841878890991,0.656434953212738,1.836822748184204,-0.05999808758497238,0.35457924008369446,1.8403257131576538,0.06485460698604584,0.6651533246040344,2.4785306453704834,-0.20225019752979279,0.3790953755378723,2.4713244438171387,-0.161646768450737,0.6966967582702637,3.0951316356658936,0.270702064037323,0.41881856322288513,3.0829997062683105,0.08598429709672928,0.7048364281654358,3.196871280670166,0.28002363443374634,0.42114776372909546,3.183736562728882,0.08481475710868835,0.6605818271636963,3.2827348709106445,-0.3695419430732727,0.4626297950744629,3.2600960731506348,-0.5800191164016724,good
0.45396751165390015,0.6477934122085571,-0.9642080068588257,0.4835307002067566,0.5805991888046265,-0.9192501306533813,0.504371702671051,0.5814492106437683,-0.9195191264152527,0.5255395174026489,0.5830252766609192,-0.9197772741317749,0.43195977807044983,0.5834977030754089,-0.9026538133621216,0.4172315001487732,0.5858242511749268,-0.9021710157394409,0.4046561121940613,0.5884825587272644,-0.90269935131073,0.5671240091323853,0.6184408664703369,-0.5758298635482788,0.40551647543907166,0.6211996078491211,-0.4816243648529053,0.5004563927650452,0.7144811749458313,-0.8278072476387024,0.4301348328590393,0.7165707349777222,-0.8039733171463013,0.7376722693443298,0.994486391544342,-0.358294278383255,0.2774450480937958,0.9668500423431396,-0.268078476190567,0.8334407806396484,1.4365442991256714,-0.46624231338500977,0.20225468277931213,1.4032741785049438,-0.3321388363838196,0.7763230800628662,1.6457070112228394,-0.8474366068840027,0.21184930205345154,1.6764984130859375,-0.9348734021186829,0.7889996767044067,1.7577112913131714,-0.9633845090866089,0.19604375958442688,1.7930548191070557,-1.0775721073150635,0.7355650663375854,1.7449030876159668,-0.9783989787101746,0.22910209000110626,1.7793567180633545,-1.139981985092163,0.7230359315872192,1.695672869682312,-0.8746455907821655,0.24907398223876953,1.7316046953201294,-0.985650360584259,0.6504876017570496,1.802274227142334,-0.06852922588586807,0.3421008288860321,1.7941060066223145,0.07381618022918701,0.6454646587371826,2.4364771842956543,-0.21947185695171356,0.3576641380786896,2.429267168045044,-0.08000008761882782,0.6537642478942871,3.0217950344085693,0.27438780665397644,0.369097501039505,3.016425609588623,0.16948017477989197,0.6678669452667236,3.1231954097747803,0.2883703112602234,0.3684244453907013,3.1211118698120117,0.1743835210800171,0.5901055335998535,3.215420961380005,-0.2960100769996643,0.40377599000930786,3.203688144683838,-0.4890426695346832,good
0.4813474118709564,0.6488238573074341,-1.0842565298080444,0.5083993077278137,0.5766391754150391,-1.0131560564041138,0.5250605344772339,0.5772339105606079,-1.013808250427246,0.5410375595092773,0.5785893797874451,-1.0140845775604248,0.4552503526210785,0.5808875560760498,-1.0130771398544312,0.4371303915977478,0.5834592580795288,-1.0131253004074097,0.4191562533378601,0.5861504673957825,-1.01358962059021,0.5637747049331665,0.6137047410011292,-0.516438364982605,0.3937717378139496,0.6198307275772095,-0.5054762959480286,0.5159579515457153,0.7186567783355713,-0.8858199119567871,0.44697752594947815,0.7217102646827698,-0.8851101994514465,0.7294641733169556,0.9770370721817017,-0.30834606289863586,0.26560190320014954,0.95929354429245,-0.14712943136692047,0.8151310086250305,1.2946463823318481,-0.7219348549842834,0.1999908685684204,1.31037437915802,-0.5533707141876221,0.7075071334838867,1.2450252771377563,-1.2069040536880493,0.2558841109275818,1.2085959911346436,-1.5078833103179932,0.6919045448303223,1.2590397596359253,-1.3015773296356201,0.26886147260665894,1.2050137519836426,-1.6726181507110596,0.6758421063423157,1.2178375720977783,-1.299393892288208,0.2593822181224823,1.1652425527572632,-1.654470682144165,0.6720879673957825,1.2099422216415405,-1.2182139158248901,0.2676761746406555,1.169293761253357,-1.5345646142959595,0.6586132645606995,1.8745793104171753,-0.10606607049703598,0.35378822684288025,1.8712457418441772,0.11087386310100555,0.6636918187141418,2.5200271606445312,-0.2790603041648865,0.3707854151725769,2.5052130222320557,-0.16859033703804016,0.6849709749221802,3.1650354862213135,0.17406515777111053,0.4032420217990875,3.153188943862915,0.02559400163590908,0.6964348554611206,3.2668070793151855,0.17996443808078766,0.41001811623573303,3.252821922302246,0.018130067735910416,0.642505407333374,3.3562281131744385,-0.46929946541786194,0.4183630049228668,3.341139793395996,-0.6412114500999451,good
0.291010320186615,0.6718268990516663,-0.4596993029117584,0.3199618458747864,0.6060983538627625,-0.5328068137168884,0.3328891396522522,0.6041849851608276,-0.5332501530647278,0.3459029793739319,0.6017823815345764,-0.5335044860839844,0.30762284994125366,0.6073505282402039,-0.40303167700767517,0.31047332286834717,0.6064022183418274,-0.40272125601768494,0.3135735094547272,0.6049526333808899,-0.40368109941482544,0.42702651023864746,0.6174511313438416,-0.6431111097335815,0.3865377902984619,0.6218221187591553,-0.041097722947597504,0.33658894896507263,0.7324618101119995,-0.48350149393081665,0.31853625178337097,0.7323536276817322,-0.31264200806617737,0.7247064709663391,0.970371663570404,-0.6284493207931519,0.3046087622642517,0.9647356867790222,0.15110322833061218,0.7771786451339722,1.3451205492019653,-0.8885666728019714,0.2736157774925232,1.3784621953964233,0.19712650775909424,0.5450397729873657,1.2760268449783325,-0.835379421710968,0.2965314984321594,1.6341681480407715,-0.28319066762924194,0.5203214883804321,1.3215076923370361,-0.9062806367874146,0.27704232931137085,1.7462913990020752,-0.3740684688091278,0.5199785828590393,1.2861577272415161,-0.8669222593307495,0.3057343363761902,1.7227219343185425,-0.4226008355617523,0.5270963311195374,1.2672088146209717,-0.8220488429069519,0.31522536277770996,1.6738932132720947,-0.3382500112056732,0.683667778968811,1.883339762687683,-0.2273971140384674,0.38061752915382385,1.8822529315948486,0.23329754173755646,0.6854190826416016,2.5704996585845947,-0.5253267288208008,0.3919580578804016,2.5425095558166504,0.01932467520236969,0.7252649068832397,3.234840154647827,-0.18095985054969788,0.4130326807498932,3.2099053859710693,0.04907255992293358,0.7543851137161255,3.3485753536224365,-0.17972511053085327,0.4199604094028473,3.3210349082946777,0.035509999841451645,0.6315625905990601,3.4006052017211914,-0.8122228384017944,0.39393049478530884,3.3944737911224365,-0.5225609540939331,good
0.5131289958953857,0.647753894329071,-0.6453778147697449,0.5370343923568726,0.5858044028282166,-0.5926716327667236,0.5524623990058899,0.5884295105934143,-0.5921875834465027,0.5682874321937561,0.5914619565010071,-0.5917021036148071,0.4902707040309906,0.5797450542449951,-0.6001642346382141,0.47152963280677795,0.5793306231498718,-0.5991467833518982,0.45219507813453674,0.5795333385467529,-0.5992518067359924,0.5876799821853638,0.6204561591148376,-0.26883190870285034,0.4127473831176758,0.60794997215271,-0.30511173605918884,0.5352893471717834,0.7182725071907043,-0.5271692276000977,0.4757152199745178,0.7110146880149841,-0.5390981435775757,0.6758741140365601,0.9124976396560669,-0.12932102382183075,0.26162928342819214,0.9319861531257629,-0.16809596121311188,0.7704249024391174,1.3280022144317627,-0.5948345065116882,0.20513036847114563,1.3060927391052246,-0.4445585310459137,0.6635949015617371,0.9595681428909302,-1.3013310432434082,0.2900354266166687,1.3530124425888062,-1.0610013008117676,0.6440139412879944,0.8556114435195923,-1.2285267114639282,0.2717064619064331,1.4269970655441284,-1.1537961959838867,0.63730388879776,0.8285987973213196,-0.9722739458084106,0.28072839975357056,1.344710111618042,-1.181067943572998,0.6225759983062744,0.8627830743789673,-1.0293235778808594,0.3007642924785614,1.3247590065002441,-1.0948102474212646,0.620453417301178,1.6764907836914062,-0.018668610602617264,0.3462829887866974,1.683493733406067,0.024152066558599472,0.6391456723213196,2.3039677143096924,-0.1760604828596115,0.37794390320777893,2.288965940475464,-0.08669552952051163,0.6706646084785461,2.861487865447998,0.1644621640443802,0.42006435990333557,2.8327853679656982,0.14188440144062042,0.6777344942092896,2.942929267883301,0.16566216945648193,0.42937397956848145,2.9138548374176025,0.14451000094413757,0.645897626876831,3.033195734024048,-0.36089667677879333,0.4589100480079651,2.998692750930786,-0.4345010817050934,good
0.5248178243637085,0.6630414128303528,-1.0071887969970703,0.5440247654914856,0.601662278175354,-0.9162927865982056,0.5585907697677612,0.6046173572540283,-0.9164227247238159,0.5737417936325073,0.6083939671516418,-0.9162607192993164,0.4958100914955139,0.5925318002700806,-0.9355109333992004,0.47672349214553833,0.5902109742164612,-0.9351769685745239,0.4554547369480133,0.5899949669837952,-0.9357446432113647,0.5815674662590027,0.6361492872238159,-0.4152306020259857,0.4103415608406067,0.6225207448005676,-0.4998735785484314,0.544387936592102,0.7315496802330017,-0.8217933773994446,0.4877789616584778,0.7271563410758972,-0.8456970453262329,0.6580212116241455,0.898797333240509,-0.11949620395898819,0.25722557306289673,0.9348923563957214,-0.30979666113853455,0.8998199701309204,0.578461229801178,-0.2730709910392761,0.1689579039812088,1.303428292274475,-0.3319273591041565,0.5993671417236328,0.7329186201095581,0.1039457693696022,0.21060708165168762,1.636425256729126,-0.5664788484573364,0.526532769203186,0.7568368315696716,0.07080365717411041,0.20671848952770233,1.7377171516418457,-0.6585105657577515,0.5058559775352478,0.7795393466949463,0.18697234988212585,0.2308865487575531,1.7200168371200562,-0.705297589302063,0.5265808701515198,0.780691385269165,0.13040901720523834,0.2388792783021927,1.6891982555389404,-0.5982421636581421,0.6042188405990601,1.8361960649490356,0.015223002061247826,0.31345540285110474,1.8334964513778687,-0.010385775938630104,0.6100385785102844,2.533198595046997,-0.2962990999221802,0.35006141662597656,2.532193183898926,-0.2967566251754761,0.639645516872406,3.185242176055908,0.05971958488225937,0.38637542724609375,3.1878886222839355,-0.1975148618221283,0.6391556262969971,3.278949499130249,0.06456616520881653,0.37763679027557373,3.2863681316375732,-0.2059200257062912,0.6252051591873169,3.3852686882019043,-0.521328866481781,0.45067697763442993,3.375976324081421,-0.8806597590446472,good
0.48910441994667053,0.7461530566215515,-0.8205577731132507,0.5021936297416687,0.6950314044952393,-0.7537130117416382,0.5123164653778076,0.6980087757110596,-0.7537597417831421,0.5215624570846558,0.7009490728378296,-0.7538014650344849,0.46029132604599,0.6849928498268127,-0.7957929968833923,0.4405067563056946,0.6815205812454224,-0.7954179644584656,0.4200776219367981,0.678593635559082,-0.7958722710609436,0.5128681659698486,0.7203075289726257,-0.3908618688583374,0.3695477843284607,0.6939907073974609,-0.566965639591217,0.49488624930381775,0.8023787140846252,-0.6871748566627502,0.4445302486419678,0.7953034043312073,-0.739261269569397,0.5815314650535583,1.0080056190490723,-0.16648438572883606,0.19645026326179504,0.9771084189414978,-0.410107284784317,0.6405307054519653,1.3469511270523071,-0.15205121040344238,0.13294990360736847,1.3868390321731567,-0.5356885194778442,0.6251119375228882,1.5761253833770752,-0.4399137496948242,0.1854238659143448,1.6339763402938843,-0.9877650141716003,0.6460115909576416,1.6616655588150024,-0.5241645574569702,0.1787729412317276,1.732803225517273,-1.10866117477417,0.6198176145553589,1.6540026664733887,-0.5835803151130676,0.21239212155342102,1.713403344154358,-1.273949146270752,0.6012309789657593,1.621189832687378,-0.48111557960510254,0.2215356081724167,1.6722508668899536,-1.0409907102584839,0.5168460607528687,1.6824963092803955,-0.001028039725497365,0.2683026194572449,1.6872867345809937,0.005715160630643368,0.5219752192497253,2.2083969116210938,-0.03363841399550438,0.2873356342315674,2.216398000717163,-0.1107366681098938,0.525707483291626,2.6933305263519287,0.4811645448207855,0.2923264801502228,2.687671184539795,0.25108036398887634,0.5263029932975769,2.7732913494110107,0.5006541609764099,0.28032881021499634,2.7709624767303467,0.26729273796081543,0.5019752979278564,2.8511006832122803,0.017552293837070465,0.3380224108695984,2.8301587104797363,-0.2945978045463562,good
0.6367431879043579,0.7010666131973267,-0.5578982830047607,0.6486114263534546,0.6418671011924744,-0.5094577074050903,0.6582348942756653,0.6449044942855835,-0.5092238783836365,0.6671326756477356,0.647810697555542,-0.5092527866363525,0.6099019646644592,0.6337060928344727,-0.5593666434288025,0.5903255939483643,0.6321418881416321,-0.5588980913162231,0.5711387395858765,0.6320928335189819,-0.5590701103210449,0.6558507084846497,0.6712860465049744,-0.2506111264228821,0.5106322169303894,0.6585360169410706,-0.4665234684944153,0.6426769495010376,0.7639606595039368,-0.4598131775856018,0.595245361328125,0.7610694169998169,-0.5215381383895874,0.7142355442047119,0.9778820276260376,-0.029277246445417404,0.32318946719169617,0.9692735075950623,-0.46069660782814026,0.7417407035827637,1.3555805683135986,0.18486344814300537,0.25102540850639343,1.379172921180725,-0.5039902329444885,0.7524218559265137,1.643985390663147,0.15030531585216522,0.2969769239425659,1.7053170204162598,-0.6616654396057129,0.7833529114723206,1.7357909679412842,0.11824776977300644,0.2758890986442566,1.81490159034729,-0.7341736555099487,0.7621977925300598,1.7482936382293701,0.05408709496259689,0.31672239303588867,1.818233847618103,-0.7847577929496765,0.7358103394508362,1.7160792350769043,0.10863927751779556,0.3307081162929535,1.771011471748352,-0.6896934509277344,0.6343048810958862,1.7106391191482544,0.0831039622426033,0.3778897523880005,1.7209845781326294,-0.07922990620136261,0.62644362449646,2.277724027633667,0.06135151907801628,0.39801907539367676,2.311069965362549,-0.15519405901432037,0.6247063875198364,2.8329412937164307,0.5324984788894653,0.38514167070388794,2.83402943611145,0.09784913808107376,0.6186152696609497,2.9274680614471436,0.5457668304443359,0.3662566542625427,2.9275615215301514,0.11042903363704681,0.6779863834381104,2.9961488246917725,0.14672276377677917,0.469926118850708,2.9850316047668457,-0.4570445120334625,good
0.6762767434120178,0.7163354754447937,-0.27831658720970154,0.6627539396286011,0.6552549004554749,-0.22990477085113525,0.6608172059059143,0.6529430747032166,-0.2305011749267578,0.6583536863327026,0.6508185863494873,-0.23053517937660217,0.6526535749435425,0.6544105410575867,-0.3305790424346924,0.6436716914176941,0.6515429615974426,-0.3301675617694855,0.6332461833953857,0.6488099694252014,-0.3305106461048126,0.5994833111763,0.6564203500747681,0.026331434026360512,0.5664597749710083,0.6554336547851562,-0.4324570596218109,0.6591143608093262,0.7656798958778381,-0.17779137194156647,0.647470235824585,0.7675663232803345,-0.3104984164237976,0.5412581562995911,0.9363667964935303,0.26710182428359985,0.3760985732078552,0.9200001955032349,-0.573067307472229,0.5748682618141174,1.3410975933074951,0.2809164226055145,0.3274802267551422,1.3786143064498901,-0.6602970361709595,0.5968388915061951,1.649044156074524,0.014624279923737049,0.33789578080177307,1.725500464439392,-0.7000102996826172,0.6274281144142151,1.7493664026260376,-0.0446925014257431,0.3119162917137146,1.8391200304031372,-0.781085193157196,0.606432318687439,1.7579364776611328,-0.10813109576702118,0.356408953666687,1.8459203243255615,-0.8199151754379272,0.5862749814987183,1.726421594619751,-0.03713876008987427,0.36320966482162476,1.8023371696472168,-0.7221290469169617,0.543790340423584,1.670667052268982,0.17690816521644592,0.3451559543609619,1.688875436782837,-0.17259949445724487,0.5701590776443481,2.2157745361328125,0.09961088746786118,0.39654117822647095,2.2561161518096924,-0.19766287505626678,0.5430270433425903,2.7521960735321045,0.3744513988494873,0.3519715666770935,2.797314405441284,-0.04636705666780472,0.5109013319015503,2.8266191482543945,0.3809220492839813,0.30470511317253113,2.88010835647583,-0.0492851547896862,0.6096799969673157,2.9413535594940186,0.10641036182641983,0.4694085121154785,2.9343338012695312,-0.4481978416442871,good
0.46400269865989685,0.021985627710819244,-0.9846252202987671,0.48823776841163635,-0.06341785192489624,-0.9683330655097961,0.5059427618980408,-0.06509871780872345,-0.9678345918655396,0.5261222124099731,-0.06681498140096664,-0.9684563875198364,0.42478862404823303,-0.049639005213975906,-0.9247913360595703,0.4034210741519928,-0.04389118030667305,-0.9239935874938965,0.37719613313674927,-0.03436820209026337,-0.9244099855422974,0.5549577474594116,-0.029856305569410324,-0.6660865545272827,0.3710472881793976,0.008398499339818954,-0.4631524980068207,0.5028144121170044,0.07682906091213226,-0.8715592622756958,0.4324892461299896,0.09807323664426804,-0.8081234693527222,0.7727169394493103,0.37439101934432983,-0.4136294424533844,0.2570702135562897,0.3809528350830078,-0.3169515132904053,0.9323883056640625,0.8724588751792908,-0.2716415822505951,0.1517774909734726,0.8790740966796875,-0.3951495885848999,1.1183891296386719,1.3013392686843872,-0.4913714826107025,0.10579118877649307,1.304731845855713,-1.1296292543411255,1.1895155906677246,1.4084513187408447,-0.5706201195716858,0.06298092752695084,1.4202901124954224,-1.2821147441864014,1.1524770259857178,1.420965552330017,-0.6778582334518433,0.09674382209777832,1.3978675603866577,-1.4018431901931763,1.1091043949127197,1.384259819984436,-0.5494808554649353,0.12664321064949036,1.3582807779312134,-1.210437536239624,0.7289891839027405,1.3892558813095093,-0.06922222673892975,0.36678412556648254,1.4052201509475708,0.07526828348636627,0.7354544401168823,2.2101638317108154,0.009654521942138672,0.4009266495704651,2.2271177768707275,0.08903049677610397,0.7493914365768433,2.9680206775665283,0.8456737399101257,0.4127843379974365,2.9883127212524414,0.6669815182685852,0.7641698718070984,3.077880620956421,0.8812295794487,0.40734797716140747,3.0973122119903564,0.7024924159049988,0.6968969106674194,3.18971848487854,0.2961426079273224,0.47028589248657227,3.2142393589019775,-0.1306510716676712,good
0.4654916226863861,0.05647962912917137,-0.8736066818237305,0.4975558817386627,-0.00568713853135705,-0.8592036366462708,0.5182220935821533,-0.006287009920924902,-0.859106183052063,0.5359501838684082,-0.004949538037180901,-0.8596512079238892,0.43243199586868286,0.0013289385242387652,-0.8351805806159973,0.4109286367893219,0.004066737834364176,-0.8349598050117493,0.39057618379592896,0.007264539133757353,-0.835166335105896,0.5591517686843872,0.027014166116714478,-0.5341636538505554,0.36960726976394653,0.04650096595287323,-0.4547623097896576,0.5058497190475464,0.11555120348930359,-0.7711713314056396,0.43178945779800415,0.12178922444581985,-0.7300047874450684,0.7165095210075378,0.41716447472572327,-0.29893195629119873,0.2777067720890045,0.3932827413082123,-0.29497599601745605,0.8419194221496582,0.8765707612037659,-0.21815410256385803,0.2183583527803421,0.8116313219070435,-0.3396897614002228,0.9940400123596191,1.251312494277954,-0.39855843782424927,0.11686962842941284,1.153243899345398,-0.8619098663330078,1.064130187034607,1.363769769668579,-0.4510205388069153,0.05492459610104561,1.2801358699798584,-0.9904404878616333,1.032823085784912,1.3769457340240479,-0.6047146916389465,0.09274452179670334,1.299959421157837,-1.1080925464630127,0.9923745393753052,1.334256649017334,-0.479647696018219,0.12503854930400848,1.2559033632278442,-0.9362301826477051,0.6471285223960876,1.3135287761688232,-0.03947237879037857,0.3363710045814514,1.3011682033538818,0.04364977031946182,0.6393347978591919,2.0051424503326416,-0.17000338435173035,0.3436451852321625,1.9937279224395752,-0.18388018012046814,0.6447810530662537,2.6759519577026367,0.2766551375389099,0.34630677103996277,2.6532554626464844,0.05029532313346863,0.6525586843490601,2.7803566455841064,0.2848634123802185,0.3428937792778015,2.7635810375213623,0.044926416128873825,0.5993963479995728,2.87081241607666,-0.3623282313346863,0.3758314549922943,2.829406976699829,-0.6402485966682434,good
0.5782479643821716,-0.010232221335172653,-0.6264163851737976,0.5673717260360718,-0.07568136602640152,-0.5556391477584839,0.5695449709892273,-0.07323525100946426,-0.5553760528564453,0.5700198411941528,-0.070824034512043,-0.5558190941810608,0.5360761880874634,-0.07988076657056808,-0.6312522292137146,0.516438901424408,-0.08104899525642395,-0.6310665011405945,0.4942547380924225,-0.08269092440605164,-0.6317101716995239,0.5140612125396729,-0.02604699693620205,-0.19000503420829773,0.4078962802886963,-0.026096122339367867,-0.520911693572998,0.5699841380119324,0.06180168315768242,-0.4929355978965759,0.5361314415931702,0.05961652845144272,-0.5872384905815125,0.6375694274902344,0.38285884261131287,0.01475874800235033,0.1961742341518402,0.37737786769866943,-0.5542733669281006,0.8124530911445618,0.8412886261940002,0.24095973372459412,0.17425581812858582,0.8951142430305481,-0.6732411980628967,1.0372225046157837,1.20208740234375,0.10263057798147202,0.13065767288208008,1.3604377508163452,-1.0623705387115479,1.131575345993042,1.3016993999481201,0.07453758269548416,0.08557233214378357,1.5015023946762085,-1.159769892692566,1.1024601459503174,1.3293421268463135,-0.04074791073799133,0.13180384039878845,1.5089069604873657,-1.2897974252700806,1.0519415140151978,1.3099195957183838,0.04208764061331749,0.15647929906845093,1.4622031450271606,-1.1275582313537598,0.6104924082756042,1.3616135120391846,0.06940487027168274,0.2918302118778229,1.3781384229660034,-0.0651140958070755,0.6420026421546936,2.148301124572754,0.12115780264139175,0.32972151041030884,2.1796863079071045,-0.06981761753559113,0.6492254137992859,2.8875949382781982,0.7769254446029663,0.33508461713790894,2.9138805866241455,0.3374866843223572,0.6378430128097534,3.0007097721099854,0.8041377067565918,0.3124723434448242,3.0326385498046875,0.35452863574028015,0.6882563233375549,3.0766546726226807,0.27078455686569214,0.4234403669834137,3.088491201400757,-0.3130421042442322,good
0.36097827553749084,0.10669560730457306,-0.48866772651672363,0.3884034752845764,0.053662095218896866,-0.5480112433433533,0.40247154235839844,0.04926315322518349,-0.548263430595398,0.415910542011261,0.04476361721754074,-0.5483806133270264,0.3667372465133667,0.0574374720454216,-0.4312523305416107,0.36578458547592163,0.05610434338450432,-0.4315272271633148,0.36423736810684204,0.054459359496831894,-0.43202024698257446,0.4917450547218323,0.05118280649185181,-0.6624722480773926,0.43553781509399414,0.06467583775520325,-0.14001908898353577,0.40775781869888306,0.1509062498807907,-0.5208926200866699,0.3817000985145569,0.15395759046077728,-0.3687291145324707,0.7208331823348999,0.37879678606987,-0.7658238410949707,0.4303651452064514,0.41715875267982483,0.19524601101875305,0.858851432800293,0.8560420274734497,-0.8625470399856567,0.36374035477638245,0.808573305606842,0.4291117191314697,0.9416980743408203,1.2239429950714111,-0.9945756793022156,0.19505588710308075,1.0815465450286865,0.24772875010967255,0.9930980801582336,1.3124969005584717,-1.0746134519577026,0.14398743212223053,1.170394778251648,0.2492639124393463,0.9627562761306763,1.3125324249267578,-1.1375161409378052,0.11915583908557892,1.1606396436691284,0.123359814286232,0.9327136278152466,1.2783738374710083,-1.025382161140442,0.15214380621910095,1.1338870525360107,0.17775419354438782,0.6726948618888855,1.1995848417282104,-0.296614408493042,0.49260053038597107,1.1731451749801636,0.29858025908470154,0.5344326496124268,1.1769922971725464,-0.476540744304657,0.2902122735977173,1.2416975498199463,0.24876491725444794,0.5524306893348694,1.5870940685272217,0.09995152056217194,0.3136214315891266,1.4961005449295044,0.5113503932952881,0.5914234519004822,1.612280011177063,0.12215970456600189,0.3365659713745117,1.541908621788025,0.5479575395584106,0.44841018319129944,1.7446932792663574,-0.00031428184593096375,0.18521782755851746,1.651732087135315,0.4551687240600586,good
0.48937612771987915,0.041475601494312286,-0.6889401078224182,0.5330990552902222,-0.0067169698886573315,-0.6464208364486694,0.5590669512748718,-0.004366225562989712,-0.6463340520858765,0.5810281038284302,-8.583646558690816e-05,-0.646864652633667,0.46717944741249084,-0.005336507223546505,-0.6277861595153809,0.4509023129940033,-0.0025620225351303816,-0.6273695230484009,0.4351457953453064,0.0016751601360738277,-0.627720057964325,0.6123221516609192,0.04340311139822006,-0.4137270450592041,0.4378076195716858,0.0512845516204834,-0.2634263336658478,0.5399574041366577,0.10676822811365128,-0.598595380783081,0.4601629674434662,0.10456421226263046,-0.5602529048919678,0.7632957100868225,0.4254775941371918,-0.3200991749763489,0.32572615146636963,0.3989483118057251,-0.16393709182739258,0.8552165031433105,0.9113551378250122,-0.25737112760543823,0.25460636615753174,0.8395586609840393,-0.12259646505117416,0.9920646548271179,1.3069851398468018,-0.390849232673645,0.12673182785511017,1.1870999336242676,-0.5598262548446655,1.0525449514389038,1.4167569875717163,-0.45765194296836853,0.06918696314096451,1.2887595891952515,-0.6409228444099426,1.0047606229782104,1.4292007684707642,-0.5249797105789185,0.11102479696273804,1.2966744899749756,-0.749930202960968,0.9699827432632446,1.386497974395752,-0.42767295241355896,0.14402273297309875,1.2620065212249756,-0.6240674257278442,0.6700334548950195,1.2665213346481323,-0.1139623299241066,0.3707781732082367,1.2486356496810913,0.11780357360839844,0.6497787833213806,1.935454249382019,-0.001425254624336958,0.380513995885849,1.921557068824768,0.24463911354541779,0.634213387966156,2.5228676795959473,0.7254179120063782,0.3610265851020813,2.5048396587371826,0.7340837121009827,0.6432666778564453,2.614593982696533,0.7686620354652405,0.35424816608428955,2.5999903678894043,0.7715049386024475,0.5716450214385986,2.711127758026123,0.27806568145751953,0.38625213503837585,2.69404673576355,0.22293806076049805,good
0.5070849657058716,0.029462706297636032,-0.8925679922103882,0.5319934487342834,-0.02736453153192997,-0.818173885345459,0.548177182674408,-0.02300226129591465,-0.8182848691940308,0.563505232334137,-0.01739315316081047,-0.8185673952102661,0.4776619076728821,-0.0314665287733078,-0.848160445690155,0.4547722339630127,-0.030443767085671425,-0.8479683995246887,0.43157005310058594,-0.02805178239941597,-0.8485586047172546,0.5735729932785034,0.027501672506332397,-0.39387041330337524,0.3764047622680664,0.022153330966830254,-0.5228110551834106,0.5321479439735413,0.10455325245857239,-0.7377501726150513,0.466994047164917,0.09593487530946732,-0.7737511396408081,0.686527669429779,0.42415136098861694,-0.10553301870822906,0.22835668921470642,0.3977963328361511,-0.4649553894996643,0.825046718120575,0.8792457580566406,0.030303487554192543,0.214708611369133,0.8566238284111023,-0.5361644625663757,1.025072455406189,1.2311666011810303,-0.32840415835380554,0.18986035883426666,1.2794440984725952,-0.9883524179458618,1.1118550300598145,1.3353023529052734,-0.4089661240577698,0.15706636011600494,1.4143192768096924,-1.1146103143692017,1.0899021625518799,1.35353684425354,-0.5344399213790894,0.19908642768859863,1.4126256704330444,-1.231018304824829,1.0381495952606201,1.3233059644699097,-0.3993980586528778,0.22129258513450623,1.3650277853012085,-1.0519616603851318,0.6175019145011902,1.3528884649276733,0.04290762171149254,0.3022962212562561,1.3594624996185303,-0.038750190287828445,0.6183087825775146,2.1050162315368652,0.020053884014487267,0.32257646322250366,2.109715700149536,-0.1092398390173912,0.6240298748016357,2.813889265060425,0.638776421546936,0.33085718750953674,2.8231887817382812,0.25902819633483887,0.6249437928199768,2.921788454055786,0.6647018194198608,0.31353259086608887,2.943059206008911,0.27224743366241455,0.6207190752029419,3.0157339572906494,0.09401655197143555,0.4100421071052551,3.0008978843688965,-0.4049583375453949,good
0.37089914083480835,0.10725882649421692,-0.6603726148605347,0.3938521444797516,0.04748637601733208,-0.7198106050491333,0.4090593457221985,0.03982262313365936,-0.7201941609382629,0.42842286825180054,0.03277580812573433,-0.720744252204895,0.3585541844367981,0.06082627922296524,-0.604585587978363,0.3509728014469147,0.0628184899687767,-0.6045193672180176,0.34340786933898926,0.06433860957622528,-0.6051240563392639,0.5053899884223938,0.04279458522796631,-0.7797661423683167,0.3968295454978943,0.07748126238584518,-0.2350250482559204,0.4253082871437073,0.14976835250854492,-0.671230137348175,0.3852621614933014,0.16024455428123474,-0.5137561559677124,0.7392210960388184,0.39049074053764343,-0.8059065937995911,0.3902786076068878,0.4152820408344269,0.07940693944692612,0.8412885665893555,0.8754297494888306,-0.8089271783828735,0.3335713744163513,0.8300876617431641,0.34572991728782654,0.919068455696106,1.2530663013458252,-0.7764624953269958,0.16522763669490814,1.0617479085922241,0.05067130923271179,0.9575341939926147,1.3470333814620972,-0.860224723815918,0.08964575082063675,1.1633446216583252,0.03795536980032921,0.931869626045227,1.3747756481170654,-0.9058519601821899,0.08087046444416046,1.1549285650253296,-0.09641396254301071,0.9101478457450867,1.3346571922302246,-0.7943793535232544,0.11885245889425278,1.1144431829452515,-0.02676725760102272,0.6704622507095337,1.1891411542892456,-0.30318278074264526,0.42916160821914673,1.1611807346343994,0.30613580346107483,0.6261073350906372,1.8140389919281006,-0.32838010787963867,0.3836076855659485,1.7799229621887207,0.575789213180542,0.6283788084983826,2.4168496131896973,0.2929061949253082,0.3845069408416748,2.376115322113037,1.0750858783721924,0.6554204225540161,2.5204625129699707,0.32690292596817017,0.3922550082206726,2.4738852977752686,1.1135139465332031,0.5418696999549866,2.5564510822296143,-0.16524013876914978,0.34545275568962097,2.5401015281677246,0.6452693343162537,good
0.46718961000442505,0.04580609127879143,-0.8081592321395874,0.5026158094406128,-0.017771724611520767,-0.79324871301651,0.5314112901687622,-0.018801454454660416,-0.793122410774231,0.5591973662376404,-0.017975913360714912,-0.7936283349990845,0.4433576464653015,-0.007729159202426672,-0.7452879548072815,0.4262222647666931,-0.0014094262151047587,-0.7450850009918213,0.40787142515182495,0.005737846717238426,-0.7453538179397583,0.6018580198287964,0.026362892240285873,-0.6055840849876404,0.4102252423763275,0.05425279960036278,-0.3534221351146698,0.5176064968109131,0.11200987547636032,-0.7332716584205627,0.44825810194015503,0.11800535768270493,-0.6618591547012329,0.7667675018310547,0.41836029291152954,-0.533234715461731,0.35303083062171936,0.40280139446258545,-0.15729062259197235,0.869692325592041,0.9249570965766907,-0.5065511465072632,0.286959707736969,0.8198760747909546,0.01781214214861393,1.000792384147644,1.3215736150741577,-0.6181429624557495,0.14830870926380157,1.0880316495895386,-0.4018715023994446,1.0628329515457153,1.418452501296997,-0.6879614591598511,0.0762437954545021,1.178816318511963,-0.46181386709213257,1.0210764408111572,1.4424010515213013,-0.7578300833702087,0.0946778953075409,1.1764363050460815,-0.575835108757019,0.9831997752189636,1.4013093709945679,-0.6553375720977783,0.12742677330970764,1.1490063667297363,-0.470497190952301,0.6798748970031738,1.2319908142089844,-0.15274843573570251,0.40076565742492676,1.209131121635437,0.15646648406982422,0.652556300163269,1.8928277492523193,-0.019286859780550003,0.38029494881629944,1.870147466659546,0.37485548853874207,0.6298691034317017,2.4736599922180176,0.727162778377533,0.3604995608329773,2.448361873626709,0.9870486259460449,0.6408674120903015,2.5678839683532715,0.7711398601531982,0.35573646426200867,2.54183292388916,1.0337157249450684,0.5739525556564331,2.6442630290985107,0.2650088369846344,0.3723936975002289,2.63157320022583,0.4751746654510498,good
0.4900719225406647,0.024511780589818954,-1.0972578525543213,0.514570951461792,-0.03244835510849953,-1.0104728937149048,0.5308763384819031,-0.028998123481869698,-1.0108870267868042,0.5460385680198669,-0.02440296672284603,-1.011110544204712,0.4606929421424866,-0.033688005059957504,-1.0348296165466309,0.4389667510986328,-0.03128225356340408,-1.0348750352859497,0.41723284125328064,-0.027479110285639763,-1.0355889797210693,0.5530181527137756,0.02055024914443493,-0.5090282559394836,0.36634761095046997,0.02197957970201969,-0.6170876026153564,0.5173836350440979,0.09992202371358871,-0.912691593170166,0.4530754089355469,0.09356178343296051,-0.9429601430892944,0.6855887174606323,0.4317021369934082,-0.1652081161737442,0.22382529079914093,0.3825198709964752,-0.4287148416042328,0.8205859065055847,0.8856843709945679,-0.07582069933414459,0.16897529363632202,0.8174119591712952,-0.49774184823036194,0.9903346300125122,1.2191224098205566,-0.5555456280708313,0.11737434566020966,1.1638118028640747,-1.1375510692596436,1.0602445602416992,1.325467586517334,-0.6576339602470398,0.07304320484399796,1.304876685142517,-1.2981927394866943,1.0392365455627441,1.3295133113861084,-0.8000413179397583,0.10624369233846664,1.3012115955352783,-1.4122588634490967,0.9957093000411987,1.2927747964859009,-0.6353890299797058,0.13381323218345642,1.2577849626541138,-1.2083123922348022,0.6107648611068726,1.3104480504989624,0.025719622150063515,0.3044992983341217,1.3107247352600098,-0.022015687078237534,0.6425337195396423,1.9586338996887207,-0.251171350479126,0.3186802864074707,1.9770033359527588,-0.3276046812534332,0.6273797154426575,2.643878936767578,0.15238319337368011,0.31971922516822815,2.675774574279785,-0.0435904935002327,0.6197125911712646,2.7500202655792236,0.10940774530172348,0.30900508165359497,2.793299913406372,-0.043373651802539825,0.6124123334884644,2.84244966506958,-0.3301924169063568,0.3687545359134674,2.849283456802368,-0.7132259607315063,good
0.5210279226303101,-0.02521374821662903,-0.9155157804489136,0.513759970664978,-0.09424348175525665,-0.835347056388855,0.5208961963653564,-0.09031174331903458,-0.8353449106216431,0.5270609855651855,-0.08696290105581284,-0.8359664082527161,0.4724966883659363,-0.09435589611530304,-0.8993104696273804,0.44919663667678833,-0.09013380110263824,-0.8991020917892456,0.4208381772041321,-0.08480776846408844,-0.8997354507446289,0.4834114611148834,-0.03278123959898949,-0.3780352771282196,0.3400689959526062,-0.018088333308696747,-0.6477024555206299,0.5269206762313843,0.05530746281147003,-0.7443426251411438,0.4857228696346283,0.05471566691994667,-0.820225715637207,0.628248393535614,0.4061131775379181,-0.124294713139534,0.17234523594379425,0.3908652365207672,-0.6060148477554321,0.7963486313819885,0.8851524591445923,0.09012018889188766,0.1607496738433838,0.9353581666946411,-0.7039526700973511,1.041696310043335,1.2326693534851074,-0.1634901463985443,0.1481746882200241,1.4848309755325317,-1.179819941520691,1.1380946636199951,1.3323798179626465,-0.22754931449890137,0.11221810430288315,1.6392909288406372,-1.3082548379898071,1.1206204891204834,1.3568283319473267,-0.36656251549720764,0.15528267621994019,1.6403350830078125,-1.4484143257141113,1.0659514665603638,1.3347618579864502,-0.23894710838794708,0.17859888076782227,1.584256649017334,-1.251592755317688,0.604290783405304,1.4095429182052612,0.03262576833367348,0.2694551348686218,1.4420922994613647,-0.028703853487968445,0.6483667492866516,2.2367308139801025,0.10546346753835678,0.3330977261066437,2.2887799739837646,0.016145987436175346,0.6787610054016113,3.0019335746765137,0.8943067789077759,0.3743937313556671,3.0458309650421143,0.5380460023880005,0.6769591569900513,3.1160528659820557,0.9338345527648926,0.35835233330726624,3.164071798324585,0.5680628418922424,0.7137352228164673,3.2126803398132324,0.3362627625465393,0.4680367112159729,3.2475552558898926,-0.17080901563167572,good
0.5354101061820984,-0.007171654142439365,-0.7862117290496826,0.5307012796401978,-0.07663270831108093,-0.7174769639968872,0.538698136806488,-0.07374022901058197,-0.7172719240188599,0.5457714796066284,-0.07057927548885345,-0.7178577184677124,0.49105602502822876,-0.07423145323991776,-0.7681278586387634,0.4691210389137268,-0.07023535668849945,-0.7678330540657043,0.44372743368148804,-0.06563594937324524,-0.7684019804000854,0.5152605772018433,-0.02404331974685192,-0.33890610933303833,0.3644281327724457,-0.01110993605107069,-0.5584085583686829,0.5395264029502869,0.06663432717323303,-0.6474195122718811,0.49794501066207886,0.06911695748567581,-0.7082491517066956,0.6509381532669067,0.3968035578727722,-0.14856013655662537,0.1892281323671341,0.38296252489089966,-0.5457499027252197,0.8050824403762817,0.8876301646232605,0.009837542660534382,0.16979727149009705,0.8792092800140381,-0.6609407663345337,1.0315269231796265,1.2276203632354736,-0.22013595700263977,0.12110446393489838,1.3495233058929443,-1.079129695892334,1.123190999031067,1.3275634050369263,-0.2762449383735657,0.07770697772502899,1.4843544960021973,-1.1925022602081299,1.0996874570846558,1.3544085025787354,-0.4000076651573181,0.12169903516769409,1.4929677248001099,-1.3092339038848877,1.04804265499115,1.329460620880127,-0.2871781587600708,0.1467820256948471,1.4456045627593994,-1.1435518264770508,0.6132696866989136,1.3693395853042603,0.025308877229690552,0.2824711799621582,1.3850061893463135,-0.021579081192612648,0.6291127800941467,2.157919406890869,0.11076974868774414,0.31482750177383423,2.1836042404174805,-0.016211431473493576,0.6361708045005798,2.895331859588623,0.8094816207885742,0.3256036639213562,2.91025710105896,0.4348929524421692,0.6312848329544067,3.0065581798553467,0.8437622785568237,0.3094158470630646,3.024186611175537,0.4570096433162689,0.6575219631195068,3.0922467708587646,0.29658573865890503,0.3954266309738159,3.098975419998169,-0.2482949197292328,good
0.40456146001815796,0.04598487541079521,-0.9144323468208313,0.45476341247558594,-0.027372123673558235,-0.8876959085464478,0.4835072159767151,-0.02801179699599743,-0.8876191973686218,0.509058952331543,-0.026424700394272804,-0.8881036043167114,0.38471075892448425,-0.020577412098646164,-0.8506364822387695,0.36585181951522827,-0.01729687489569187,-0.8504081964492798,0.3473692536354065,-0.013176513835787773,-0.8508955240249634,0.5673360228538513,0.01682956889271736,-0.6059952974319458,0.3579670786857605,0.028553735464811325,-0.4076269567012787,0.4641629755496979,0.11386074870824814,-0.8055709004402161,0.38324102759361267,0.12204314023256302,-0.7515661120414734,0.7389973998069763,0.44041362404823303,-0.4388015866279602,0.26346108317375183,0.39882585406303406,-0.26535215973854065,0.8558017015457153,0.9247831106185913,-0.321567177772522,0.202762171626091,0.8557051420211792,-0.3164226710796356,1.014400601387024,1.313124418258667,-0.4769507348537445,0.12783832848072052,1.2489101886749268,-0.9167451858520508,1.0794222354888916,1.4249874353408813,-0.5383127927780151,0.06804874539375305,1.3737387657165527,-1.039768934249878,1.035723090171814,1.4375934600830078,-0.6306067109107971,0.1316222846508026,1.3897477388381958,-1.1377880573272705,0.9977772831916809,1.3926758766174316,-0.5265508890151978,0.1609797179698944,1.3435332775115967,-0.9823627471923828,0.6735576391220093,1.4085372686386108,-0.08608917891979218,0.3314749002456665,1.3906667232513428,0.09027009457349777,0.6620669364929199,2.191885471343994,0.044471822679042816,0.3453419804573059,2.1654717922210693,0.17665231227874756,0.6716405749320984,2.9031708240509033,0.8355487585067749,0.3756478428840637,2.876748561859131,0.7215731143951416,0.6860479116439819,3.01700758934021,0.8814157247543335,0.3741752803325653,2.9857418537139893,0.7586559057235718,0.6214158535003662,3.108271598815918,0.2680886387825012,0.42314332723617554,3.090195655822754,0.06489286571741104,good
0.5284814238548279,0.35263264179229736,-1.0118435621261597,0.5526585578918457,0.2922527492046356,-0.9274376034736633,0.5660845041275024,0.2967923879623413,-0.9273829460144043,0.5795999765396118,0.30101826786994934,-0.927501380443573,0.5055114030838013,0.2822304666042328,-0.9439050555229187,0.48556452989578247,0.2806333303451538,-0.9432964324951172,0.4672064781188965,0.279308021068573,-0.9435550570487976,0.5889790058135986,0.3348875045776367,-0.457335889339447,0.4222758412361145,0.3137977719306946,-0.5359634160995483,0.5462237000465393,0.4231540262699127,-0.8471146821975708,0.48594164848327637,0.4157957434654236,-0.8688936233520508,0.6931502819061279,0.6997038722038269,-0.26193422079086304,0.2681146562099457,0.6255348920822144,-0.4103570878505707,0.7917369604110718,1.0615609884262085,-0.3199760317802429,0.02574964426457882,0.9367287158966064,-0.8127964735031128,0.8277994990348816,1.4838944673538208,-0.7872219085693359,-0.13520728051662445,0.9833383560180664,-1.6710799932479858,0.849885106086731,1.6037265062332153,-0.9040279388427734,-0.19250325858592987,1.0132067203521729,-1.851326584815979,0.8109837770462036,1.5893287658691406,-0.9859903454780579,-0.15517738461494446,0.9952408671379089,-1.9407161474227905,0.7904311418533325,1.5545909404754639,-0.8447751998901367,-0.12880882620811462,0.9963240027427673,-1.7415077686309814,0.6115218997001648,1.494769811630249,-0.0008581123547628522,0.30746087431907654,1.4935275316238403,0.005468113347887993,0.5920268297195435,2.1581807136535645,0.03021218255162239,0.31062400341033936,2.1665327548980713,-0.028384262695908546,0.5849430561065674,2.749447822570801,0.6517921090126038,0.3125177323818207,2.748504638671875,0.35937732458114624,0.591131329536438,2.84091854095459,0.6759338974952698,0.30308830738067627,2.8299355506896973,0.37535780668258667,0.5433595776557922,2.9270129203796387,0.061880338937044144,0.3507313132286072,2.9323461055755615,-0.3404645621776581,good
0.4880806803703308,0.3348110318183899,-0.9400456547737122,0.49537229537963867,0.27476486563682556,-0.8484174013137817,0.5049248933792114,0.2779539227485657,-0.848555862903595,0.513177216053009,0.2804925739765167,-0.8488235473632812,0.45270857214927673,0.26456114649772644,-0.9262978434562683,0.4326883852481842,0.2617736756801605,-0.9260727763175964,0.40792107582092285,0.2602313458919525,-0.926681637763977,0.49129152297973633,0.3089215159416199,-0.3599710762500763,0.34282365441322327,0.2890191376209259,-0.6977415680885315,0.49199676513671875,0.4049443304538727,-0.7577242255210876,0.445168673992157,0.3959861993789673,-0.8553282022476196,0.6002252697944641,0.6896303296089172,-0.03461569920182228,0.1556510031223297,0.6681787967681885,-0.6516870260238647,0.7011399269104004,1.0583287477493286,0.10742349922657013,0.09527869522571564,1.126662015914917,-0.7753828167915344,0.809613049030304,1.4550846815109253,-0.24253928661346436,0.09199662506580353,1.556247353553772,-1.2528269290924072,0.8702055811882019,1.5583442449569702,-0.3211491107940674,0.06502439081668854,1.6815779209136963,-1.4032148122787476,0.8456560373306274,1.5767788887023926,-0.4212702810764313,0.11302341520786285,1.6882284879684448,-1.4925503730773926,0.807756781578064,1.5474835634231567,-0.2855132222175598,0.12886033952236176,1.6393476724624634,-1.3048677444458008,0.5349275469779968,1.553215503692627,0.09992539137601852,0.23541328310966492,1.5726354122161865,-0.09517733752727509,0.5319817662239075,2.26417875289917,0.05903523042798042,0.25013232231140137,2.2943613529205322,-0.19775782525539398,0.5361247658729553,2.9231812953948975,0.6583315134048462,0.2554054260253906,2.9365932941436768,0.1937195360660553,0.5274168252944946,3.030153751373291,0.6786574721336365,0.22972838580608368,3.0457780361175537,0.2040058821439743,0.5785525441169739,3.101905584335327,0.09965956211090088,0.35668468475341797,3.107351779937744,-0.4891416132450104,good
0.47799938917160034,0.3436972498893738,-1.0611591339111328,0.5044000148773193,0.2851470708847046,-0.9883367419242859,0.5207041501998901,0.2897985875606537,-0.9886668920516968,0.5360044836997986,0.2941421866416931,-0.9887970089912415,0.458508163690567,0.27771857380867004,-0.9986101984977722,0.4394839406013489,0.27779483795166016,-0.9982386827468872,0.4213855266571045,0.2779756486415863,-0.9987204670906067,0.5561981797218323,0.33124321699142456,-0.5336662530899048,0.383573979139328,0.3126765787601471,-0.5645962953567505,0.5003540515899658,0.41815707087516785,-0.8926803469657898,0.4407188892364502,0.4091178774833679,-0.9019765853881836,0.6751333475112915,0.7046688199043274,-0.24622714519500732,0.23642507195472717,0.6639221906661987,-0.3938222825527191,0.7556218504905701,1.0834885835647583,-0.19636496901512146,0.20074374973773956,1.0635836124420166,-0.4310740828514099,0.7922366261482239,1.471295714378357,-0.6593721508979797,0.181433767080307,1.469161868095398,-1.016549825668335,0.8209733963012695,1.5835051536560059,-0.7950524091720581,0.15137238800525665,1.5792045593261719,-1.1951507329940796,0.78147292137146,1.577344298362732,-0.8882274627685547,0.1969037801027298,1.5782489776611328,-1.3164887428283691,0.7579949498176575,1.5329636335372925,-0.7205415964126587,0.2180672585964203,1.5345648527145386,-1.089869499206543,0.6061751842498779,1.5402042865753174,-0.03424876555800438,0.3091912567615509,1.5386461019515991,0.03901415690779686,0.5894415974617004,2.213996648788452,-0.009735876694321632,0.3104533851146698,2.2117958068847656,0.09589509665966034,0.5817705392837524,2.8180558681488037,0.6742899417877197,0.3162786364555359,2.8000993728637695,0.6072522401809692,0.5866858959197998,2.9139883518218994,0.7092838287353516,0.3120065927505493,2.893329381942749,0.6399291157722473,0.5311780571937561,3.002406358718872,0.11620769649744034,0.35142776370048523,2.97975492477417,-0.03208526223897934,good
